-- phpMyAdmin SQL Dump
-- version 5.2.1
-- https://www.phpmyadmin.net/
--
-- Host: 127.0.0.1:3306
-- Generation Time: Jan 11, 2026 at 03:33 AM
-- Server version: 9.1.0
-- PHP Version: 8.3.14

SET SQL_MODE = "NO_AUTO_VALUE_ON_ZERO";
START TRANSACTION;
SET time_zone = "+00:00";


/*!40101 SET @OLD_CHARACTER_SET_CLIENT=@@CHARACTER_SET_CLIENT */;
/*!40101 SET @OLD_CHARACTER_SET_RESULTS=@@CHARACTER_SET_RESULTS */;
/*!40101 SET @OLD_COLLATION_CONNECTION=@@COLLATION_CONNECTION */;
/*!40101 SET NAMES utf8mb4 */;

--
-- Database: `sir2`
--

-- --------------------------------------------------------

--
-- Table structure for table `aforos`
--

DROP TABLE IF EXISTS `aforos`;
CREATE TABLE IF NOT EXISTS `aforos` (
  `Id_Aforo` bigint UNSIGNED NOT NULL AUTO_INCREMENT,
  `Id_Tour` bigint UNSIGNED DEFAULT NULL,
  `Cupo` int DEFAULT NULL,
  `Fecha_Aforo` date DEFAULT NULL,
  PRIMARY KEY (`Id_Aforo`),
  KEY `Id_Tour` (`Id_Tour`)
) ENGINE=InnoDB DEFAULT CHARSET=utf8mb4 COLLATE=utf8mb4_unicode_ci;

-- --------------------------------------------------------

--
-- Table structure for table `asignacion_buses`
--

DROP TABLE IF EXISTS `asignacion_buses`;
CREATE TABLE IF NOT EXISTS `asignacion_buses` (
  `Id_Asignacion` bigint UNSIGNED NOT NULL AUTO_INCREMENT,
  `Placa_Bus` varchar(20) CHARACTER SET utf8mb4 COLLATE utf8mb4_unicode_ci DEFAULT NULL,
  `Capacidad` int DEFAULT '0',
  `Cantidad_Pasajeros` int DEFAULT '0',
  `Guia` varchar(255) CHARACTER SET utf8mb4 COLLATE utf8mb4_unicode_ci DEFAULT NULL,
  `Id_Tour` bigint UNSIGNED DEFAULT NULL,
  `Fecha_Creacion` datetime DEFAULT CURRENT_TIMESTAMP,
  PRIMARY KEY (`Id_Asignacion`),
  KEY `Id_Tour` (`Id_Tour`)
) ENGINE=InnoDB DEFAULT CHARSET=utf8mb4 COLLATE=utf8mb4_unicode_ci;

-- --------------------------------------------------------

--
-- Table structure for table `canales_reservas`
--

DROP TABLE IF EXISTS `canales_reservas`;
CREATE TABLE IF NOT EXISTS `canales_reservas` (
  `Id_Canal` bigint UNSIGNED NOT NULL AUTO_INCREMENT,
  `Nombre_Canal` varchar(100) CHARACTER SET utf8mb4 COLLATE utf8mb4_unicode_ci NOT NULL,
  PRIMARY KEY (`Id_Canal`)
) ENGINE=InnoDB AUTO_INCREMENT=12 DEFAULT CHARSET=utf8mb4 COLLATE=utf8mb4_unicode_ci;

--
-- Dumping data for table `canales_reservas`
--

INSERT INTO `canales_reservas` (`Id_Canal`, `Nombre_Canal`) VALUES
(1, 'HOTEL'),
(2, 'AGENCIA NACIONAL'),
(3, 'AGENCIA INTERNACIONAL'),
(4, 'FREELANCE'),
(5, 'VIATOR'),
(6, 'ELLOS'),
(7, 'WEB'),
(8, 'IG'),
(9, 'META'),
(10, 'MAXI');

-- --------------------------------------------------------

--
-- Table structure for table `detalle_historial`
--

DROP TABLE IF EXISTS `detalle_historial`;
CREATE TABLE IF NOT EXISTS `detalle_historial` (
  `Id_Detalle` bigint UNSIGNED NOT NULL AUTO_INCREMENT,
  `Id_Historial` bigint UNSIGNED NOT NULL,
  `Columna` varchar(255) CHARACTER SET utf8mb4 COLLATE utf8mb4_unicode_ci DEFAULT NULL,
  `Valor_Anterior` text CHARACTER SET utf8mb4 COLLATE utf8mb4_unicode_ci,
  `Valor_Nuevo` text CHARACTER SET utf8mb4 COLLATE utf8mb4_unicode_ci,
  PRIMARY KEY (`Id_Detalle`),
  KEY `Id_Historial` (`Id_Historial`)
) ENGINE=InnoDB DEFAULT CHARSET=utf8mb4 COLLATE=utf8mb4_unicode_ci;

-- --------------------------------------------------------

--
-- Table structure for table `historial`
--

DROP TABLE IF EXISTS `historial`;
CREATE TABLE IF NOT EXISTS `historial` (
  `Id_Historial` bigint UNSIGNED NOT NULL AUTO_INCREMENT,
  `Tabla` varchar(100) CHARACTER SET utf8mb4 COLLATE utf8mb4_unicode_ci NOT NULL,
  `Id_Registro` bigint DEFAULT NULL,
  `Accion` varchar(50) CHARACTER SET utf8mb4 COLLATE utf8mb4_unicode_ci NOT NULL,
  `Id_Usuario` bigint UNSIGNED DEFAULT NULL,
  `Fecha_Hora_Registro` datetime DEFAULT CURRENT_TIMESTAMP,
  PRIMARY KEY (`Id_Historial`),
  KEY `Id_Usuario` (`Id_Usuario`)
) ENGINE=InnoDB DEFAULT CHARSET=utf8mb4 COLLATE=utf8mb4_unicode_ci;

-- --------------------------------------------------------

--
-- Table structure for table `horarios`
--

DROP TABLE IF EXISTS `horarios`;
CREATE TABLE IF NOT EXISTS `horarios` (
  `Id_Horario` bigint UNSIGNED NOT NULL AUTO_INCREMENT,
  `Id_Punto` bigint UNSIGNED DEFAULT NULL,
  `Id_Tour` bigint UNSIGNED DEFAULT NULL,
  `Hora_Salida` varchar(20) CHARACTER SET utf8mb4 COLLATE utf8mb4_unicode_ci DEFAULT NULL,
  PRIMARY KEY (`Id_Horario`),
  KEY `Id_Punto` (`Id_Punto`),
  KEY `Id_Tour` (`Id_Tour`)
) ENGINE=InnoDB AUTO_INCREMENT=8926 DEFAULT CHARSET=utf8mb4 COLLATE=utf8mb4_unicode_ci;

--
-- Dumping data for table `horarios`
--

INSERT INTO `horarios` (`Id_Horario`, `Id_Punto`, `Id_Tour`, `Hora_Salida`) VALUES
(1, 397, 1, '4:00 - 4:10 AM'),
(2, 397, 2, '7:00 - 7:10 AM'),
(3, 397, 3, '8:00 - 8:10 AM'),
(4, 397, 4, '7:00 - 7:10 AM'),
(5, 397, 5, '4:00 - 4:10 AM'),
(6, 397, 6, '7:00 - 7:10 AM'),
(7, 397, 7, 'Pendiente'),
(8, 397, 8, '8:00 - 8:10 AM'),
(9, 397, 9, 'Pendiente'),
(10, 398, 1, '4:20 - 4:30 AM'),
(11, 398, 2, '7:20 - 7:30 AM'),
(12, 398, 3, ' 8:20 - 8:30 AM'),
(13, 398, 4, '7:20 - 7:30 AM'),
(14, 398, 5, '4:20 - 4:30 AM'),
(15, 398, 6, '7:20 - 7:30 AM'),
(16, 398, 7, 'Pendiente'),
(17, 398, 8, ' 8:20 - 8:30 AM'),
(18, 398, 9, 'Pendiente'),
(19, 88, 1, '4:10 - 4:20 AM'),
(20, 88, 2, '7:10 - 7:20 AM'),
(21, 88, 3, ' 8:10 - 8:20 AM'),
(22, 88, 4, '7:10 - 7:20 AM'),
(23, 88, 5, '4:10 - 4:20 AM'),
(24, 88, 6, '7:10 - 7:20 AM'),
(25, 88, 7, 'Pendiente'),
(26, 88, 8, ' 8:10 - 8:20 AM'),
(27, 88, 9, 'Pendiente'),
(28, 495, 1, '4:40 - 4:50 AM'),
(29, 495, 2, '7:40 - 7:50 AM'),
(30, 495, 3, '8:40 - 8:50 AM '),
(31, 495, 4, '7:40 - 7:50 AM'),
(32, 495, 5, '4:40 - 4:50 AM'),
(33, 495, 6, '7:40 - 7:50 AM'),
(34, 495, 7, 'Pendiente'),
(35, 495, 8, '8:40 - 8:50 AM '),
(36, 495, 9, 'Pendiente'),
(37, 232, 1, '4:00 - 4:10 AM'),
(38, 232, 2, '7:00 - 7:10 AM'),
(39, 232, 3, '8:00 - 8:10 AM'),
(40, 232, 4, '7:00 - 7:10 AM'),
(41, 232, 5, '4:00 - 4:10 AM'),
(42, 232, 6, '7:00 - 7:10 AM'),
(43, 232, 7, 'Pendiente'),
(44, 232, 8, '8:00 - 8:10 AM'),
(45, 232, 9, 'Pendiente'),
(46, 399, 1, 'ESTACION FLORESTA'),
(47, 399, 2, 'ESTACION FLORESTA'),
(48, 399, 3, 'ESTACION FLORESTA'),
(49, 399, 4, 'ESTACION FLORESTA'),
(50, 399, 5, 'ESTACION FLORESTA'),
(51, 399, 6, 'ESTACION FLORESTA'),
(52, 399, 7, 'Pendiente'),
(53, 399, 8, 'ESTACION FLORESTA'),
(54, 399, 9, 'Pendiente'),
(55, 496, 1, '4:40 - 4:50 AM'),
(56, 496, 2, '7:40 - 7:50 AM'),
(57, 496, 3, '8:40 - 8:50 AM '),
(58, 496, 4, '7:40 - 7:50 AM'),
(59, 496, 5, '4:40 - 4:50 AM'),
(60, 496, 6, '7:40 - 7:50 AM'),
(61, 496, 7, 'Pendiente'),
(62, 496, 8, '8:40 - 8:50 AM '),
(63, 496, 9, 'Pendiente'),
(64, 497, 1, '4:40 - 4:50 AM'),
(65, 497, 2, '7:40 - 7:50 AM'),
(66, 497, 3, '8:40 - 8:50 AM '),
(67, 497, 4, '7:40 - 7:50 AM'),
(68, 497, 5, '4:40 - 4:50 AM'),
(69, 497, 6, '7:40 - 7:50 AM'),
(70, 497, 7, '5:40 - 5:50 PM'),
(71, 497, 8, '8:40 - 8:50 AM '),
(72, 497, 9, '9:00 AM'),
(73, 498, 1, '4:40 - 4:50 AM'),
(74, 498, 2, '7:40 - 7:50 AM'),
(75, 498, 3, '8:40 - 8:50 AM '),
(76, 498, 4, '7:40 - 7:50 AM'),
(77, 498, 5, '4:40 - 4:50 AM'),
(78, 498, 6, '7:40 - 7:50 AM'),
(79, 498, 7, 'Pendiente'),
(80, 498, 8, '8:40 - 8:50 AM '),
(81, 498, 9, 'Pendiente'),
(82, 49, 1, '4:00 - 4:10 AM'),
(83, 49, 2, '7:00 - 7:10 AM'),
(84, 49, 3, '8:00 - 8:10 AM'),
(85, 49, 4, '7:00 - 7:10 AM'),
(86, 49, 5, '4:00 - 4:10 AM'),
(87, 49, 6, '7:00 - 7:10 AM'),
(88, 49, 7, 'Pendiente'),
(89, 49, 8, '8:00 - 8:10 AM'),
(90, 49, 9, 'Pendiente'),
(91, 539, 1, '4:40 - 4:50 AM'),
(92, 539, 2, '7:40 - 7:50 AM'),
(93, 539, 3, '8:40 - 8:50 AM '),
(94, 539, 4, '7:40 - 7:50 AM'),
(95, 539, 5, '4:40 - 4:50 AM'),
(96, 539, 6, '7:40 - 7:50 AM'),
(97, 539, 7, 'PENDIENTE'),
(98, 539, 8, '8:40 - 8:50 AM '),
(99, 539, 9, 'PENDIENTE'),
(100, 499, 1, '4:40 - 4:50 AM'),
(101, 499, 2, '7:40 - 7:50 AM'),
(102, 499, 3, '8:40 - 8:50 AM '),
(103, 499, 4, '7:40 - 7:50 AM'),
(104, 499, 5, '4:40 - 4:50 AM'),
(105, 499, 6, '7:40 - 7:50 AM'),
(106, 499, 7, 'Pendiente'),
(107, 499, 8, '8:40 - 8:50 AM '),
(108, 499, 9, 'Pendiente'),
(109, 500, 1, '4:40 - 4:50 AM'),
(110, 500, 2, '7:40 - 7:50 AM'),
(111, 500, 3, '8:40 - 8:50 AM '),
(112, 500, 4, '7:40 - 7:50 AM'),
(113, 500, 5, '4:40 - 4:50 AM'),
(114, 500, 6, '7:40 - 7:50 AM'),
(115, 500, 7, '5:40 - 5:50 PM'),
(116, 500, 8, '8:40 - 8:50 AM '),
(117, 500, 9, 'PENDIENTE'),
(118, 400, 1, '4:20 - 4:30 AM'),
(119, 400, 2, '7:20 - 7:30 AM'),
(120, 400, 3, ' 8:20 - 8:30 AM'),
(121, 400, 4, '7:20 - 7:30 AM'),
(122, 400, 5, '4:20 - 4:30 AM'),
(123, 400, 6, '7:20 - 7:30 AM'),
(124, 400, 7, 'Pendiente'),
(125, 400, 8, ' 8:20 - 8:30 AM'),
(126, 400, 9, 'Pendiente'),
(127, 90, 1, '4:20 - 4:30 AM'),
(128, 90, 2, '7:20 - 7:30 AM'),
(129, 90, 3, ' 8:20 - 8:30 AM'),
(130, 90, 4, '7:20 - 7:30 AM'),
(131, 90, 5, '4:20 - 4:30 AM'),
(132, 90, 6, '7:20 - 7:30 AM'),
(133, 90, 7, 'Pendiente'),
(134, 90, 8, ' 8:20 - 8:30 AM'),
(135, 90, 9, 'Pendiente'),
(136, 540, 1, '4:50 - 5:00 AM'),
(137, 540, 2, '7:50 - 8:00AM'),
(138, 540, 3, '8:50 - 9:00 AM'),
(139, 540, 4, '7:50 - 8:00AM'),
(140, 540, 5, '4:50 - 5:00 AM'),
(141, 540, 6, '7:50 - 8:00AM'),
(142, 540, 7, 'Pendiente'),
(143, 540, 8, '8:50 - 9:00 AM'),
(144, 540, 9, 'Pendiente'),
(145, 233, 1, '4:00 - 4:10 AM'),
(146, 233, 2, '7:00 - 7:10 AM'),
(147, 233, 3, '8:00 - 8:10 AM'),
(148, 233, 4, '7:00 - 7:10 AM'),
(149, 233, 5, '4:00 - 4:10 AM'),
(150, 233, 6, '7:00 - 7:10 AM'),
(151, 233, 7, 'Pendiente'),
(152, 233, 8, '8:00 - 8:10 AM'),
(153, 233, 9, 'Pendiente'),
(154, 501, 1, '4:50 - 5:00 AM'),
(155, 501, 2, '7:50 - 8:00AM'),
(156, 501, 3, '8:50 - 9:00 AM'),
(157, 501, 4, '7:50 - 8:00AM'),
(158, 501, 5, '4:50 - 5:00 AM'),
(159, 501, 6, '7:50 - 8:00AM'),
(160, 501, 7, 'Pendiente'),
(161, 501, 8, '8:50 - 9:00 AM'),
(162, 501, 9, 'Pendiente'),
(163, 91, 1, '4:20 - 4:30 AM'),
(164, 91, 2, '7:20 - 7:30 AM'),
(165, 91, 3, ' 8:20 - 8:30 AM'),
(166, 91, 4, '7:20 - 7:30 AM'),
(167, 91, 5, '4:20 - 4:30 AM'),
(168, 91, 6, '7:20 - 7:30 AM'),
(169, 91, 7, 'Pendiente'),
(170, 91, 8, ' 8:20 - 8:30 AM'),
(171, 91, 9, 'Pendiente'),
(172, 401, 1, '4:50 - 5:00 AM'),
(173, 401, 2, '7:50 - 8:00AM'),
(174, 401, 3, '8:50 - 9:00 AM '),
(175, 401, 4, '7:50 - 8:00AM'),
(176, 401, 5, '4:50 - 5:00 AM'),
(177, 401, 6, '7:50 - 8:00AM'),
(178, 401, 7, 'Pendiente'),
(179, 401, 8, '8:50 - 9:00 AM '),
(180, 401, 9, 'Pendiente'),
(181, 542, 1, '4:40 - 4:50 AM'),
(182, 542, 2, '7:40 - 7:50AM'),
(183, 542, 3, '8:40 - 8:50 AM '),
(184, 542, 4, '7:40 - 7:50AM'),
(185, 542, 5, '4:40 - 4:50 AM'),
(186, 542, 6, '7:40 - 7:50AM'),
(187, 542, 7, 'PENDIENTE'),
(188, 542, 8, '8:40 - 8:50 AM '),
(189, 542, 9, 'PENDIENTE'),
(190, 92, 1, '4:30 - 4:40 AM'),
(191, 92, 2, '7:30 - 7:40 AM'),
(192, 92, 3, '8:30 - 8:40 AM'),
(193, 92, 4, '7:30 - 7:40 AM'),
(194, 92, 5, '4:30 - 4:40 AM'),
(195, 92, 6, '7:30 - 7:40 AM'),
(196, 92, 7, 'Pendiente'),
(197, 92, 8, '8:30 - 8:40 AM'),
(198, 92, 9, 'Pendiente'),
(199, 402, 1, '4:30 - 4:40 AM'),
(200, 402, 2, '7:30 - 7:40 AM'),
(201, 402, 3, '8:30 - 8:40 AM'),
(202, 402, 4, '7:30 - 7:40 AM'),
(203, 402, 5, '4:30 - 4:40 AM'),
(204, 402, 6, '7:30 - 7:40 AM'),
(205, 402, 7, 'Pendiente'),
(206, 402, 8, '8:30 - 8:40 AM'),
(207, 402, 9, 'Pendiente'),
(208, 403, 1, '4:20 - 4:30 AM'),
(209, 403, 2, '7:20 - 7:30 AM'),
(210, 403, 3, '8:20 - 8:30 AM'),
(211, 403, 4, '7:20 - 7:30 AM'),
(212, 403, 5, '4:20 - 4:30 AM'),
(213, 403, 6, '7:20 - 7:30 AM'),
(214, 403, 7, 'Pendiente'),
(215, 403, 8, '8:20 - 8:30 AM'),
(216, 403, 9, 'Pendiente'),
(217, 543, 1, 'LLEGA AL 47 STREET'),
(218, 543, 2, 'LLEGA AL 47 STREET'),
(219, 543, 3, 'LLEGA AL 47 STREET'),
(220, 543, 4, 'LLEGA AL 47 STREET'),
(221, 543, 5, 'LLEGA AL 47 STREET'),
(222, 543, 6, 'LLEGA AL 47 STREET'),
(223, 543, 7, 'Pendiente'),
(224, 543, 8, 'LLEGA AL 47 STREET'),
(225, 543, 9, 'Pendiente'),
(226, 404, 1, '4:20 - 4:30 AM'),
(227, 404, 2, '7:20 - 7:30 AM'),
(228, 404, 3, '8:20 - 8:30 AM'),
(229, 404, 4, '7:20 - 7:30 AM'),
(230, 404, 5, '4:20 - 4:30 AM'),
(231, 404, 6, '7:20 - 7:30 AM'),
(232, 404, 7, 'Pendiente'),
(233, 404, 8, '8:20 - 8:30 AM'),
(234, 404, 9, 'Pendiente'),
(235, 93, 1, '4:10 - 4:20 AM'),
(236, 93, 2, '7:10 - 7:20 AM'),
(237, 93, 3, '8:10 - 8:20 AM'),
(238, 93, 4, '7:10 - 7:20 AM'),
(239, 93, 5, '4:10 - 4:20 AM'),
(240, 93, 6, '7:10 - 7:20 AM'),
(241, 93, 7, 'Pendiente'),
(242, 93, 8, '8:10 - 8:20 AM'),
(243, 93, 9, 'Pendiente'),
(244, 94, 1, '4:20 - 4:30 AM '),
(245, 94, 2, '7:20 - 7:30 AM'),
(246, 94, 3, '8:20 - 8:30 AM'),
(247, 94, 4, '7:20 - 7:30 AM'),
(248, 94, 5, '4:20 - 4:30 AM '),
(249, 94, 6, '7:20 - 7:30 AM'),
(250, 94, 7, 'Pendiente'),
(251, 94, 8, '8:20 - 8:30 AM'),
(252, 94, 9, 'Pendiente'),
(253, 67, 1, '4:00 - 4:10 AM'),
(254, 67, 2, '7:00 - 7:10 AM'),
(255, 67, 3, '8:00 - 8:10 AM'),
(256, 67, 4, '7:00 - 7:10 AM'),
(257, 67, 5, '4:00 - 4:10 AM'),
(258, 67, 6, '7:00 - 7:10 AM'),
(259, 67, 7, 'Pendiente'),
(260, 67, 8, '8:00 - 8:10 AM'),
(261, 67, 9, 'Pendiente'),
(262, 95, 1, '4:30 - 4:40 AM'),
(263, 95, 2, '7:30 - 7:40 AM'),
(264, 95, 3, '8:30 - 8:40 AM'),
(265, 95, 4, '7:30 - 7:40 AM'),
(266, 95, 5, '4:30 - 4:40 AM'),
(267, 95, 6, '7:30 - 7:40 AM'),
(268, 95, 7, '5:20 - 5:30 PM'),
(269, 95, 8, '8:30 - 8:40 AM'),
(270, 95, 9, 'PENDIENTE'),
(271, 96, 1, '4:20 - 4:30 AM'),
(272, 96, 2, '7:20 - 7:30 AM'),
(273, 96, 3, ' 8:20 - 8:30 AM'),
(274, 96, 4, '7:20 - 7:30 AM'),
(275, 96, 5, '4:20 - 4:30 AM'),
(276, 96, 6, '7:20 - 7:30 AM'),
(277, 96, 7, 'Pendiente'),
(278, 96, 8, ' 8:20 - 8:30 AM'),
(279, 96, 9, 'Pendiente'),
(280, 97, 1, '4:20 - 4:30 AM'),
(281, 97, 2, '7:20 - 7:30 AM'),
(282, 97, 3, ' 8:20 - 8:30 AM'),
(283, 97, 4, '7:20 - 7:30 AM'),
(284, 97, 5, '4:20 - 4:30 AM'),
(285, 97, 6, '7:20 - 7:30 AM'),
(286, 97, 7, 'Pendiente'),
(287, 97, 8, ' 8:20 - 8:30 AM'),
(288, 97, 9, 'Pendiente'),
(289, 502, 1, '4:40 - 4:50 AM'),
(290, 502, 2, '7:40 - 7:50AM'),
(291, 502, 3, '8:40 - 8:50 AM '),
(292, 502, 4, '7:40 - 7:50AM'),
(293, 502, 5, '4:40 - 4:50 AM'),
(294, 502, 6, '7:40 - 7:50AM'),
(295, 502, 7, 'Pendiente'),
(296, 502, 8, '8:40 - 8:50 AM '),
(297, 502, 9, 'Pendiente'),
(298, 50, 1, '4:00 - 4:10 AM'),
(299, 50, 2, '7:00 - 7:10 AM'),
(300, 50, 3, '8:00 - 8:10 AM'),
(301, 50, 4, '7:00 - 7:10 AM'),
(302, 50, 5, '4:00 - 4:10 AM'),
(303, 50, 6, '7:00 - 7:10 AM'),
(304, 50, 7, 'Pendiente'),
(305, 50, 8, '8:00 - 8:10 AM'),
(306, 50, 9, 'Pendiente'),
(307, 98, 1, '4:30 - 4:40 AM'),
(308, 98, 2, '7:30 - 7:40 AM'),
(309, 98, 3, '8:30 - 8:40 AM'),
(310, 98, 4, '7:30 - 7:40 AM'),
(311, 98, 5, '4:30 - 4:40 AM'),
(312, 98, 6, '7:30 - 7:40 AM'),
(313, 98, 7, 'Pendiente'),
(314, 98, 8, '8:30 - 8:40 AM'),
(315, 98, 9, 'Pendiente'),
(316, 51, 1, '4:00 - 4:10 AM'),
(317, 51, 2, '7:00 - 7:10 AM'),
(318, 51, 3, '8:00 - 8:10 AM'),
(319, 51, 4, '7:00 - 7:10 AM'),
(320, 51, 5, '4:00 - 4:10 AM'),
(321, 51, 6, '7:00 - 7:10 AM'),
(322, 51, 7, 'Pendiente'),
(323, 51, 8, '8:00 - 8:10 AM'),
(324, 51, 9, 'Pendiente'),
(325, 99, 1, '4:10 - 4:20 AM'),
(326, 99, 2, '7:10 - 7:20 AM'),
(327, 99, 3, ' 8:10 - 8:20 AM'),
(328, 99, 4, '7:10 - 7:20 AM'),
(329, 99, 5, '4:10 - 4:20 AM'),
(330, 99, 6, '7:10 - 7:20 AM'),
(331, 99, 7, 'Pendiente'),
(332, 99, 8, ' 8:10 - 8:20 AM'),
(333, 99, 9, 'Pendiente'),
(334, 234, 1, '4:00 - 4:10 AM'),
(335, 234, 2, '7:00 - 7:10 AM'),
(336, 234, 3, '8:00 - 8:10 AM'),
(337, 234, 4, '7:00 - 7:10 AM'),
(338, 234, 5, '4:00 - 4:10 AM'),
(339, 234, 6, '7:00 - 7:10 AM'),
(340, 234, 7, 'Pendiente'),
(341, 234, 8, '8:00 - 8:10 AM'),
(342, 234, 9, 'Pendiente'),
(343, 405, 1, '4:10 - 4:20 AM'),
(344, 405, 2, '7:10 - 7:20 AM'),
(345, 405, 3, '8:10 - 8:20 AM'),
(346, 405, 4, '7:10 - 7:20 AM'),
(347, 405, 5, '4:10 - 4:20 AM'),
(348, 405, 6, '7:10 - 7:20 AM'),
(349, 405, 7, 'Pendiente'),
(350, 405, 8, '8:10 - 8:20 AM'),
(351, 405, 9, 'Pendiente'),
(352, 544, 1, '4:50 - 5:00 AM'),
(353, 544, 2, '8:00 - 8:10 AM'),
(354, 544, 3, 'N/A'),
(355, 544, 4, 'N/A'),
(356, 544, 5, '4:50 - 5:00 AM'),
(357, 544, 6, '8:00 - 8:10 AM'),
(358, 544, 7, 'Pendiente'),
(359, 544, 8, 'N/A'),
(360, 544, 9, 'Pendiente'),
(361, 545, 1, '4:40 - 4:50 AM'),
(362, 545, 2, '7:40 - 7:50AM'),
(363, 545, 3, '8:40 - 8:50 AM '),
(364, 545, 4, '7:40 - 7:50AM'),
(365, 545, 5, '4:40 - 4:50 AM'),
(366, 545, 6, '7:40 - 7:50AM'),
(367, 545, 7, 'Pendiente'),
(368, 545, 8, '8:40 - 8:50 AM '),
(369, 545, 9, 'Pendiente'),
(370, 546, 1, '4:40 - 4:50 AM'),
(371, 546, 2, '7:40 - 7:50AM'),
(372, 546, 3, '8:40 - 8:50 AM '),
(373, 546, 4, '7:40 - 7:50AM'),
(374, 546, 5, '4:40 - 4:50 AM'),
(375, 546, 6, '7:40 - 7:50AM'),
(376, 546, 7, 'Pendiente'),
(377, 546, 8, '8:40 - 8:50 AM '),
(378, 546, 9, 'Pendiente'),
(379, 406, 1, '4:40 - 4:50 AM'),
(380, 406, 2, '7:40 - 7:50AM'),
(381, 406, 3, '8:40 - 8:50 AM '),
(382, 406, 4, '7:40 - 7:50AM'),
(383, 406, 5, '4:40 - 4:50 AM'),
(384, 406, 6, '7:40 - 7:50AM'),
(385, 406, 7, 'Pendiente'),
(386, 406, 8, '8:40 - 8:50 AM '),
(387, 406, 9, 'Pendiente'),
(388, 407, 1, '4:20 - 4:30 AM'),
(389, 407, 2, '7:20 - 7:30 AM'),
(390, 407, 3, ' 8:20 - 8:30 AM'),
(391, 407, 4, '7:20 - 7:30 AM'),
(392, 407, 5, '4:20 - 4:30 AM'),
(393, 407, 6, '7:20 - 7:30 AM'),
(394, 407, 7, 'Pendiente'),
(395, 407, 8, ' 8:20 - 8:30 AM'),
(396, 407, 9, 'Pendiente'),
(397, 503, 1, '4:40 - 4:50 AM'),
(398, 503, 2, '7:40 - 7:50AM'),
(399, 503, 3, '8:40 - 8:50 AM '),
(400, 503, 4, '7:40 - 7:50AM'),
(401, 503, 5, '4:40 - 4:50 AM'),
(402, 503, 6, '7:40 - 7:50AM'),
(403, 503, 7, '5:40 - 5:50 PM'),
(404, 503, 8, '8:40 - 8:50 AM '),
(405, 503, 9, '9:00 AM'),
(406, 547, 1, 'LLEGA AL 47 STREET'),
(407, 547, 2, 'LLEGA AL 47 STREET'),
(408, 547, 3, 'LLEGA AL 47 STREET'),
(409, 547, 4, 'LLEGA AL 47 STREET'),
(410, 547, 5, 'LLEGA AL 47 STREET'),
(411, 547, 6, 'LLEGA AL 47 STREET'),
(412, 547, 7, 'Pendiente'),
(413, 547, 8, 'LLEGA AL 47 STREET'),
(414, 547, 9, 'Pendiente'),
(415, 235, 1, '4:00 - 4:10 AM'),
(416, 235, 2, '7:00 - 7:10 AM'),
(417, 235, 3, '8:00 - 8:10 AM'),
(418, 235, 4, '7:00 - 7:10 AM'),
(419, 235, 5, '4:00 - 4:10 AM'),
(420, 235, 6, '7:00 - 7:10 AM'),
(421, 235, 7, 'Pendiente'),
(422, 235, 8, '8:00 - 8:10 AM'),
(423, 235, 9, 'Pendiente'),
(424, 408, 1, '4:30 - 4:40 AM'),
(425, 408, 2, '7:30 - 7:40 AM'),
(426, 408, 3, '8:30 - 8:40 AM'),
(427, 408, 4, '7:40 - 7:50 AM'),
(428, 408, 5, '4:30 - 4:40 AM'),
(429, 408, 6, '7:30 - 7:40 AM'),
(430, 408, 7, 'Pendiente'),
(431, 408, 8, '8:30 - 8:40 AM'),
(432, 408, 9, 'Pendiente'),
(433, 102, 1, '4:20 - 4:30 AM'),
(434, 102, 2, '7:20 - 7:30 AM'),
(435, 102, 3, ' 8:20 - 8:30 AM'),
(436, 102, 4, '7:20 - 7:30 AM'),
(437, 102, 5, '4:20 - 4:30 AM'),
(438, 102, 6, '7:20 - 7:30 AM'),
(439, 102, 7, 'Pendiente'),
(440, 102, 8, ' 8:20 - 8:30 AM'),
(441, 102, 9, 'Pendiente'),
(442, 68, 1, '4:00 - 4:10 AM'),
(443, 68, 2, '7:00 - 7:10 AM'),
(444, 68, 3, '8:00 - 8:10 AM'),
(445, 68, 4, '7:00 - 7:10 AM'),
(446, 68, 5, '4:00 - 4:10 AM'),
(447, 68, 6, '7:00 - 7:10 AM'),
(448, 68, 7, '5:00 - 5:10 PM'),
(449, 68, 8, '8:00 - 8:10 AM'),
(450, 68, 9, '9:00 AM'),
(451, 103, 1, '4:20 - 4:30 AM'),
(452, 103, 2, '7:20 - 7:30 AM'),
(453, 103, 3, ' 8:20 - 8:30 AM'),
(454, 103, 4, '7:20 - 7:30 AM'),
(455, 103, 5, '4:20 - 4:30 AM'),
(456, 103, 6, '7:20 - 7:30 AM'),
(457, 103, 7, 'Pendiente'),
(458, 103, 8, ' 8:20 - 8:30 AM'),
(459, 103, 9, 'Pendiente'),
(460, 104, 1, '4:30 - 4:40 AM'),
(461, 104, 2, '7:30 - 7:40 AM'),
(462, 104, 3, '8:30 - 8:40 AM'),
(463, 104, 4, '7:30 - 7:40 AM'),
(464, 104, 5, '4:30 - 4:40 AM'),
(465, 104, 6, '7:30 - 7:40 AM'),
(466, 104, 7, 'Pendiente'),
(467, 104, 8, '8:30 - 8:40 AM'),
(468, 104, 9, 'Pendiente'),
(469, 105, 1, '4:30 - 4:40 AM'),
(470, 105, 2, '7:30 - 7:40 AM'),
(471, 105, 3, '8:30 - 8:40 AM'),
(472, 105, 4, '7:30 - 7:40 AM'),
(473, 105, 5, '4:30 - 4:40 AM'),
(474, 105, 6, '7:30 - 7:40 AM'),
(475, 105, 7, '5:20 - 5:30 PM'),
(476, 105, 8, '8:30 - 8:40 AM'),
(477, 105, 9, '9:00 AM'),
(478, 106, 1, '4:20 - 4:30 AM'),
(479, 106, 2, '7:20 - 7:30 AM'),
(480, 106, 3, ' 8:20 - 8:30 AM'),
(481, 106, 4, '7:20 - 7:30 AM'),
(482, 106, 5, '4:20 - 4:30 AM'),
(483, 106, 6, '7:20 - 7:30 AM'),
(484, 106, 7, 'Pendiente'),
(485, 106, 8, ' 8:20 - 8:30 AM'),
(486, 106, 9, 'Pendiente'),
(487, 236, 1, '4:20 - 4:30 AM'),
(488, 236, 2, '7:20 - 7:30 AM'),
(489, 236, 3, ' 8:20 - 8:30 AM'),
(490, 236, 4, '7:20 - 7:30 AM'),
(491, 236, 5, '4:20 - 4:30 AM'),
(492, 236, 6, '7:20 - 7:30 AM'),
(493, 236, 7, 'Pendiente'),
(494, 236, 8, ' 8:20 - 8:30 AM'),
(495, 236, 9, 'Pendiente'),
(496, 1, 1, 'EST. POBLADO'),
(497, 1, 2, 'EST. POBLADO'),
(498, 1, 3, 'EST. POBLADO'),
(499, 1, 4, 'EST. POBLADO'),
(500, 1, 5, 'EST. POBLADO'),
(501, 1, 6, 'EST. POBLADO'),
(502, 1, 7, 'Pendiente'),
(503, 1, 8, 'EST. POBLADO'),
(504, 1, 9, 'Pendiente'),
(505, 237, 1, '4:00 - 4:10 AM'),
(506, 237, 2, '7:00 - 7:10 AM'),
(507, 237, 3, '8:00 - 8:10 AM'),
(508, 237, 4, '7:00 - 7:10 AM'),
(509, 237, 5, '4:00 - 4:10 AM'),
(510, 237, 6, '7:00 - 7:10 AM'),
(511, 237, 7, 'Pendiente'),
(512, 237, 8, '8:00 - 8:10 AM'),
(513, 237, 9, 'Pendiente'),
(514, 504, 1, '4:40 - 4:50 AM'),
(515, 504, 2, '7:40 - 7:50AM'),
(516, 504, 3, '8:40 - 8:50 AM '),
(517, 504, 4, '7:40 - 7:50AM'),
(518, 504, 5, '4:40 - 4:50 AM'),
(519, 504, 6, '7:40 - 7:50AM'),
(520, 504, 7, 'Pendiente'),
(521, 504, 8, '8:40 - 8:50 AM '),
(522, 504, 9, 'Pendiente'),
(523, 505, 1, '4:40 - 4:50 AM'),
(524, 505, 2, '7:40 - 7:50AM'),
(525, 505, 3, '8:40 - 8:50 AM '),
(526, 505, 4, '7:40 - 7:50AM'),
(527, 505, 5, '4:40 - 4:50 AM'),
(528, 505, 6, '7:40 - 7:50AM'),
(529, 505, 7, 'Pendiente'),
(530, 505, 8, '8:40 - 8:50 AM '),
(531, 505, 9, 'Pendiente'),
(532, 238, 1, '4:00 - 4:10 AM'),
(533, 238, 2, '7:00 - 7:10 AM'),
(534, 238, 3, '8:00 - 8:10 AM'),
(535, 238, 4, '7:00 - 7:10 AM'),
(536, 238, 5, '4:00 - 4:10 AM'),
(537, 238, 6, '7:00 - 7:10 AM'),
(538, 238, 7, 'Pendiente'),
(539, 238, 8, '8:00 - 8:10 AM'),
(540, 238, 9, 'Pendiente'),
(541, 409, 1, '4:40 - 4:50 AM'),
(542, 409, 2, '7:40 - 7:50AM'),
(543, 409, 3, '8:40 - 8:50 AM '),
(544, 409, 4, '7:40 - 7:50AM'),
(545, 409, 5, '4:40 - 4:50 AM'),
(546, 409, 6, '7:40 - 7:50AM'),
(547, 409, 7, 'Pendiente'),
(548, 409, 8, '8:40 - 8:50 AM '),
(549, 409, 9, 'Pendiente'),
(550, 548, 1, '4:40 - 4:50 AM'),
(551, 548, 2, '7:40 - 7:50AM'),
(552, 548, 3, '8:40 - 8:50 AM '),
(553, 548, 4, '7:40 - 7:50AM'),
(554, 548, 5, '4:40 - 4:50 AM'),
(555, 548, 6, '7:40 - 7:50AM'),
(556, 548, 7, 'Pendiente'),
(557, 548, 8, '8:40 - 8:50 AM '),
(558, 548, 9, 'Pendiente'),
(559, 107, 1, '4:20 - 4:30 AM'),
(560, 107, 2, '7:20 - 7:30 AM'),
(561, 107, 3, ' 8:20 - 8:30 AM'),
(562, 107, 4, '7:20 - 7:30 AM'),
(563, 107, 5, '4:20 - 4:30 AM'),
(564, 107, 6, '7:20 - 7:30 AM'),
(565, 107, 7, 'Pendiente'),
(566, 107, 8, ' 8:20 - 8:30 AM'),
(567, 107, 9, 'Pendiente'),
(568, 108, 1, '4:10 - 4:20 AM'),
(569, 108, 2, '7:10 - 7:20 AM'),
(570, 108, 3, ' 8:10 - 8:20 AM'),
(571, 108, 4, '7:10 - 7:20 AM'),
(572, 108, 5, '4:10 - 4:20 AM'),
(573, 108, 6, '7:10 - 7:20 AM'),
(574, 108, 7, 'Pendiente'),
(575, 108, 8, ' 8:10 - 8:20 AM'),
(576, 108, 9, 'Pendiente'),
(577, 410, 1, '4:30 - 4:40 AM'),
(578, 410, 2, '7:30 - 7:40 AM'),
(579, 410, 3, '8:30 - 8:40 AM'),
(580, 410, 4, '7:30 - 7:40 AM'),
(581, 410, 5, '4:30 - 4:40 AM'),
(582, 410, 6, '7:30 - 7:40 AM'),
(583, 410, 7, 'Pendiente'),
(584, 410, 8, '8:30 - 8:40 AM'),
(585, 410, 9, 'Pendiente'),
(586, 506, 1, '4:40 - 4:50 AM'),
(587, 506, 2, '7:40 - 7:50AM'),
(588, 506, 3, '8:40 - 8:50 AM '),
(589, 506, 4, '7:40 - 7:50AM'),
(590, 506, 5, '4:40 - 4:50 AM'),
(591, 506, 6, '7:40 - 7:50AM'),
(592, 506, 7, 'Pendiente'),
(593, 506, 8, '8:40 - 8:50 AM '),
(594, 506, 9, 'Pendiente'),
(595, 109, 1, '5:10 - 5:20 AM'),
(596, 109, 2, '8:10 - 8:20 AM'),
(597, 109, 3, 'N/A'),
(598, 109, 4, 'N/A'),
(599, 109, 5, '5:10 - 5:20 AM'),
(600, 109, 6, '8:10 - 8:20 AM'),
(601, 109, 7, 'PENDIENTE'),
(602, 109, 8, 'N/A'),
(603, 109, 9, 'PENDIENTE'),
(604, 239, 1, '4:00 - 4:10 AM'),
(605, 239, 2, '7:00 - 7:10 AM'),
(606, 239, 3, '8:00 - 8:10 AM'),
(607, 239, 4, '7:00 - 7:10 AM'),
(608, 239, 5, '4:00 - 4:10 AM'),
(609, 239, 6, '7:00 - 7:10 AM'),
(610, 239, 7, 'Pendiente'),
(611, 239, 8, '8:00 - 8:10 AM'),
(612, 239, 9, 'Pendiente'),
(613, 507, 1, '4:40 - 4:50 AM'),
(614, 507, 2, '7:40 - 7:50AM'),
(615, 507, 3, '8:40 - 8:50 AM '),
(616, 507, 4, '7:40 - 7:50AM'),
(617, 507, 5, '4:40 - 4:50 AM'),
(618, 507, 6, '7:40 - 7:50AM'),
(619, 507, 7, 'Pendiente'),
(620, 507, 8, '8:40 - 8:50 AM '),
(621, 507, 9, 'Pendiente'),
(622, 411, 1, '4:10 - 4:20 AM'),
(623, 411, 2, '7:10 - 7:20 AM'),
(624, 411, 3, '8:10 - 8:20 AM'),
(625, 411, 4, '7:10 - 7:20 AM'),
(626, 411, 5, '4:10 - 4:20 AM'),
(627, 411, 6, '7:10 - 7:20 AM'),
(628, 411, 7, '5:10 - 5:20 PM'),
(629, 411, 8, '8:10 - 8:20 AM'),
(630, 411, 9, '9:00 AM'),
(631, 508, 1, '4:40 - 4:50 AM'),
(632, 508, 2, '7:40 - 7:50 AM'),
(633, 508, 3, '8:40 - 8:50 AM '),
(634, 508, 4, '7:40 - 7:50 AM'),
(635, 508, 5, '4:40 - 4:50 AM'),
(636, 508, 6, '7:40 - 7:50 AM'),
(637, 508, 7, 'Pendiente'),
(638, 508, 8, '8:40 - 8:50 AM '),
(639, 508, 9, 'Pendiente'),
(640, 412, 1, '4:40 - 4:50 AM'),
(641, 412, 2, '7:40 - 7:50 AM'),
(642, 412, 3, '8:40 - 8:50 AM '),
(643, 412, 4, '7:40 - 7:50 AM'),
(644, 412, 5, '4:40 - 4:50 AM'),
(645, 412, 6, '7:40 - 7:50 AM'),
(646, 412, 7, 'PENDIENTE'),
(647, 412, 8, '8:40 - 8:50 AM '),
(648, 412, 9, 'PENDIENTE'),
(649, 240, 1, '4:20 - 4:30 AM'),
(650, 240, 2, '7:20 - 7:30 AM'),
(651, 240, 3, ' 8:20 - 8:30 AM'),
(652, 240, 4, '7:20 - 7:30 AM'),
(653, 240, 5, '4:20 - 4:30 AM'),
(654, 240, 6, '7:20 - 7:30 AM'),
(655, 240, 7, 'Pendiente'),
(656, 240, 8, ' 8:20 - 8:30 AM'),
(657, 240, 9, 'Pendiente'),
(658, 52, 1, '4:00 - 4:10 AM'),
(659, 52, 2, '7:00 - 7:10 AM'),
(660, 52, 3, '8:00 - 8:10 AM'),
(661, 52, 4, '7:00 - 7:10 AM'),
(662, 52, 5, '4:00 - 4:10 AM'),
(663, 52, 6, '7:00 - 7:10 AM'),
(664, 52, 7, 'Pendiente'),
(665, 52, 8, '8:00 - 8:10 AM'),
(666, 52, 9, 'Pendiente'),
(667, 110, 1, '4:10 - 4:20 AM'),
(668, 110, 2, '7:10 - 7:20 AM'),
(669, 110, 3, ' 8:10 - 8:20 AM'),
(670, 110, 4, '7:10 - 7:20 AM'),
(671, 110, 5, '4:10 - 4:20 AM'),
(672, 110, 6, '7:10 - 7:20 AM'),
(673, 110, 7, 'Pendiente'),
(674, 110, 8, ' 8:10 - 8:20 AM'),
(675, 110, 9, 'Pendiente'),
(676, 549, 1, '47 STREET'),
(677, 549, 2, '47 STREET'),
(678, 549, 3, '47 STREET'),
(679, 549, 4, '47 STREET'),
(680, 549, 5, '47 STREET'),
(681, 549, 6, '47 STREET'),
(682, 549, 7, 'Pendiente'),
(683, 549, 8, '47 STREET'),
(684, 549, 9, 'Pendiente'),
(685, 550, 1, '47 STREET'),
(686, 550, 2, '47 STREET'),
(687, 550, 3, '47 STREET'),
(688, 550, 4, '47 STREET'),
(689, 550, 5, '47 STREET'),
(690, 550, 6, '47 STREET'),
(691, 550, 7, 'Pendiente'),
(692, 550, 8, '47 STREET'),
(693, 550, 9, 'Pendiente'),
(694, 413, 1, '4:30 - 4:40 AM'),
(695, 413, 2, '7:30 - 7:40 AM'),
(696, 413, 3, '8:30 - 8:40 AM'),
(697, 413, 4, '7:30 - 7:40 AM'),
(698, 413, 5, '4:30 - 4:40 AM'),
(699, 413, 6, '7:30 - 7:40 AM'),
(700, 413, 7, 'Pendiente'),
(701, 413, 8, '8:30 - 8:40 AM'),
(702, 413, 9, 'Pendiente'),
(703, 414, 1, '4:10 - 4:20 AM'),
(704, 414, 2, '7:10 - 7:20 AM'),
(705, 414, 3, ' 8:10 - 8:20 AM'),
(706, 414, 4, '7:10 - 7:20 AM'),
(707, 414, 5, '4:10 - 4:20 AM'),
(708, 414, 6, '7:10 - 7:20 AM'),
(709, 414, 7, '5:10 - 5:20 PM'),
(710, 414, 8, ' 8:10 - 8:20 AM'),
(711, 414, 9, '9:00 AM'),
(712, 552, 1, '4:10 - 4:20 AM'),
(713, 552, 2, '8:20 - 8:30 AM'),
(714, 552, 3, 'N/A'),
(715, 552, 4, 'N/A'),
(716, 552, 5, '4:10 - 4:20 AM'),
(717, 552, 6, '8:20 - 8:30 AM'),
(718, 552, 7, 'Pendiente'),
(719, 552, 8, 'N/A'),
(720, 552, 9, 'Pendiente'),
(721, 69, 1, '4:10 - 4:20 AM'),
(722, 69, 2, '7:10 - 7:20 AM'),
(723, 69, 3, ' 8:10 - 8:20 AM'),
(724, 69, 4, '7:10 - 7:20 AM'),
(725, 69, 5, '4:10 - 4:20 AM'),
(726, 69, 6, '7:10 - 7:20 AM'),
(727, 69, 7, 'Pendiente'),
(728, 69, 8, ' 8:10 - 8:20 AM'),
(729, 69, 9, 'Pendiente'),
(730, 510, 1, '4:20 - 4:30 AM'),
(731, 510, 2, '7:20 - 7:30 AM'),
(732, 510, 3, ' 8:20 - 8:30 AM'),
(733, 510, 4, '7:20 - 7:30 AM'),
(734, 510, 5, '4:20 - 4:30 AM'),
(735, 510, 6, '7:20 - 7:30 AM'),
(736, 510, 7, 'Pendiente'),
(737, 510, 8, ' 8:20 - 8:30 AM'),
(738, 510, 9, 'Pendiente'),
(739, 70, 1, '4:10 - 4:20 AM'),
(740, 70, 2, '7:10 - 7:20 AM'),
(741, 70, 3, ' 8:10 - 8:20 AM'),
(742, 70, 4, '7:10 - 7:20 AM'),
(743, 70, 5, '4:10 - 4:20 AM'),
(744, 70, 6, '7:10 - 7:20 AM'),
(745, 70, 7, '5:00 - 5:10 PM'),
(746, 70, 8, ' 8:10 - 8:20 AM'),
(747, 70, 9, 'PENDIENTE'),
(748, 241, 1, '4:30 - 4:40 AM'),
(749, 241, 2, '7:30 - 7:40 AM'),
(750, 241, 3, '8:30 - 8:40 AM'),
(751, 241, 4, '7:30 - 7:40 AM'),
(752, 241, 5, '4:30 - 4:40 AM'),
(753, 241, 6, '7:30 - 7:40 AM'),
(754, 241, 7, 'Pendiente'),
(755, 241, 8, '8:30 - 8:40 AM'),
(756, 241, 9, 'Pendiente'),
(757, 111, 1, '4:20 - 4:30 AM'),
(758, 111, 2, '7:20 - 7:30 AM'),
(759, 111, 3, ' 8:20 - 8:30 AM'),
(760, 111, 4, '7:20 - 7:30 AM'),
(761, 111, 5, '4:20 - 4:30 AM'),
(762, 111, 6, '7:20 - 7:30 AM'),
(763, 111, 7, 'Pendiente'),
(764, 111, 8, ' 8:20 - 8:30 AM'),
(765, 111, 9, 'Pendiente'),
(766, 511, 1, '4:40 - 4:50 AM'),
(767, 511, 2, '7:40 - 7:50 AM'),
(768, 511, 3, '8:40 - 8:50 AM '),
(769, 511, 4, '7:40 - 7:50 AM'),
(770, 511, 5, '4:40 - 4:50 AM'),
(771, 511, 6, '7:40 - 7:50 AM'),
(772, 511, 7, 'Pendiente'),
(773, 511, 8, '8:40 - 8:50 AM '),
(774, 511, 9, 'Pendiente'),
(775, 53, 1, '4:00 - 4:10 AM'),
(776, 53, 2, '7:00 - 7:10 AM'),
(777, 53, 3, '8:00 - 8:10 AM'),
(778, 53, 4, '7:00 - 7:10 AM'),
(779, 53, 5, '4:00 - 4:10 AM'),
(780, 53, 6, '7:00 - 7:10 AM'),
(781, 53, 7, '5:00 - 5:10 PM'),
(782, 53, 8, '8:00 - 8:10 AM'),
(783, 53, 9, 'PENDIENTE'),
(784, 512, 1, '4:40 - 4:50 AM'),
(785, 512, 2, '7:40 - 7:50 AM'),
(786, 512, 3, '8:40 - 8:50 AM '),
(787, 512, 4, '7:40 - 7:50 AM'),
(788, 512, 5, '4:40 - 4:50 AM'),
(789, 512, 6, '7:40 - 7:50 AM'),
(790, 512, 7, 'Pendiente'),
(791, 512, 8, '8:40 - 8:50 AM '),
(792, 512, 9, 'Pendiente'),
(793, 553, 1, '47 STREET'),
(794, 553, 2, '47 STREET'),
(795, 553, 3, '47 STREET'),
(796, 553, 4, '47 STREET'),
(797, 553, 5, '47 STREET'),
(798, 553, 6, '47 STREET'),
(799, 553, 7, 'Pendiente'),
(800, 553, 8, '47 STREET'),
(801, 553, 9, 'Pendiente'),
(802, 513, 1, '4:40 - 4:50 AM'),
(803, 513, 2, '7:40 - 7:50 AM'),
(804, 513, 3, '8:40 - 8:50 AM '),
(805, 513, 4, '7:40 - 7:50 AM'),
(806, 513, 5, '4:40 - 4:50 AM'),
(807, 513, 6, '7:40 - 7:50 AM'),
(808, 513, 7, 'Pendiente'),
(809, 513, 8, '8:40 - 8:50 AM '),
(810, 513, 9, 'Pendiente'),
(811, 607, 1, '5:20 - 5:30 AM'),
(812, 607, 2, '8:20 - 8:30 AM '),
(813, 607, 3, 'N/A'),
(814, 607, 4, 'N/A'),
(815, 607, 5, '5:20 - 5:30 AM'),
(816, 607, 6, '8:20 - 8:30 AM '),
(817, 607, 7, 'Pendiente'),
(818, 607, 8, 'N/A'),
(819, 607, 9, 'Pendiente'),
(820, 112, 1, '4:30 - 4:40 AM'),
(821, 112, 2, '7:30 - 7:40 AM'),
(822, 112, 3, '8:30 - 8:40 AM'),
(823, 112, 4, '7:30 - 7:40 AM'),
(824, 112, 5, '4:30 - 4:40 AM'),
(825, 112, 6, '7:30 - 7:40 AM'),
(826, 112, 7, 'Pendiente'),
(827, 112, 8, '8:30 - 8:40 AM'),
(828, 112, 9, 'Pendiente'),
(829, 554, 1, '4:40 - 4:50 AM'),
(830, 554, 2, '7:40 - 7:50 AM'),
(831, 554, 3, '8:40 - 8:50 AM '),
(832, 554, 4, '7:40 - 7:50 AM'),
(833, 554, 5, '4:40 - 4:50 AM'),
(834, 554, 6, '7:40 - 7:50 AM'),
(835, 554, 7, 'PENDIENTE'),
(836, 554, 8, '8:40 - 8:50 AM '),
(837, 554, 9, 'PENDIENTE'),
(838, 113, 1, '4:30 - 4:40 AM'),
(839, 113, 2, '7:30 - 7:40 AM'),
(840, 113, 3, '8:30 - 8:40 AM'),
(841, 113, 4, '7:30 - 7:40 AM'),
(842, 113, 5, '4:30 - 4:40 AM'),
(843, 113, 6, '7:30 - 7:40 AM'),
(844, 113, 7, 'Pendiente'),
(845, 113, 8, '8:30 - 8:40 AM'),
(846, 113, 9, 'Pendiente'),
(847, 514, 1, '4:40 - 4:50 AM'),
(848, 514, 2, '7:40 - 7:50 AM'),
(849, 514, 3, '8:40 - 8:50 AM '),
(850, 514, 4, '7:40 - 7:50 AM'),
(851, 514, 5, '4:40 - 4:50 AM'),
(852, 514, 6, '7:40 - 7:50 AM'),
(853, 514, 7, 'Pendiente'),
(854, 514, 8, '8:40 - 8:50 AM '),
(855, 514, 9, 'Pendiente'),
(856, 114, 1, '4:30 - 4:40 AM'),
(857, 114, 2, '7:30 - 7:40 AM'),
(858, 114, 3, '8:30 - 8:40 AM'),
(859, 114, 4, '7:30 - 7:40 AM'),
(860, 114, 5, '4:30 - 4:40 AM'),
(861, 114, 6, '7:30 - 7:40 AM'),
(862, 114, 7, 'Pendiente'),
(863, 114, 8, '8:30 - 8:40 AM'),
(864, 114, 9, 'Pendiente'),
(865, 242, 1, '4:00 - 4:10 AM'),
(866, 242, 2, '7:10 - 7:20 AM'),
(867, 242, 3, '8:10 - 8:20 AM'),
(868, 242, 4, '7:10 - 7:20 AM'),
(869, 242, 5, '4:00 - 4:10 AM'),
(870, 242, 6, '7:10 - 7:20 AM'),
(871, 242, 7, 'PENDIENTE'),
(872, 242, 8, '8:10 - 8:20 AM'),
(873, 242, 9, 'PENDIENTE'),
(874, 415, 1, '4:30 - 4:40 AM'),
(875, 415, 2, '7:30 - 7:40 AM'),
(876, 415, 3, '8:30 - 8:40 AM'),
(877, 415, 4, '7:30 - 7:40 AM'),
(878, 415, 5, '4:30 - 4:40 AM'),
(879, 415, 6, '7:30 - 7:40 AM'),
(880, 415, 7, 'Pendiente'),
(881, 415, 8, '8:30 - 8:40 AM'),
(882, 415, 9, 'Pendiente'),
(883, 416, 1, '4:30 - 4:40 AM'),
(884, 416, 2, '7:30 - 7:40 AM'),
(885, 416, 3, '8:30 - 8:40 AM'),
(886, 416, 4, '7:30 - 7:40 AM'),
(887, 416, 5, '4:30 - 4:40 AM'),
(888, 416, 6, '7:30 - 7:40 AM'),
(889, 416, 7, 'Pendiente'),
(890, 416, 8, '8:30 - 8:40 AM'),
(891, 416, 9, 'Pendiente'),
(892, 515, 1, '4:40 - 4:50 AM'),
(893, 515, 2, '7:40 - 7:50 AM'),
(894, 515, 3, '8:40 - 8:50 AM '),
(895, 515, 4, '7:40 - 7:50 AM'),
(896, 515, 5, '4:40 - 4:50 AM'),
(897, 515, 6, '7:40 - 7:50 AM'),
(898, 515, 7, 'PENDIENTE'),
(899, 515, 8, '8:40 - 8:50 AM '),
(900, 515, 9, 'PENDIENTE'),
(901, 417, 1, '4:20 - 4:30 AM'),
(902, 417, 2, '7:20 - 7:30 AM'),
(903, 417, 3, ' 8:20 - 8:30 AM'),
(904, 417, 4, '7:20 - 7:30 AM'),
(905, 417, 5, '4:20 - 4:30 AM'),
(906, 417, 6, '7:20 - 7:30 AM'),
(907, 417, 7, 'Pendiente'),
(908, 417, 8, ' 8:20 - 8:30 AM'),
(909, 417, 9, 'Pendiente'),
(910, 516, 1, '4:40 - 4:50 AM'),
(911, 516, 2, '7:40 - 7:50 AM'),
(912, 516, 3, '8:40 - 8:50 AM '),
(913, 516, 4, '7:40 - 7:50 AM'),
(914, 516, 5, '4:40 - 4:50 AM'),
(915, 516, 6, '7:40 - 7:50 AM'),
(916, 516, 7, 'Pendiente'),
(917, 516, 8, '8:40 - 8:50 AM '),
(918, 516, 9, 'Pendiente'),
(919, 243, 1, '4:00 - 4:10 AM'),
(920, 243, 2, '7:10 - 7:20 AM'),
(921, 243, 3, '8:10 - 8:20 AM'),
(922, 243, 4, '7:10 - 7:20 AM'),
(923, 243, 5, '4:00 - 4:10 AM'),
(924, 243, 6, '7:10 - 7:20 AM'),
(925, 243, 7, 'Pendiente'),
(926, 243, 8, '8:10 - 8:20 AM'),
(927, 243, 9, 'Pendiente'),
(928, 418, 1, '4:30 - 4:40 AM'),
(929, 418, 2, '7:30 - 7:40 AM'),
(930, 418, 3, '8:30 - 8:40 AM'),
(931, 418, 4, '7:30 - 7:40 AM'),
(932, 418, 5, '4:30 - 4:40 AM'),
(933, 418, 6, '7:30 - 7:40 AM'),
(934, 418, 7, 'Pendiente'),
(935, 418, 8, '8:30 - 8:40 AM'),
(936, 418, 9, 'Pendiente'),
(937, 622, 1, 'EST. POBLADO'),
(938, 622, 2, 'EST. POBLADO'),
(939, 622, 3, 'EST. POBLADO'),
(940, 622, 4, 'EST. POBLADO'),
(941, 622, 5, 'EST. POBLADO'),
(942, 622, 6, 'EST. POBLADO'),
(943, 622, 7, 'Pendiente'),
(944, 622, 8, 'EST. POBLADO'),
(945, 622, 9, 'Pendiente'),
(946, 2, 1, 'EST. POBLADO'),
(947, 2, 2, 'EST. POBLADO'),
(948, 2, 3, 'EST. POBLADO'),
(949, 2, 4, 'EST. POBLADO'),
(950, 2, 5, 'EST. POBLADO'),
(951, 2, 6, 'EST. POBLADO'),
(952, 2, 7, 'Pendiente'),
(953, 2, 8, 'EST. POBLADO'),
(954, 2, 9, 'Pendiente'),
(955, 3, 1, 'EST. POBLADO'),
(956, 3, 2, 'EST. POBLADO'),
(957, 3, 3, 'EST. POBLADO'),
(958, 3, 4, 'EST. POBLADO'),
(959, 3, 5, 'EST. POBLADO'),
(960, 3, 6, 'EST. POBLADO'),
(961, 3, 7, 'Pendiente'),
(962, 3, 8, 'EST. POBLADO'),
(963, 3, 9, 'Pendiente'),
(964, 419, 1, '4:20 - 4:30 AM'),
(965, 419, 2, '7:20 - 7:30 AM'),
(966, 419, 3, ' 8:20 - 8:30 AM'),
(967, 419, 4, '7:20 - 7:30 AM'),
(968, 419, 5, '4:20 - 4:30 AM'),
(969, 419, 6, '7:20 - 7:30 AM'),
(970, 419, 7, 'Pendiente'),
(971, 419, 8, ' 8:20 - 8:30 AM'),
(972, 419, 9, 'Pendiente'),
(973, 244, 1, '4:00 - 4:10 AM'),
(974, 244, 2, '7:10 - 7:10 AM'),
(975, 244, 3, '8:10 - 8:20 AM'),
(976, 244, 4, '7:10 - 7:20 AM'),
(977, 244, 5, '4:00 - 4:10 AM'),
(978, 244, 6, '7:10 - 7:10 AM'),
(979, 244, 7, 'Pendiente'),
(980, 244, 8, '8:10 - 8:20 AM'),
(981, 244, 9, 'Pendiente'),
(982, 54, 1, '4:00 - 4:10 AM'),
(983, 54, 2, '7:00 - 7:10 AM'),
(984, 54, 3, '8:00 - 8:10 AM'),
(985, 54, 4, '7:00 - 7:10 AM'),
(986, 54, 5, '4:00 - 4:10 AM'),
(987, 54, 6, '7:00 - 7:10 AM'),
(988, 54, 7, 'Pendiente'),
(989, 54, 8, '8:00 - 8:10 AM'),
(990, 54, 9, 'Pendiente'),
(991, 55, 1, '4:00 - 4:10 AM'),
(992, 55, 2, '7:00 - 7:10 AM'),
(993, 55, 3, '8:00 - 8:10 AM'),
(994, 55, 4, '7:00 - 7:10 AM'),
(995, 55, 5, '4:00 - 4:10 AM'),
(996, 55, 6, '7:00 - 7:10 AM'),
(997, 55, 7, 'Pendiente'),
(998, 55, 8, '8:00 - 8:10 AM'),
(999, 55, 9, 'Pendiente'),
(1000, 245, 1, '4:00 - 4:10 AM'),
(1001, 245, 2, '7:10 - 7:20 AM'),
(1002, 245, 3, '8:10 - 8:20 AM'),
(1003, 245, 4, '7:10 - 7:20 AM'),
(1004, 245, 5, '4:00 - 4:10 AM'),
(1005, 245, 6, '7:10 - 7:20 AM'),
(1006, 245, 7, 'Pendiente'),
(1007, 245, 8, '8:10 - 8:20 AM'),
(1008, 245, 9, 'Pendiente'),
(1009, 246, 1, '4:00 - 4:10 AM'),
(1010, 246, 2, '7:10 - 7:20 AM'),
(1011, 246, 3, '8:10 - 8:20 AM'),
(1012, 246, 4, '7:10 - 7:20 AM'),
(1013, 246, 5, '4:00 - 4:10 AM'),
(1014, 246, 6, '7:10 - 7:20 AM'),
(1015, 246, 7, 'Pendiente'),
(1016, 246, 8, '8:10 - 8:20 AM'),
(1017, 246, 9, 'Pendiente'),
(1018, 555, 1, '4:40 - 4:50 AM'),
(1019, 555, 2, '7:40 - 7:50 AM'),
(1020, 555, 3, '8:40 - 8:50 AM '),
(1021, 555, 4, '7:40 - 7:50 AM'),
(1022, 555, 5, '4:40 - 4:50 AM'),
(1023, 555, 6, '7:40 - 7:50 AM'),
(1024, 555, 7, 'Pendiente'),
(1025, 555, 8, '8:40 - 8:50 AM '),
(1026, 555, 9, 'Pendiente'),
(1027, 623, 1, 'EST. POBLADO'),
(1028, 623, 2, 'EST. POBLADO'),
(1029, 623, 3, 'EST. POBLADO'),
(1030, 623, 4, 'EST. POBLADO'),
(1031, 623, 5, 'EST. POBLADO'),
(1032, 623, 6, 'EST. POBLADO'),
(1033, 623, 7, 'Pendiente'),
(1034, 623, 8, 'EST. POBLADO'),
(1035, 623, 9, 'Pendiente'),
(1036, 420, 1, '4:40 - 4:50 AM'),
(1037, 420, 2, '7:40 - 7:50 AM'),
(1038, 420, 3, '8:40 - 8:50 AM '),
(1039, 420, 4, '7:40 - 7:50 AM'),
(1040, 420, 5, '4:40 - 4:50 AM'),
(1041, 420, 6, '7:40 - 7:50 AM'),
(1042, 420, 7, 'Pendiente'),
(1043, 420, 8, '8:40 - 8:50 AM '),
(1044, 420, 9, 'Pendiente'),
(1045, 556, 1, '47 STREET'),
(1046, 556, 2, '47 STREET'),
(1047, 556, 3, '47 STREET'),
(1048, 556, 4, '47 STREET'),
(1049, 556, 5, '47 STREET'),
(1050, 556, 6, '47 STREET'),
(1051, 556, 7, 'Pendiente'),
(1052, 556, 8, '47 STREET'),
(1053, 556, 9, 'Pendiente'),
(1054, 517, 1, '4:40 - 4:50 AM'),
(1055, 517, 2, '7:40 - 7:50 AM'),
(1056, 517, 3, '8:40 - 8:50 AM '),
(1057, 517, 4, '7:40 - 7:50 AM'),
(1058, 517, 5, '4:40 - 4:50 AM'),
(1059, 517, 6, '7:40 - 7:50 AM'),
(1060, 517, 7, 'Pendiente'),
(1061, 517, 8, '8:40 - 8:50 AM '),
(1062, 517, 9, 'Pendiente'),
(1063, 518, 1, '4:40 - 4:50 AM'),
(1064, 518, 2, '7:40 - 7:50 AM'),
(1065, 518, 3, '8:40 - 8:50 AM '),
(1066, 518, 4, '7:40 - 7:50 AM'),
(1067, 518, 5, '4:40 - 4:50 AM'),
(1068, 518, 6, '7:40 - 7:50 AM'),
(1069, 518, 7, 'Pendiente'),
(1070, 518, 8, '8:40 - 8:50 AM '),
(1071, 518, 9, 'Pendiente'),
(1072, 421, 1, '4:30 - 4:40 AM'),
(1073, 421, 2, '7:30 - 7:40 AM'),
(1074, 421, 3, '8:30 - 8:40 AM'),
(1075, 421, 4, '7:30 - 7:40 AM'),
(1076, 421, 5, '4:30 - 4:40 AM'),
(1077, 421, 6, '7:30 - 7:40 AM'),
(1078, 421, 7, 'Pendiente'),
(1079, 421, 8, '8:30 - 8:40 AM'),
(1080, 421, 9, 'Pendiente'),
(1081, 247, 1, '4:00 - 4:10 AM'),
(1082, 247, 2, '7:00 - 7:10 AM'),
(1083, 247, 3, '8:00 - 8:10 AM'),
(1084, 247, 4, '7:00 - 7:10 AM'),
(1085, 247, 5, '4:00 - 4:10 AM'),
(1086, 247, 6, '7:00 - 7:10 AM'),
(1087, 247, 7, 'Pendiente'),
(1088, 247, 8, '8:00 - 8:10 AM'),
(1089, 247, 9, 'Pendiente'),
(1090, 519, 1, '4:40 - 4:50 AM'),
(1091, 519, 2, '7:40 - 7:50 AM'),
(1092, 519, 3, '8:40 - 8:50 AM '),
(1093, 519, 4, '7:40 - 7:50 AM'),
(1094, 519, 5, '4:40 - 4:50 AM'),
(1095, 519, 6, '7:40 - 7:50 AM'),
(1096, 519, 7, 'Pendiente'),
(1097, 519, 8, '8:40 - 8:50 AM '),
(1098, 519, 9, 'Pendiente'),
(1099, 115, 1, '4:30 - 4:40 AM'),
(1100, 115, 2, '7:30 - 7:40 AM'),
(1101, 115, 3, '8:30 - 8:40 AM'),
(1102, 115, 4, '7:30 - 7:40 AM'),
(1103, 115, 5, '4:30 - 4:40 AM'),
(1104, 115, 6, '7:30 - 7:40 AM'),
(1105, 115, 7, 'Pendiente'),
(1106, 115, 8, '8:30 - 8:40 AM'),
(1107, 115, 9, 'Pendiente'),
(1108, 557, 1, '4:40 - 4:50 AM'),
(1109, 557, 2, '7:40 - 7:50 AM'),
(1110, 557, 3, '8:40 - 8:50 AM '),
(1111, 557, 4, '7:40 - 7:50 AM'),
(1112, 557, 5, '4:40 - 4:50 AM'),
(1113, 557, 6, '7:40 - 7:50 AM'),
(1114, 557, 7, 'PENDIENTE'),
(1115, 557, 8, '8:40 - 8:50 AM '),
(1116, 557, 9, 'PENDIENTE'),
(1117, 87, 1, '4:00 - 4:10 AM'),
(1118, 87, 2, '7:00 - 7:10 AM'),
(1119, 87, 3, '8:00 - 8:10 AM'),
(1120, 87, 4, '7:00 - 7:10 AM'),
(1121, 87, 5, '4:00 - 4:10 AM'),
(1122, 87, 6, '7:00 - 7:10 AM'),
(1123, 87, 7, '4:50 PM'),
(1124, 87, 8, '8:00 - 8:10 AM'),
(1125, 87, 9, '9:00 AM'),
(1126, 520, 1, '4:40 - 4:50 AM'),
(1127, 520, 2, '7:40 - 7:50 AM'),
(1128, 520, 3, '8:40 - 8:50 AM '),
(1129, 520, 4, '7:40 - 7:50 AM'),
(1130, 520, 5, '4:40 - 4:50 AM'),
(1131, 520, 6, '7:40 - 7:50 AM'),
(1132, 520, 7, 'Pendiente'),
(1133, 520, 8, '8:40 - 8:50 AM '),
(1134, 520, 9, 'Pendiente'),
(1135, 521, 1, '4:40 - 4:50 AM'),
(1136, 521, 2, '7:40 - 7:50 AM'),
(1137, 521, 3, '8:40 - 8:50 AM '),
(1138, 521, 4, '7:40 - 7:50 AM'),
(1139, 521, 5, '4:40 - 4:50 AM'),
(1140, 521, 6, '7:40 - 7:50 AM'),
(1141, 521, 7, '5:40 - 5:50 AM'),
(1142, 521, 8, '8:40 - 8:50 AM '),
(1143, 521, 9, '9:00 AM'),
(1144, 116, 1, '4:30 - 4:40 AM'),
(1145, 116, 2, '7:30 - 7:40 AM'),
(1146, 116, 3, '8:30 - 8:40 AM'),
(1147, 116, 4, '7:30 - 7:40 AM'),
(1148, 116, 5, '4:30 - 4:40 AM'),
(1149, 116, 6, '7:30 - 7:40 AM'),
(1150, 116, 7, 'Pendiente'),
(1151, 116, 8, '8:30 - 8:40 AM'),
(1152, 116, 9, 'Pendiente'),
(1153, 56, 1, '4:00 - 4:10 AM '),
(1154, 56, 2, '7:00 - 7:10 AM'),
(1155, 56, 3, '8:00 - 8:10 AM'),
(1156, 56, 4, '7:00 - 7:10 AM'),
(1157, 56, 5, '4:00 - 4:10 AM '),
(1158, 56, 6, '7:00 - 7:10 AM'),
(1159, 56, 7, '5:00 - 5:10 PM'),
(1160, 56, 8, '8:00 - 8:10 AM'),
(1161, 56, 9, 'PENDIENTE'),
(1162, 117, 1, '4:30 - 4:40 AM'),
(1163, 117, 2, '7:30 - 7:40 AM'),
(1164, 117, 3, '8:30 - 8:40 AM'),
(1165, 117, 4, '7:30 - 7:40 AM'),
(1166, 117, 5, '4:30 - 4:40 AM'),
(1167, 117, 6, '7:30 - 7:40 AM'),
(1168, 117, 7, 'Pendiente'),
(1169, 117, 8, '8:30 - 8:40 AM'),
(1170, 117, 9, 'Pendiente'),
(1171, 558, 1, '47 STREET'),
(1172, 558, 2, '47 STREET'),
(1173, 558, 3, '47 STREET'),
(1174, 558, 4, '47 STREET'),
(1175, 558, 5, '47 STREET'),
(1176, 558, 6, '47 STREET'),
(1177, 558, 7, 'Pendiente'),
(1178, 558, 8, '47 STREET'),
(1179, 558, 9, 'Pendiente'),
(1180, 72, 1, '4:00 - 4:10 AM'),
(1181, 72, 2, '7:00 - 7:10 AM'),
(1182, 72, 3, '8:00 - 8:10 AM'),
(1183, 72, 4, '7:00 - 7:10 AM'),
(1184, 72, 5, '4:00 - 4:10 AM'),
(1185, 72, 6, '7:00 - 7:10 AM'),
(1186, 72, 7, 'Pendiente'),
(1187, 72, 8, '8:00 - 8:10 AM'),
(1188, 72, 9, 'Pendiente'),
(1189, 624, 1, 'EST. POBLADO'),
(1190, 624, 2, 'EST. POBLADO'),
(1191, 624, 3, 'EST. POBLADO'),
(1192, 624, 4, 'EST. POBLADO'),
(1193, 624, 5, 'EST. POBLADO'),
(1194, 624, 6, 'EST. POBLADO'),
(1195, 624, 7, 'Pendiente'),
(1196, 624, 8, 'EST. POBLADO'),
(1197, 624, 9, 'Pendiente'),
(1198, 422, 1, '4:20 - 4:30 AM'),
(1199, 422, 2, '7:20 - 7:30 AM'),
(1200, 422, 3, ' 8:20 - 8:30 AM'),
(1201, 422, 4, '7:20 - 7:30 AM'),
(1202, 422, 5, '4:20 - 4:30 AM'),
(1203, 422, 6, '7:20 - 7:30 AM'),
(1204, 422, 7, 'Pendiente'),
(1205, 422, 8, ' 8:20 - 8:30 AM'),
(1206, 422, 9, 'Pendiente'),
(1207, 423, 1, '4:20 - 4:30 AM'),
(1208, 423, 2, '7:20 - 7:30 AM'),
(1209, 423, 3, ' 8:20 - 8:30 AM'),
(1210, 423, 4, '7:20 - 7:30 AM'),
(1211, 423, 5, '4:20 - 4:30 AM'),
(1212, 423, 6, '7:20 - 7:30 AM'),
(1213, 423, 7, 'Pendiente'),
(1214, 423, 8, ' 8:20 - 8:30 AM'),
(1215, 423, 9, 'Pendiente'),
(1216, 424, 1, '4:20 - 4:30 AM'),
(1217, 424, 2, '7:20 - 7:30 AM'),
(1218, 424, 3, ' 8:20 - 8:30 AM'),
(1219, 424, 4, '7:20 - 7:30 AM'),
(1220, 424, 5, '4:20 - 4:30 AM'),
(1221, 424, 6, '7:20 - 7:30 AM'),
(1222, 424, 7, 'Pendiente'),
(1223, 424, 8, ' 8:20 - 8:30 AM'),
(1224, 424, 9, 'Pendiente'),
(1225, 425, 1, '4:30 - 4:40 AM'),
(1226, 425, 2, '7:30 - 7:40 AM'),
(1227, 425, 3, '8:30 - 8:40 AM'),
(1228, 425, 4, '7:30 - 7:40 AM'),
(1229, 425, 5, '4:30 - 4:40 AM'),
(1230, 425, 6, '7:30 - 7:40 AM'),
(1231, 425, 7, 'Pendiente'),
(1232, 425, 8, '8:30 - 8:40 AM'),
(1233, 425, 9, 'Pendiente'),
(1234, 426, 1, '4:30 - 4:40 AM'),
(1235, 426, 2, '7:30 - 7:40 AM'),
(1236, 426, 3, '8:30 - 8:40 AM'),
(1237, 426, 4, '7:30 - 7:40 AM'),
(1238, 426, 5, '4:30 - 4:40 AM'),
(1239, 426, 6, '7:30 - 7:40 AM'),
(1240, 426, 7, 'Pendiente'),
(1241, 426, 8, '8:30 - 8:40 AM'),
(1242, 426, 9, 'Pendiente'),
(1243, 522, 1, '4:40 - 4:50 AM'),
(1244, 522, 2, '7:40 - 7:50 AM'),
(1245, 522, 3, '8:40 - 8:50 AM '),
(1246, 522, 4, '7:40 - 7:50 AM'),
(1247, 522, 5, '4:40 - 4:50 AM'),
(1248, 522, 6, '7:40 - 7:50 AM'),
(1249, 522, 7, 'Pendiente'),
(1250, 522, 8, '8:40 - 8:50 AM '),
(1251, 522, 9, 'Pendiente'),
(1252, 523, 1, '4:40 - 4:50 AM'),
(1253, 523, 2, '7:40 - 7:50 AM'),
(1254, 523, 3, '8:40 - 8:50 AM '),
(1255, 523, 4, '7:40 - 7:50 AM'),
(1256, 523, 5, '4:40 - 4:50 AM'),
(1257, 523, 6, '7:40 - 7:50 AM'),
(1258, 523, 7, 'PENDIENTE'),
(1259, 523, 8, '8:40 - 8:50 AM '),
(1260, 523, 9, 'PENDIENTE'),
(1261, 118, 1, '4:00 - 4:10 AM'),
(1262, 118, 2, '7:10 - 7:20 AM'),
(1263, 118, 3, '8:10 - 8:20 AM'),
(1264, 118, 4, '7:10 - 7:20 AM'),
(1265, 118, 5, '4:00 - 4:10 AM'),
(1266, 118, 6, '7:10 - 7:20 AM'),
(1267, 118, 7, 'Pendiente'),
(1268, 118, 8, '8:10 - 8:20 AM'),
(1269, 118, 9, 'Pendiente'),
(1270, 73, 1, '4:00 - 4:10 AM'),
(1271, 73, 2, '7:00 - 7:10 AM'),
(1272, 73, 3, '8:00 - 8:10 AM'),
(1273, 73, 4, '7:00 - 7:10 AM'),
(1274, 73, 5, '4:00 - 4:10 AM'),
(1275, 73, 6, '7:00 - 7:10 AM'),
(1276, 73, 7, 'Pendiente'),
(1277, 73, 8, '8:00 - 8:10 AM'),
(1278, 73, 9, 'Pendiente'),
(1279, 427, 1, '4:00 - 4:10 AM'),
(1280, 427, 2, '7:10 - 7:20 AM'),
(1281, 427, 3, '8:10 - 8:20 AM'),
(1282, 427, 4, '7:10 - 7:20 AM'),
(1283, 427, 5, '4:00 - 4:10 AM'),
(1284, 427, 6, '7:10 - 7:20 AM'),
(1285, 427, 7, '5:10 - 5:20 PM'),
(1286, 427, 8, '8:10 - 8:20 AM'),
(1287, 427, 9, '9:00 AM'),
(1288, 524, 1, '4:40 - 4:50 AM'),
(1289, 524, 2, '7:40 - 7:50 AM'),
(1290, 524, 3, '8:40 - 8:50 AM '),
(1291, 524, 4, '7:40 - 7:50 AM'),
(1292, 524, 5, '4:40 - 4:50 AM'),
(1293, 524, 6, '7:40 - 7:50 AM'),
(1294, 524, 7, 'Pendiente'),
(1295, 524, 8, '8:40 - 8:50 AM '),
(1296, 524, 9, 'Pendiente'),
(1297, 559, 1, 'LLEGA AL 47 STREET'),
(1298, 559, 2, 'LLEGA AL 47 STREET'),
(1299, 559, 3, 'LLEGA AL 47 STREET'),
(1300, 559, 4, 'LLEGA AL 47 STREET'),
(1301, 559, 5, 'LLEGA AL 47 STREET'),
(1302, 559, 6, 'LLEGA AL 47 STREET'),
(1303, 559, 7, 'Pendiente'),
(1304, 559, 8, 'LLEGA AL 47 STREET'),
(1305, 559, 9, 'Pendiente'),
(1306, 428, 1, '4:20 - 4:30 AM'),
(1307, 428, 2, '7:20 - 7:30 AM'),
(1308, 428, 3, ' 8:20 - 8:30 AM'),
(1309, 428, 4, '7:20 - 7:30 AM'),
(1310, 428, 5, '4:20 - 4:30 AM'),
(1311, 428, 6, '7:20 - 7:30 AM'),
(1312, 428, 7, 'Pendiente'),
(1313, 428, 8, ' 8:20 - 8:30 AM'),
(1314, 428, 9, 'Pendiente'),
(1315, 248, 1, '4:00 - 4:10 AM'),
(1316, 248, 2, '7:10 - 7:20 AM'),
(1317, 248, 3, '8:10 - 8:20 AM'),
(1318, 248, 4, '7:10 - 7:20 AM'),
(1319, 248, 5, '4:00 - 4:10 AM'),
(1320, 248, 6, '7:10 - 7:20 AM'),
(1321, 248, 7, 'Pendiente'),
(1322, 248, 8, '8:10 - 8:20 AM'),
(1323, 248, 9, 'Pendiente'),
(1324, 560, 1, '4:50 - 5:00 AM'),
(1325, 560, 2, '8:00 - 8:10 AM'),
(1326, 560, 3, 'N/A'),
(1327, 560, 4, 'N/A'),
(1328, 560, 5, '4:50 - 5:00 AM'),
(1329, 560, 6, '8:00 - 8:10 AM'),
(1330, 560, 7, 'Pendiente'),
(1331, 560, 8, 'N/A'),
(1332, 560, 9, 'Pendiente'),
(1333, 561, 1, 'LLEGA AL 47 STREET'),
(1334, 561, 2, 'LLEGA AL 47 STREET'),
(1335, 561, 3, 'LLEGA AL 47 STREET'),
(1336, 561, 4, 'LLEGA AL 47 STREET'),
(1337, 561, 5, 'LLEGA AL 47 STREET'),
(1338, 561, 6, 'LLEGA AL 47 STREET'),
(1339, 561, 7, 'Pendiente'),
(1340, 561, 8, 'LLEGA AL 47 STREET'),
(1341, 561, 9, 'Pendiente'),
(1342, 57, 1, '4:00 - 4:10 AM'),
(1343, 57, 2, '7:00 - 7:10 AM'),
(1344, 57, 3, '8:00 - 8:10 AM'),
(1345, 57, 4, '7:00 - 7:10 AM'),
(1346, 57, 5, '4:00 - 4:10 AM'),
(1347, 57, 6, '7:00 - 7:10 AM'),
(1348, 57, 7, 'Pendiente'),
(1349, 57, 8, '8:00 - 8:10 AM'),
(1350, 57, 9, 'Pendiente'),
(1351, 58, 1, '4:00 - 4:10 AM'),
(1352, 58, 2, '7:00 - 7:10 AM'),
(1353, 58, 3, '8:00 - 8:10 AM'),
(1354, 58, 4, '7:00 - 7:10 AM'),
(1355, 58, 5, '4:00 - 4:10 AM'),
(1356, 58, 6, '7:00 - 7:10 AM'),
(1357, 58, 7, 'Pendiente'),
(1358, 58, 8, '8:00 - 8:10 AM'),
(1359, 58, 9, 'Pendiente'),
(1360, 59, 1, '4:00 - 4:10 AM'),
(1361, 59, 2, '7:00 - 7:10 AM'),
(1362, 59, 3, '8:00 - 8:10 AM'),
(1363, 59, 4, '7:00 - 7:10 AM'),
(1364, 59, 5, '4:00 - 4:10 AM'),
(1365, 59, 6, '7:00 - 7:10 AM'),
(1366, 59, 7, 'Pendiente'),
(1367, 59, 8, '8:00 - 8:10 AM'),
(1368, 59, 9, 'Pendiente'),
(1369, 249, 1, '4:10 - 4:20 AM'),
(1370, 249, 2, '7:10 - 7:20 AM'),
(1371, 249, 3, '8:10 - 8:20 AM'),
(1372, 249, 4, '7:10 - 7:20 AM'),
(1373, 249, 5, '4:10 - 4:20 AM'),
(1374, 249, 6, '7:10 - 7:20 AM'),
(1375, 249, 7, 'Pendiente'),
(1376, 249, 8, '8:10 - 8:20 AM'),
(1377, 249, 9, 'Pendiente'),
(1378, 119, 1, '4:20 - 4:30 AM'),
(1379, 119, 2, '7:20 - 7:30  AM'),
(1380, 119, 3, '8:20 - 8:30 AM'),
(1381, 119, 4, '7:20 - 7:30  AM'),
(1382, 119, 5, '4:20 - 4:30 AM'),
(1383, 119, 6, '7:20 - 7:30  AM'),
(1384, 119, 7, 'Pendiente'),
(1385, 119, 8, '8:20 - 8:30 AM'),
(1386, 119, 9, 'Pendiente'),
(1387, 562, 1, '4:40 - 4:50 AM'),
(1388, 562, 2, '7:40 - 7:50 AM'),
(1389, 562, 3, '8:40 - 8:50 AM '),
(1390, 562, 4, '7:40 - 7:50 AM'),
(1391, 562, 5, '4:40 - 4:50 AM'),
(1392, 562, 6, '7:40 - 7:50 AM'),
(1393, 562, 7, 'Pendiente'),
(1394, 562, 8, '8:40 - 8:50 AM '),
(1395, 562, 9, 'Pendiente'),
(1396, 525, 1, '4:40 - 4:50 AM'),
(1397, 525, 2, '7:40 - 7:50 AM'),
(1398, 525, 3, '8:40 - 8:50 AM '),
(1399, 525, 4, '7:40 - 7:50 AM'),
(1400, 525, 5, '4:40 - 4:50 AM'),
(1401, 525, 6, '7:40 - 7:50 AM'),
(1402, 525, 7, 'Pendiente'),
(1403, 525, 8, '8:40 - 8:50 AM '),
(1404, 525, 9, 'Pendiente'),
(1405, 429, 1, '4:20 - 4:30 AM'),
(1406, 429, 2, '7:20 - 7:30  AM'),
(1407, 429, 3, '8:20 - 8:30 AM'),
(1408, 429, 4, '7:20 - 7:30  AM'),
(1409, 429, 5, '4:20 - 4:30 AM'),
(1410, 429, 6, '7:20 - 7:30  AM'),
(1411, 429, 7, 'Pendiente'),
(1412, 429, 8, '8:20 - 8:30 AM'),
(1413, 429, 9, 'Pendiente'),
(1414, 120, 1, '5:10 - 5:20 AM'),
(1415, 120, 2, '8:10 - 8:20 AM'),
(1416, 120, 3, 'N/A'),
(1417, 120, 4, 'N/A'),
(1418, 120, 5, '5:10 - 5:20 AM'),
(1419, 120, 6, '8:10 - 8:20 AM'),
(1420, 120, 7, 'PENDIENTE'),
(1421, 120, 8, 'N/A'),
(1422, 120, 9, 'PENDIENTE'),
(1423, 121, 1, '4:40 - 4:50 AM'),
(1424, 121, 2, '7:40 - 7:50 AM'),
(1425, 121, 3, '8:40 - 8:50 AM '),
(1426, 121, 4, '7:40 - 7:50 AM'),
(1427, 121, 5, '4:40 - 4:50 AM'),
(1428, 121, 6, '7:40 - 7:50 AM'),
(1429, 121, 7, 'Pendiente'),
(1430, 121, 8, '8:40 - 8:50 AM '),
(1431, 121, 9, 'Pendiente'),
(1432, 563, 1, '4:40 - 4:50 AM'),
(1433, 563, 2, '7:40 - 7:50 AM'),
(1434, 563, 3, '8:40 - 8:50 AM '),
(1435, 563, 4, '7:40 - 7:50 AM'),
(1436, 563, 5, '4:40 - 4:50 AM'),
(1437, 563, 6, '7:40 - 7:50 AM'),
(1438, 563, 7, 'PENDIENTE'),
(1439, 563, 8, '8:40 - 8:50 AM '),
(1440, 563, 9, 'PENDIENTE'),
(1441, 526, 1, '4:40 - 4:50 AM'),
(1442, 526, 2, '7:40 - 7:50 AM'),
(1443, 526, 3, '8:40 - 8:50 AM '),
(1444, 526, 4, '7:40 - 7:50 AM'),
(1445, 526, 5, '4:40 - 4:50 AM'),
(1446, 526, 6, '7:40 - 7:50 AM'),
(1447, 526, 7, 'Pendiente'),
(1448, 526, 8, '8:40 - 8:50 AM '),
(1449, 526, 9, 'Pendiente'),
(1450, 625, 1, 'EST. POBLADO'),
(1451, 625, 2, 'EST. POBLADO'),
(1452, 625, 3, 'EST. POBLADO'),
(1453, 625, 4, 'EST. POBLADO'),
(1454, 625, 5, 'EST. POBLADO'),
(1455, 625, 6, 'EST. POBLADO'),
(1456, 625, 7, 'Pendiente'),
(1457, 625, 8, 'EST. POBLADO'),
(1458, 625, 9, 'Pendiente'),
(1459, 122, 1, '4:20 - 4:30 AM'),
(1460, 122, 2, '7:20 - 7:30  AM'),
(1461, 122, 3, '8:20 - 8:30 AM'),
(1462, 122, 4, '7:20 - 7:30  AM'),
(1463, 122, 5, '4:20 - 4:30 AM'),
(1464, 122, 6, '7:20 - 7:30  AM'),
(1465, 122, 7, 'Pendiente'),
(1466, 122, 8, '8:20 - 8:30 AM'),
(1467, 122, 9, 'Pendiente'),
(1468, 527, 1, '4:40 - 4:50 AM'),
(1469, 527, 2, '7:40 - 7:50 AM'),
(1470, 527, 3, '8:40 - 8:50 AM '),
(1471, 527, 4, '7:40 - 7:50 AM'),
(1472, 527, 5, '4:40 - 4:50 AM'),
(1473, 527, 6, '7:40 - 7:50 AM'),
(1474, 527, 7, 'Pendiente'),
(1475, 527, 8, '8:40 - 8:50 AM '),
(1476, 527, 9, 'Pendiente'),
(1477, 528, 1, '4:40 - 4:50 AM'),
(1478, 528, 2, '7:40 - 7:50 AM'),
(1479, 528, 3, '8:40 - 8:50 AM '),
(1480, 528, 4, '7:40 - 7:50 AM'),
(1481, 528, 5, '4:40 - 4:50 AM'),
(1482, 528, 6, '7:40 - 7:50 AM'),
(1483, 528, 7, 'Pendiente'),
(1484, 528, 8, '8:40 - 8:50 AM '),
(1485, 528, 9, 'Pendiente'),
(1486, 564, 1, '4:20 - 4:30 AM'),
(1487, 564, 2, '7:20 - 7:30 AM'),
(1488, 564, 3, '8:20 - 8:30 AM'),
(1489, 564, 4, '7:20 - 7:30 AM'),
(1490, 564, 5, '4:20 - 4:30 AM'),
(1491, 564, 6, '7:20 - 7:30 AM'),
(1492, 564, 7, '5:20 - 5:30 PM'),
(1493, 564, 8, '8:20 - 8:30 AM'),
(1494, 564, 9, '9:00 AM'),
(1495, 124, 1, '4:20 - 4:30 AM'),
(1496, 124, 2, '7:20 - 7:30  AM'),
(1497, 124, 3, '8:20 - 8:30 AM'),
(1498, 124, 4, '7:20 - 7:30  AM'),
(1499, 124, 5, '4:20 - 4:30 AM'),
(1500, 124, 6, '7:20 - 7:30  AM'),
(1501, 124, 7, 'Pendiente'),
(1502, 124, 8, '8:20 - 8:30 AM'),
(1503, 124, 9, 'Pendiente'),
(1504, 529, 1, '4:40 - 4:50 AM'),
(1505, 529, 2, '7:40 - 7:50 AM'),
(1506, 529, 3, '8:40 - 8:50 AM '),
(1507, 529, 4, '7:40 - 7:50 AM'),
(1508, 529, 5, '4:40 - 4:50 AM'),
(1509, 529, 6, '7:40 - 7:50 AM'),
(1510, 529, 7, '5:40 - 5:50 PM'),
(1511, 529, 8, '8:40 - 8:50 AM '),
(1512, 529, 9, '9:00 AM'),
(1513, 530, 1, '4:40 - 4:50 AM'),
(1514, 530, 2, '7:40 - 7:50 AM'),
(1515, 530, 3, '8:40 - 8:50 AM '),
(1516, 530, 4, '7:40 - 7:50 AM'),
(1517, 530, 5, '4:40 - 4:50 AM'),
(1518, 530, 6, '7:40 - 7:50 AM'),
(1519, 530, 7, 'Pendiente'),
(1520, 530, 8, '8:40 - 8:50 AM '),
(1521, 530, 9, 'Pendiente'),
(1522, 565, 1, '4:40 - 4:50 AM'),
(1523, 565, 2, '7:40 - 7:50 AM'),
(1524, 565, 3, '8:40 - 8:50 AM '),
(1525, 565, 4, '7:40 - 7:50 AM'),
(1526, 565, 5, '4:40 - 4:50 AM'),
(1527, 565, 6, '7:40 - 7:50 AM'),
(1528, 565, 7, 'Pendiente'),
(1529, 565, 8, '8:40 - 8:50 AM '),
(1530, 565, 9, 'Pendiente'),
(1531, 531, 1, '4:40 - 4:50 AM'),
(1532, 531, 2, '7:40 - 7:50 AM'),
(1533, 531, 3, '8:40 - 8:50 AM '),
(1534, 531, 4, '7:40 - 7:50 AM'),
(1535, 531, 5, '4:40 - 4:50 AM'),
(1536, 531, 6, '7:40 - 7:50 AM'),
(1537, 531, 7, 'Pendiente'),
(1538, 531, 8, '8:40 - 8:50 AM '),
(1539, 531, 9, 'Pendiente'),
(1540, 4, 1, 'LLEGA AL 47 STREET'),
(1541, 4, 2, 'LLEGA AL 47 STREET'),
(1542, 4, 3, 'LLEGA AL 47 STREET'),
(1543, 4, 4, 'LLEGA AL 47 STREET'),
(1544, 4, 5, 'LLEGA AL 47 STREET'),
(1545, 4, 6, 'LLEGA AL 47 STREET'),
(1546, 4, 7, 'Pendiente'),
(1547, 4, 8, 'LLEGA AL 47 STREET'),
(1548, 4, 9, 'Pendiente'),
(1549, 60, 1, '4:00 - 4:10 AM'),
(1550, 60, 2, '7:00 - 7:10 AM'),
(1551, 60, 3, '8:00 - 8:10 AM'),
(1552, 60, 4, '7:00 - 7:10 AM'),
(1553, 60, 5, '4:00 - 4:10 AM'),
(1554, 60, 6, '7:00 - 7:10 AM'),
(1555, 60, 7, 'Pendiente'),
(1556, 60, 8, '8:00 - 8:10 AM'),
(1557, 60, 9, 'Pendiente'),
(1558, 430, 1, '4:00 - 4:10 AM'),
(1559, 430, 2, '7:00 - 7:10 AM'),
(1560, 430, 3, '8:00 - 8:10 AM'),
(1561, 430, 4, '7:00 - 7:10 AM'),
(1562, 430, 5, '4:00 - 4:10 AM'),
(1563, 430, 6, '7:00 - 7:10 AM'),
(1564, 430, 7, '5:00 - 5:10 PM'),
(1565, 430, 8, '8:00 - 8:10 AM'),
(1566, 430, 9, '9:00 AM'),
(1567, 431, 1, '4:30 - 4:40 AM'),
(1568, 431, 2, '7:30 - 7:40 AM'),
(1569, 431, 3, '8:30 - 8:40 AM'),
(1570, 431, 4, '7:30 - 7:40 AM'),
(1571, 431, 5, '4:30 - 4:40 AM'),
(1572, 431, 6, '7:30 - 7:40 AM'),
(1573, 431, 7, 'Pendiente'),
(1574, 431, 8, '8:30 - 8:40 AM'),
(1575, 431, 9, 'Pendiente'),
(1576, 432, 1, '4:30 - 4:40 AM'),
(1577, 432, 2, '7:30 - 7:40 AM'),
(1578, 432, 3, '8:30 - 8:40 AM'),
(1579, 432, 4, '7:30 - 7:40 AM'),
(1580, 432, 5, '4:30 - 4:40 AM'),
(1581, 432, 6, '7:30 - 7:40 AM'),
(1582, 432, 7, 'Pendiente'),
(1583, 432, 8, '8:30 - 8:40 AM'),
(1584, 432, 9, 'Pendiente'),
(1585, 566, 1, '4:40 - 4:50 AM'),
(1586, 566, 2, '7:40 - 7:50 AM'),
(1587, 566, 3, '8:40 - 8:50 AM '),
(1588, 566, 4, '7:40 - 7:50 AM'),
(1589, 566, 5, '4:40 - 4:50 AM'),
(1590, 566, 6, '7:40 - 7:50 AM'),
(1591, 566, 7, 'PENDIENTE'),
(1592, 566, 8, '8:40 - 8:50 AM '),
(1593, 566, 9, 'PENDIENTE'),
(1594, 626, 1, 'EST. POBLADO'),
(1595, 626, 2, 'EST. POBLADO'),
(1596, 626, 3, 'EST. POBLADO'),
(1597, 626, 4, 'EST. POBLADO'),
(1598, 626, 5, 'EST. POBLADO'),
(1599, 626, 6, 'EST. POBLADO'),
(1600, 626, 7, 'Pendiente'),
(1601, 626, 8, 'EST. POBLADO'),
(1602, 626, 9, 'Pendiente'),
(1603, 74, 1, '4:00 - 4:10 AM'),
(1604, 74, 2, '7:00 - 7:10 AM'),
(1605, 74, 3, '8:00 - 8:10 AM'),
(1606, 74, 4, '7:00 - 7:10 AM'),
(1607, 74, 5, '4:00 - 4:10 AM'),
(1608, 74, 6, '7:00 - 7:10 AM'),
(1609, 74, 7, 'Pendiente'),
(1610, 74, 8, '8:00 - 8:10 AM'),
(1611, 74, 9, 'Pendiente'),
(1612, 250, 1, '4:00 - 4:10 AM'),
(1613, 250, 2, '7:00 - 7:10 AM'),
(1614, 250, 3, '8:00 - 8:10 AM'),
(1615, 250, 4, '7:00 - 7:10 AM'),
(1616, 250, 5, '4:00 - 4:10 AM'),
(1617, 250, 6, '7:00 - 7:10 AM'),
(1618, 250, 7, 'Pendiente'),
(1619, 250, 8, '8:00 - 8:10 AM'),
(1620, 250, 9, 'Pendiente'),
(1621, 251, 1, '4:00 - 4:10 AM'),
(1622, 251, 2, '7:00 - 7:10 AM'),
(1623, 251, 3, '8:00 - 8:10 AM'),
(1624, 251, 4, '7:00 - 7:10 AM'),
(1625, 251, 5, '4:00 - 4:10 AM'),
(1626, 251, 6, '7:00 - 7:10 AM'),
(1627, 251, 7, 'Pendiente'),
(1628, 251, 8, '8:00 - 8:10 AM'),
(1629, 251, 9, 'Pendiente'),
(1630, 61, 1, '4:00 - 4:10 AM'),
(1631, 61, 2, '7:00 - 7:10 AM'),
(1632, 61, 3, '8:00 - 8:10 AM'),
(1633, 61, 4, '7:00 - 7:10 AM'),
(1634, 61, 5, '4:00 - 4:10 AM'),
(1635, 61, 6, '7:00 - 7:10 AM'),
(1636, 61, 7, 'Pendiente'),
(1637, 61, 8, '8:00 - 8:10 AM'),
(1638, 61, 9, 'Pendiente'),
(1639, 567, 1, '4:40 - 4:50 AM'),
(1640, 567, 2, '7:40 - 7:50 AM'),
(1641, 567, 3, '8:40 - 8:50 AM '),
(1642, 567, 4, '7:20 - 7:30 AM'),
(1643, 567, 5, '4:40 - 4:50 AM'),
(1644, 567, 6, '7:40 - 7:50 AM'),
(1645, 567, 7, '5:20 - 5:30 PM'),
(1646, 567, 8, '8:40 - 8:50 AM '),
(1647, 567, 9, '9:00 AM'),
(1648, 433, 1, '4:00 . 4:10 AM '),
(1649, 433, 2, '7:00 A 7:10 AM'),
(1650, 433, 3, '8:00 - 8:10 AM '),
(1651, 433, 4, '7:00 A 7:10 AM'),
(1652, 433, 5, '4:00 . 4:10 AM '),
(1653, 433, 6, '7:00 A 7:10 AM'),
(1654, 433, 7, 'Pendiente'),
(1655, 433, 8, '8:00 - 8:10 AM '),
(1656, 433, 9, 'Pendiente'),
(1657, 434, 1, '4:30 - 4:40 AM'),
(1658, 434, 2, '7:30 - 7:40 AM'),
(1659, 434, 3, '8:30 - 8:40 AM'),
(1660, 434, 4, '7:30 - 7:40 AM'),
(1661, 434, 5, '4:30 - 4:40 AM'),
(1662, 434, 6, '7:30 - 7:40 AM'),
(1663, 434, 7, 'Pendiente'),
(1664, 434, 8, '8:30 - 8:40 AM'),
(1665, 434, 9, 'Pendiente'),
(1666, 62, 1, '4:00 - 4:10 AM'),
(1667, 62, 2, '7:00 - 7:10 AM');
INSERT INTO `horarios` (`Id_Horario`, `Id_Punto`, `Id_Tour`, `Hora_Salida`) VALUES
(1668, 62, 3, '8:00 - 8:10 AM'),
(1669, 62, 4, '7:00 - 7:10 AM'),
(1670, 62, 5, '4:00 - 4:10 AM'),
(1671, 62, 6, '7:00 - 7:10 AM'),
(1672, 62, 7, 'Pendiente'),
(1673, 62, 8, '8:00 - 8:10 AM'),
(1674, 62, 9, 'Pendiente'),
(1675, 627, 1, 'EST. POBLADO'),
(1676, 627, 2, 'EST. POBLADO'),
(1677, 627, 3, 'EST. POBLADO'),
(1678, 627, 4, 'EST. POBLADO'),
(1679, 627, 5, 'EST. POBLADO'),
(1680, 627, 6, 'EST. POBLADO'),
(1681, 627, 7, 'Pendiente'),
(1682, 627, 8, 'EST. POBLADO'),
(1683, 627, 9, 'Pendiente'),
(1684, 126, 1, '4:20 - 4:30 AM'),
(1685, 126, 2, '7:20 - 7:30 AM'),
(1686, 126, 3, ' 8:20 - 8:30 AM'),
(1687, 126, 4, '7:20 - 7:30 AM'),
(1688, 126, 5, '4:20 - 4:30 AM'),
(1689, 126, 6, '7:20 - 7:30 AM'),
(1690, 126, 7, 'Pendiente'),
(1691, 126, 8, ' 8:20 - 8:30 AM'),
(1692, 126, 9, 'Pendiente'),
(1693, 532, 1, '4:40 - 4:50 AM'),
(1694, 532, 2, '7:40 - 7:50 AM'),
(1695, 532, 3, '8:40 - 8:50 AM '),
(1696, 532, 4, '7:40 - 7:50 AM'),
(1697, 532, 5, '4:40 - 4:50 AM'),
(1698, 532, 6, '7:40 - 7:50 AM'),
(1699, 532, 7, 'Pendiente'),
(1700, 532, 8, '8:40 - 8:50 AM '),
(1701, 532, 9, 'Pendiente'),
(1702, 435, 1, '4:20 - 4:30 AM'),
(1703, 435, 2, '7:20 - 7:30  AM'),
(1704, 435, 3, '8:20 - 8:30 AM'),
(1705, 435, 4, '7:20 - 7:30  AM'),
(1706, 435, 5, '4:20 - 4:30 AM'),
(1707, 435, 6, '7:20 - 7:30  AM'),
(1708, 435, 7, 'Pendiente'),
(1709, 435, 8, '8:20 - 8:30 AM'),
(1710, 435, 9, 'Pendiente'),
(1711, 64, 1, '4:00 . 4:10 AM '),
(1712, 64, 2, '7:00 A 7:10 AM'),
(1713, 64, 3, '8:00 - 8:10 AM '),
(1714, 64, 4, '7:00 A 7:10 AM'),
(1715, 64, 5, '4:00 . 4:10 AM '),
(1716, 64, 6, '7:00 A 7:10 AM'),
(1717, 64, 7, 'Pendiente'),
(1718, 64, 8, '8:00 - 8:10 AM '),
(1719, 64, 9, 'Pendiente'),
(1720, 533, 1, '4:40 - 4:50 AM'),
(1721, 533, 2, '7:40 - 7:50 AM'),
(1722, 533, 3, '8:40 - 8:50 AM '),
(1723, 533, 4, '7:40 - 7:50 AM'),
(1724, 533, 5, '4:40 - 4:50 AM'),
(1725, 533, 6, '7:40 - 7:50 AM'),
(1726, 533, 7, 'Pendiente'),
(1727, 533, 8, '8:40 - 8:50 AM '),
(1728, 533, 9, 'Pendiente'),
(1729, 534, 1, '4:40 - 4:50 AM'),
(1730, 534, 2, '7:40 - 7:50 AM'),
(1731, 534, 3, '8:40 - 8:50 AM '),
(1732, 534, 4, '7:40 - 7:50 AM'),
(1733, 534, 5, '4:40 - 4:50 AM'),
(1734, 534, 6, '7:40 - 7:50 AM'),
(1735, 534, 7, 'Pendiente'),
(1736, 534, 8, '8:40 - 8:50 AM '),
(1737, 534, 9, 'Pendiente'),
(1738, 127, 1, '4:40 - 4:50 AM'),
(1739, 127, 2, '7:40 - 7:50 AM'),
(1740, 127, 3, '8:40 - 8:50 AM '),
(1741, 127, 4, '7:40 - 7:50 AM'),
(1742, 127, 5, '4:40 - 4:50 AM'),
(1743, 127, 6, '7:40 - 7:50 AM'),
(1744, 127, 7, 'PENDIENTE'),
(1745, 127, 8, '8:40 - 8:50 AM '),
(1746, 127, 9, 'PENDIENTE'),
(1747, 75, 1, '4:00 - 4:10 AM'),
(1748, 75, 2, '7:00 - 7:10 AM'),
(1749, 75, 3, '8:00 - 8:10 AM'),
(1750, 75, 4, '7:00 - 7:10 AM'),
(1751, 75, 5, '4:00 - 4:10 AM'),
(1752, 75, 6, '7:00 - 7:10 AM'),
(1753, 75, 7, 'Pendiente'),
(1754, 75, 8, '8:00 - 8:10 AM'),
(1755, 75, 9, 'Pendiente'),
(1756, 128, 1, '4:10 - 4:20 AM'),
(1757, 128, 2, '7:10 - 7:20 AM'),
(1758, 128, 3, '8:10 - 8:20 AM'),
(1759, 128, 4, '7:10 - 7:20 AM'),
(1760, 128, 5, '4:10 - 4:20 AM'),
(1761, 128, 6, '7:10 - 7:20 AM'),
(1762, 128, 7, 'Pendiente'),
(1763, 128, 8, '8:10 - 8:20 AM'),
(1764, 128, 9, 'Pendiente'),
(1765, 436, 1, '4:30 - 4:40 AM'),
(1766, 436, 2, '7:30 - 7:40 AM'),
(1767, 436, 3, '8:30 - 8:40 AM'),
(1768, 436, 4, '7:30 - 7:40 AM'),
(1769, 436, 5, '4:30 - 4:40 AM'),
(1770, 436, 6, '7:30 - 7:40 AM'),
(1771, 436, 7, 'Pendiente'),
(1772, 436, 8, '8:30 - 8:40 AM'),
(1773, 436, 9, 'Pendiente'),
(1774, 129, 1, '4:30 - 4:40 AM'),
(1775, 129, 2, '7:30 - 7:40 AM'),
(1776, 129, 3, '8:30 - 8:40 AM'),
(1777, 129, 4, '7:30 - 7:40 AM'),
(1778, 129, 5, '4:30 - 4:40 AM'),
(1779, 129, 6, '7:30 - 7:40 AM'),
(1780, 129, 7, 'Pendiente'),
(1781, 129, 8, '8:30 - 8:40 AM'),
(1782, 129, 9, 'Pendiente'),
(1783, 130, 1, '4:30 - 4:40 AM'),
(1784, 130, 2, '7:30 - 7:40 AM'),
(1785, 130, 3, '8:30 - 8:40 AM'),
(1786, 130, 4, '7:30 - 7:40 AM'),
(1787, 130, 5, '4:30 - 4:40 AM'),
(1788, 130, 6, '7:30 - 7:40 AM'),
(1789, 130, 7, 'Pendiente'),
(1790, 130, 8, '8:30 - 8:40 AM'),
(1791, 130, 9, 'Pendiente'),
(1792, 437, 1, '4:30 - 4:40 AM'),
(1793, 437, 2, '7:30 - 7:40 AM'),
(1794, 437, 3, '8:30 - 8:40 AM'),
(1795, 437, 4, '7:30 - 7:40 AM'),
(1796, 437, 5, '4:30 - 4:40 AM'),
(1797, 437, 6, '7:30 - 7:40 AM'),
(1798, 437, 7, '5:30 - 5:40 PM'),
(1799, 437, 8, '8:30 - 8:40 AM'),
(1800, 437, 9, '9:00 AM'),
(1801, 438, 1, '4:20 - 4:30 AM'),
(1802, 438, 2, '7:20 - 7:30 AM'),
(1803, 438, 3, ' 8:20 - 8:30 AM'),
(1804, 438, 4, '7:20 - 7:30 AM'),
(1805, 438, 5, '4:20 - 4:30 AM'),
(1806, 438, 6, '7:20 - 7:30 AM'),
(1807, 438, 7, 'Pendiente'),
(1808, 438, 8, ' 8:20 - 8:30 AM'),
(1809, 438, 9, 'Pendiente'),
(1810, 131, 1, '4:20 - 4:30 AM'),
(1811, 131, 2, '7:20 - 7:30 AM'),
(1812, 131, 3, ' 8:20 - 8:30 AM'),
(1813, 131, 4, '7:20 - 7:30 AM'),
(1814, 131, 5, '4:20 - 4:30 AM'),
(1815, 131, 6, '7:20 - 7:30 AM'),
(1816, 131, 7, 'Pendiente'),
(1817, 131, 8, ' 8:20 - 8:30 AM'),
(1818, 131, 9, 'Pendiente'),
(1819, 132, 1, '4:20 - 4:30 AM'),
(1820, 132, 2, '7:20 - 7:30 AM'),
(1821, 132, 3, ' 8:20 - 8:30 AM'),
(1822, 132, 4, '7:20 - 7:30 AM'),
(1823, 132, 5, '4:20 - 4:30 AM'),
(1824, 132, 6, '7:20 - 7:30 AM'),
(1825, 132, 7, 'Pendiente'),
(1826, 132, 8, ' 8:20 - 8:30 AM'),
(1827, 132, 9, 'Pendiente'),
(1828, 133, 1, '4:20 - 4:30 AM'),
(1829, 133, 2, '7:20 - 7:30 AM'),
(1830, 133, 3, ' 8:20 - 8:30 AM'),
(1831, 133, 4, '7:20 - 7:30 AM'),
(1832, 133, 5, '4:20 - 4:30 AM'),
(1833, 133, 6, '7:20 - 7:30 AM'),
(1834, 133, 7, 'Pendiente'),
(1835, 133, 8, ' 8:20 - 8:30 AM'),
(1836, 133, 9, 'Pendiente'),
(1837, 134, 1, '4:20 - 4:30 AM'),
(1838, 134, 2, '7:20 - 7:30 AM'),
(1839, 134, 3, ' 8:20 - 8:30 AM'),
(1840, 134, 4, '7:20 - 7:30 AM'),
(1841, 134, 5, '4:20 - 4:30 AM'),
(1842, 134, 6, '7:20 - 7:30 AM'),
(1843, 134, 7, 'Pendiente'),
(1844, 134, 8, ' 8:20 - 8:30 AM'),
(1845, 134, 9, 'Pendiente'),
(1846, 135, 1, '4:20 - 4:30 AM'),
(1847, 135, 2, '7:20 - 7:30 AM'),
(1848, 135, 3, ' 8:20 - 8:30 AM'),
(1849, 135, 4, '7:20 - 7:30 AM'),
(1850, 135, 5, '4:20 - 4:30 AM'),
(1851, 135, 6, '7:20 - 7:30 AM'),
(1852, 135, 7, 'Pendiente'),
(1853, 135, 8, ' 8:20 - 8:30 AM'),
(1854, 135, 9, 'Pendiente'),
(1855, 137, 1, '4:20 - 4:30 AM'),
(1856, 137, 2, '7:20 - 7:30 AM'),
(1857, 137, 3, ' 8:20 - 8:30 AM'),
(1858, 137, 4, '7:20 - 7:30 AM'),
(1859, 137, 5, '4:20 - 4:30 AM'),
(1860, 137, 6, '7:20 - 7:30 AM'),
(1861, 137, 7, 'PENDIENTE'),
(1862, 137, 8, ' 8:20 - 8:30 AM'),
(1863, 137, 9, 'PENDIENTE'),
(1864, 252, 1, '4:10 - 4:20 AM'),
(1865, 252, 2, '7:10 - 7:20 AM'),
(1866, 252, 3, '8:10 - 8:20 AM'),
(1867, 252, 4, '7:10 - 7:20 AM'),
(1868, 252, 5, '4:10 - 4:20 AM'),
(1869, 252, 6, '7:10 - 7:20 AM'),
(1870, 252, 7, 'Pendiente'),
(1871, 252, 8, '8:10 - 8:20 AM'),
(1872, 252, 9, 'Pendiente'),
(1873, 535, 1, '4:40 - 4:50 AM'),
(1874, 535, 2, '7:40 - 7:50 AM'),
(1875, 535, 3, '8:40 - 8:50 AM '),
(1876, 535, 4, '7:40 - 7:50 AM'),
(1877, 535, 5, '4:40 - 4:50 AM'),
(1878, 535, 6, '7:40 - 7:50 AM'),
(1879, 535, 7, 'Pendiente'),
(1880, 535, 8, '8:40 - 8:50 AM '),
(1881, 535, 9, 'Pendiente'),
(1882, 440, 1, '4:40 - 4:50 AM'),
(1883, 440, 2, '7:40 - 7:50 AM'),
(1884, 440, 3, '8:40 - 8:50 AM '),
(1885, 440, 4, '7:40 - 7:50 AM'),
(1886, 440, 5, '4:40 - 4:50 AM'),
(1887, 440, 6, '7:40 - 7:50 AM'),
(1888, 440, 7, 'PENDIENTE'),
(1889, 440, 8, '8:40 - 8:50 AM '),
(1890, 440, 9, 'PENDIENTE'),
(1891, 138, 1, '4:20 - 4:30 AM'),
(1892, 138, 2, '7:20 - 7:30 AM'),
(1893, 138, 3, ' 8:20 - 8:30 AM'),
(1894, 138, 4, '7:20 - 7:30 AM'),
(1895, 138, 5, '4:20 - 4:30 AM'),
(1896, 138, 6, '7:20 - 7:30 AM'),
(1897, 138, 7, 'Pendiente'),
(1898, 138, 8, ' 8:20 - 8:30 AM'),
(1899, 138, 9, 'Pendiente'),
(1900, 253, 1, '4:20 - 4:30 AM'),
(1901, 253, 2, '7:20 - 7:30 AM'),
(1902, 253, 3, ' 8:20 - 8:30 AM'),
(1903, 253, 4, '7:20 - 7:30 AM'),
(1904, 253, 5, '4:20 - 4:30 AM'),
(1905, 253, 6, '7:20 - 7:30 AM'),
(1906, 253, 7, 'Pendiente'),
(1907, 253, 8, ' 8:20 - 8:30 AM'),
(1908, 253, 9, 'Pendiente'),
(1909, 441, 1, '4:20 - 4:30 AM'),
(1910, 441, 2, '7:20 - 7:30 AM'),
(1911, 441, 3, ' 8:20 - 8:30 AM'),
(1912, 441, 4, '7:20 - 7:30 AM'),
(1913, 441, 5, '4:20 - 4:30 AM'),
(1914, 441, 6, '7:20 - 7:30 AM'),
(1915, 441, 7, 'Pendiente'),
(1916, 441, 8, ' 8:20 - 8:30 AM'),
(1917, 441, 9, 'Pendiente'),
(1918, 442, 1, '4:20 - 4:30 AM'),
(1919, 442, 2, '7:20 - 7:30 AM'),
(1920, 442, 3, ' 8:20 - 8:30 AM'),
(1921, 442, 4, '7:20 - 7:30 AM'),
(1922, 442, 5, '4:20 - 4:30 AM'),
(1923, 442, 6, '7:20 - 7:30 AM'),
(1924, 442, 7, 'Pendiente'),
(1925, 442, 8, ' 8:20 - 8:30 AM'),
(1926, 442, 9, 'Pendiente'),
(1927, 443, 1, '4:20 - 4:30 AM'),
(1928, 443, 2, '7:20 - 7:30 AM'),
(1929, 443, 3, ' 8:20 - 8:30 AM'),
(1930, 443, 4, '7:20 - 7:30 AM'),
(1931, 443, 5, '4:20 - 4:30 AM'),
(1932, 443, 6, '7:20 - 7:30 AM'),
(1933, 443, 7, 'Pendiente'),
(1934, 443, 8, ' 8:20 - 8:30 AM'),
(1935, 443, 9, 'Pendiente'),
(1936, 444, 1, '4:20 - 4:30 AM'),
(1937, 444, 2, '7:20 - 7:30 AM'),
(1938, 444, 3, ' 8:20 - 8:30 AM'),
(1939, 444, 4, '7:20 - 7:30 AM'),
(1940, 444, 5, '4:20 - 4:30 AM'),
(1941, 444, 6, '7:20 - 7:30 AM'),
(1942, 444, 7, 'Pendiente'),
(1943, 444, 8, ' 8:20 - 8:30 AM'),
(1944, 444, 9, 'Pendiente'),
(1945, 445, 1, '4:00 - 4:10 AM'),
(1946, 445, 2, '7:00 - 7:10 AM'),
(1947, 445, 3, '8:00 - 8:10 AM'),
(1948, 445, 4, '7:00 - 7:10 AM'),
(1949, 445, 5, '4:00 - 4:10 AM'),
(1950, 445, 6, '7:00 - 7:10 AM'),
(1951, 445, 7, 'Pendiente'),
(1952, 445, 8, '8:00 - 8:10 AM'),
(1953, 445, 9, 'Pendiente'),
(1954, 446, 1, '4:20 - 4:30 AM'),
(1955, 446, 2, '7:20 - 7:30 AM'),
(1956, 446, 3, ' 8:20 - 8:30 AM'),
(1957, 446, 4, '7:20 - 7:30 AM'),
(1958, 446, 5, '4:20 - 4:30 AM'),
(1959, 446, 6, '7:20 - 7:30 AM'),
(1960, 446, 7, 'Pendiente'),
(1961, 446, 8, ' 8:20 - 8:30 AM'),
(1962, 446, 9, 'Pendiente'),
(1963, 536, 1, '4:40 - 4:50 AM'),
(1964, 536, 2, '7:40 - 7:50 AM'),
(1965, 536, 3, '8:40 - 8:50 AM '),
(1966, 536, 4, '7:40 - 7:50 AM'),
(1967, 536, 5, '4:40 - 4:50 AM'),
(1968, 536, 6, '7:40 - 7:50 AM'),
(1969, 536, 7, 'Pendiente'),
(1970, 536, 8, '8:40 - 8:50 AM '),
(1971, 536, 9, 'Pendiente'),
(1972, 65, 1, '4:00 - 4:10 AM'),
(1973, 65, 2, '7:00 - 7:10 AM'),
(1974, 65, 3, '8:00 - 8:10 AM'),
(1975, 65, 4, '7:00 - 7:10 AM'),
(1976, 65, 5, '4:00 - 4:10 AM'),
(1977, 65, 6, '7:00 - 7:10 AM'),
(1978, 65, 7, 'PENDIENTE'),
(1979, 65, 8, '8:00 - 8:10 AM'),
(1980, 65, 9, 'PENDIENTE'),
(1981, 140, 1, '4:10 - 4:20 AM'),
(1982, 140, 2, '7:10 - 7:20 AM'),
(1983, 140, 3, '8:10 - 8:20 AM'),
(1984, 140, 4, '7:10 - 7:20 AM'),
(1985, 140, 5, '4:10 - 4:20 AM'),
(1986, 140, 6, '7:10 - 7:20 AM'),
(1987, 140, 7, '5:10 - 5:20 PM'),
(1988, 140, 8, '8:10 - 8:20 AM'),
(1989, 140, 9, '9:00 AM'),
(1990, 537, 1, '4:20 - 4:30 AM'),
(1991, 537, 2, '7:20 - 7:30 AM'),
(1992, 537, 3, ' 8:20 - 8:30 AM'),
(1993, 537, 4, '7:20 - 7:30 AM'),
(1994, 537, 5, '4:20 - 4:30 AM'),
(1995, 537, 6, '7:20 - 7:30 AM'),
(1996, 537, 7, 'PENDIENTE'),
(1997, 537, 8, ' 8:20 - 8:30 AM'),
(1998, 537, 9, 'PENDIENTE'),
(1999, 538, 1, '4:40 - 4:50 AM'),
(2000, 538, 2, '7:40 - 7:50 AM'),
(2001, 538, 3, '8:40 - 8:50 AM '),
(2002, 538, 4, '7:40 - 7:50 AM'),
(2003, 538, 5, '4:40 - 4:50 AM'),
(2004, 538, 6, '7:40 - 7:50 AM'),
(2005, 538, 7, 'Pendiente'),
(2006, 538, 8, '8:40 - 8:50 AM '),
(2007, 538, 9, 'Pendiente'),
(2008, 143, 1, '4:20 - 4:30 AM '),
(2009, 143, 2, '7:20 - 7:30 AM'),
(2010, 143, 3, '8:20 8:30 AM'),
(2011, 143, 4, '7:20 - 7:30 AM'),
(2012, 143, 5, '4:20 - 4:30 AM '),
(2013, 143, 6, '7:20 - 7:30 AM'),
(2014, 143, 7, 'Pendiente'),
(2015, 143, 8, '8:20 8:30 AM'),
(2016, 143, 9, 'Pendiente'),
(2017, 447, 1, '4:20 - 4:30 AM'),
(2018, 447, 2, '7:20 - 7:30 AM'),
(2019, 447, 3, ' 8:20 - 8:30 AM'),
(2020, 447, 4, '7:20 - 7:30 AM'),
(2021, 447, 5, '4:20 - 4:30 AM'),
(2022, 447, 6, '7:20 - 7:30 AM'),
(2023, 447, 7, 'Pendiente'),
(2024, 447, 8, ' 8:20 - 8:30 AM'),
(2025, 447, 9, 'Pendiente'),
(2026, 254, 1, '4:10 - 4:20 AM'),
(2027, 254, 2, '7:10 - 7:20 AM'),
(2028, 254, 3, '8:10 - 8:20 AM'),
(2029, 254, 4, '7:10 - 7:20 AM'),
(2030, 254, 5, '4:10 - 4:20 AM'),
(2031, 254, 6, '7:10 - 7:20 AM'),
(2032, 254, 7, 'Pendiente'),
(2033, 254, 8, '8:10 - 8:20 AM'),
(2034, 254, 9, 'Pendiente'),
(2035, 568, 1, 'LLEGAR AL HOTEL 47 S'),
(2036, 568, 2, 'LLEGAR AL HOTEL 47 S'),
(2037, 568, 3, 'LLEGAR AL HOTEL 47 S'),
(2038, 568, 4, 'LLEGAR AL HOTEL 47 S'),
(2039, 568, 5, 'LLEGAR AL HOTEL 47 S'),
(2040, 568, 6, 'LLEGAR AL HOTEL 47 S'),
(2041, 568, 7, 'LLEGAR AL HOTEL 47 S'),
(2042, 568, 8, 'LLEGAR AL HOTEL 47 S'),
(2043, 568, 9, 'LLEGAR AL HOTEL 47 S'),
(2044, 321, 1, '4:00 - 4:10 AM'),
(2045, 321, 2, '7:00 - 7:10 AM'),
(2046, 321, 3, '8:00 - 8:10 AM'),
(2047, 321, 4, '7:00 - 7:10 AM'),
(2048, 321, 5, '4:00 - 4:10 AM'),
(2049, 321, 6, '7:00 - 7:10 AM'),
(2050, 321, 7, 'Pendiente'),
(2051, 321, 8, '8:00 - 8:10 AM'),
(2052, 321, 9, 'Pendiente'),
(2053, 8, 1, '4:00 - 4:10 AM'),
(2054, 8, 2, '7:00 - 7:10 AM'),
(2055, 8, 3, '8:00 - 8:10 AM'),
(2056, 8, 4, '7:00 - 7:10 AM'),
(2057, 8, 5, '4:00 - 4:10 AM'),
(2058, 8, 6, '7:00 - 7:10 AM'),
(2059, 8, 7, 'Pendiente'),
(2060, 8, 8, '8:00 - 8:10 AM'),
(2061, 8, 9, 'Pendiente'),
(2062, 322, 1, '4:20 - 4:30 AM'),
(2063, 322, 2, '7:20 - 7:30 AM'),
(2064, 322, 3, ' 8:20 - 8:30 AM'),
(2065, 322, 4, '7:20 - 7:30 AM'),
(2066, 322, 5, '4:20 - 4:30 AM'),
(2067, 322, 6, '7:20 - 7:30 AM'),
(2068, 322, 7, 'PENDIENTE'),
(2069, 322, 8, ' 8:20 - 8:30 AM'),
(2070, 322, 9, 'PENDIENTE'),
(2071, 323, 1, '4:30 - 4:40 AM'),
(2072, 323, 2, '7:30 - 7:40 AM'),
(2073, 323, 3, '8:30 - 8:40 AM'),
(2074, 323, 4, '7:30 - 7:40 AM'),
(2075, 323, 5, '4:30 - 4:40 AM'),
(2076, 323, 6, '7:30 - 7:40 AM'),
(2077, 323, 7, 'Pendiente'),
(2078, 323, 8, '8:30 - 8:40 AM'),
(2079, 323, 9, 'Pendiente'),
(2080, 324, 1, '4:20 - 4:30 AM'),
(2081, 324, 2, '7:20 - 7:30 AM'),
(2082, 324, 3, ' 8:20 - 8:30 AM'),
(2083, 324, 4, '7:20 - 7:30 AM'),
(2084, 324, 5, '4:20 - 4:30 AM'),
(2085, 324, 6, '7:20 - 7:30 AM'),
(2086, 324, 7, 'Pendiente'),
(2087, 324, 8, ' 8:20 - 8:30 AM'),
(2088, 324, 9, 'Pendiente'),
(2089, 325, 1, '4:30 - 4:40 AM'),
(2090, 325, 2, '7:30 - 7:40 AM'),
(2091, 325, 3, '8:30 - 8:40 AM'),
(2092, 325, 4, '7:30 - 7:40 AM'),
(2093, 325, 5, '4:30 - 4:40 AM'),
(2094, 325, 6, '7:30 - 7:40 AM'),
(2095, 325, 7, 'Pendiente'),
(2096, 325, 8, '8:30 - 8:40 AM'),
(2097, 325, 9, 'Pendiente'),
(2098, 449, 1, '4:40 - 4:50 AM'),
(2099, 449, 2, '7:40 - 7:50 AM'),
(2100, 449, 3, '8:40 - 8:50 AM '),
(2101, 449, 4, '7:40 - 7:50 AM'),
(2102, 449, 5, '4:40 - 4:50 AM'),
(2103, 449, 6, '7:40 - 7:50 AM'),
(2104, 449, 7, 'Pendiente'),
(2105, 449, 8, '8:40 - 8:50 AM '),
(2106, 449, 9, 'Pendiente'),
(2107, 326, 1, '4:00 - 4:10 AM'),
(2108, 326, 2, '7:00 - 7:10 AM'),
(2109, 326, 3, '8:00 - 8:10 AM'),
(2110, 326, 4, '7:00 - 7:10 AM'),
(2111, 326, 5, '4:00 - 4:10 AM'),
(2112, 326, 6, '7:00 - 7:10 AM'),
(2113, 326, 7, 'Pendiente'),
(2114, 326, 8, '8:00 - 8:10 AM'),
(2115, 326, 9, 'Pendiente'),
(2116, 5, 1, 'EST. POBLADO'),
(2117, 5, 2, 'EST. POBLADO'),
(2118, 5, 3, 'EST. POBLADO'),
(2119, 5, 4, 'EST. POBLADO'),
(2120, 5, 5, 'EST. POBLADO'),
(2121, 5, 6, 'EST. POBLADO'),
(2122, 5, 7, 'PENDIENTE'),
(2123, 5, 8, 'EST. POBLADO'),
(2124, 5, 9, 'PENDIENTE'),
(2125, 200, 1, '4:30 - 4:40 AM'),
(2126, 200, 2, '7:30 - 7:40 AM'),
(2127, 200, 3, '8:30 - 8:40 AM'),
(2128, 200, 4, '7:30 - 7:40 AM'),
(2129, 200, 5, '4:30 - 4:40 AM'),
(2130, 200, 6, '7:30 - 7:40 AM'),
(2131, 200, 7, 'Pendiente'),
(2132, 200, 8, '8:30 - 8:40 AM'),
(2133, 200, 9, 'Pendiente'),
(2134, 328, 1, '4:10 - 4:20 AM'),
(2135, 328, 2, '7:10 - 7:20 AM'),
(2136, 328, 3, '8:10 - 8:20 AM'),
(2137, 328, 4, '7:10 - 7:20 AM'),
(2138, 328, 5, '4:10 - 4:20 AM'),
(2139, 328, 6, '7:10 - 7:20 AM'),
(2140, 328, 7, 'Pendiente'),
(2141, 328, 8, '8:10 - 8:20 AM'),
(2142, 328, 9, 'Pendiente'),
(2143, 329, 1, '4:30 - 4:40 AM'),
(2144, 329, 2, '7:30 - 7:40 AM'),
(2145, 329, 3, '8:30 - 8:40 AM'),
(2146, 329, 4, '7:30 - 7:40 AM'),
(2147, 329, 5, '4:30 - 4:40 AM'),
(2148, 329, 6, '7:30 - 7:40 AM'),
(2149, 329, 7, 'Pendiente'),
(2150, 329, 8, '8:30 - 8:40 AM'),
(2151, 329, 9, 'Pendiente'),
(2152, 569, 1, '47 STREET 4:40 AM'),
(2153, 569, 2, '47 STREET 7:40 AM'),
(2154, 569, 3, '47 STREET 8:40 AM'),
(2155, 569, 4, '47 STREET 7:20 AM'),
(2156, 569, 5, '47 STREET 4:40 AM'),
(2157, 569, 6, '47 STREET 7:20 AM'),
(2158, 569, 7, '47 STREET 5:30 PM'),
(2159, 569, 8, '47 STREET 8:40 AM'),
(2160, 569, 9, '9:00 AM'),
(2161, 168, 1, '4:20 - 4:30 AM'),
(2162, 168, 2, '7:20 - 7:30 AM'),
(2163, 168, 3, ' 8:20 - 8:30 AM'),
(2164, 168, 4, '7:20 - 7:30 AM'),
(2165, 168, 5, '4:20 - 4:30 AM'),
(2166, 168, 6, '7:20 - 7:30 AM'),
(2167, 168, 7, 'Pendiente'),
(2168, 168, 8, ' 8:20 - 8:30 AM'),
(2169, 168, 9, 'Pendiente'),
(2170, 169, 1, '4:10 - 4:20 AM'),
(2171, 169, 2, '7:10 - 7:20 AM'),
(2172, 169, 3, '8:10 - 8:20 AM'),
(2173, 169, 4, '7:10 - 7:20 AM'),
(2174, 169, 5, '4:10 - 4:20 AM'),
(2175, 169, 6, '7:10 - 7:20 AM'),
(2176, 169, 7, 'Pendiente'),
(2177, 169, 8, '8:10 - 8:20 AM'),
(2178, 169, 9, 'Pendiente'),
(2179, 203, 1, '4:10 - 4:20 AM'),
(2180, 203, 2, '7:10 - 7:20 AM'),
(2181, 203, 3, '8:10 - 8:20 AM'),
(2182, 203, 4, '7:10 - 7:20 AM'),
(2183, 203, 5, '4:10 - 4:20 AM'),
(2184, 203, 6, '7:10 - 7:20 AM'),
(2185, 203, 7, 'Pendiente'),
(2186, 203, 8, '8:10 - 8:20 AM'),
(2187, 203, 9, 'Pendiente'),
(2188, 450, 1, '4:30 - 4:40 AM'),
(2189, 450, 2, '7:30 - 7:40 AM'),
(2190, 450, 3, '8:30 - 8:40 AM'),
(2191, 450, 4, '7:30 - 7:40 AM'),
(2192, 450, 5, '4:30 - 4:40 AM'),
(2193, 450, 6, '7:30 - 7:40 AM'),
(2194, 450, 7, 'Pendiente'),
(2195, 450, 8, '8:30 - 8:40 AM'),
(2196, 450, 9, 'Pendiente'),
(2197, 570, 1, '4:40 - 4:50 AM'),
(2198, 570, 2, '7:40 - 7:50 AM'),
(2199, 570, 3, '8:40 a 8:50 am'),
(2200, 570, 4, '7:40 - 7:50 AM'),
(2201, 570, 5, '4:40 - 4:50 AM'),
(2202, 570, 6, '7:40 - 7:50 AM'),
(2203, 570, 7, 'Pendiente'),
(2204, 570, 8, '8:40 a 8:50 am'),
(2205, 570, 9, 'Pendiente'),
(2206, 330, 1, '4:20 - 4:30 AM'),
(2207, 330, 2, '7:20 - 7:30 AM'),
(2208, 330, 3, ' 8:20 - 8:30 AM'),
(2209, 330, 4, '7:20 - 7:30 AM'),
(2210, 330, 5, '4:20 - 4:30 AM'),
(2211, 330, 6, '7:20 - 7:30 AM'),
(2212, 330, 7, 'Pendiente'),
(2213, 330, 8, ' 8:20 - 8:30 AM'),
(2214, 330, 9, 'Pendiente'),
(2215, 331, 1, '4:20 - 4:30 AM'),
(2216, 331, 2, '7:20 - 7:30 AM'),
(2217, 331, 3, ' 8:20 - 8:30 AM'),
(2218, 331, 4, '7:20 - 7:30 AM'),
(2219, 331, 5, '4:20 - 4:30 AM'),
(2220, 331, 6, '7:20 - 7:30 AM'),
(2221, 331, 7, 'Pendiente'),
(2222, 331, 8, ' 8:20 - 8:30 AM'),
(2223, 331, 9, 'Pendiente'),
(2224, 332, 1, '4:20 - 4:30 AM'),
(2225, 332, 2, '7:20 - 7:30 AM'),
(2226, 332, 3, ' 8:20 - 8:30 AM'),
(2227, 332, 4, '7:20 - 7:30 AM'),
(2228, 332, 5, '4:20 - 4:30 AM'),
(2229, 332, 6, '7:20 - 7:30 AM'),
(2230, 332, 7, 'Pendiente'),
(2231, 332, 8, ' 8:20 - 8:30 AM'),
(2232, 332, 9, 'Pendiente'),
(2233, 204, 1, '4:10 - 4:20 AM'),
(2234, 204, 2, '7:10 - 7:20 AM'),
(2235, 204, 3, '8:10 - 8:20 AM'),
(2236, 204, 4, '7:10 - 7:20 AM'),
(2237, 204, 5, '4:10 - 4:20 AM'),
(2238, 204, 6, '7:10 - 7:20 AM'),
(2239, 204, 7, 'Pendiente'),
(2240, 204, 8, '8:10 - 8:20 AM'),
(2241, 204, 9, 'Pendiente'),
(2242, 452, 1, '4:40 - 4:50 AM'),
(2243, 452, 2, '7:40 - 7:50 AM'),
(2244, 452, 3, '8:40 a 8:50 am'),
(2245, 452, 4, '7:40 - 7:50 AM'),
(2246, 452, 5, '4:40 - 4:50 AM'),
(2247, 452, 6, '7:40 - 7:50 AM'),
(2248, 452, 7, 'Pendiente'),
(2249, 452, 8, '8:40 a 8:50 am'),
(2250, 452, 9, 'Pendiente'),
(2251, 453, 1, '4:40 - 4:50 AM'),
(2252, 453, 2, '7:40 - 7:50 AM'),
(2253, 453, 3, '8:40 a 8:50 am'),
(2254, 453, 4, '7:40 - 7:50 AM'),
(2255, 453, 5, '4:40 - 4:50 AM'),
(2256, 453, 6, '7:40 - 7:50 AM'),
(2257, 453, 7, 'Pendiente'),
(2258, 453, 8, '8:40 a 8:50 am'),
(2259, 453, 9, 'Pendiente'),
(2260, 571, 1, '4:40 - 4:50 AM'),
(2261, 571, 2, '7:40 - 7:50 AM'),
(2262, 571, 3, '8:40 a 8:50 am'),
(2263, 571, 4, '7:40 - 7:50 AM'),
(2264, 571, 5, '4:40 - 4:50 AM'),
(2265, 571, 6, '7:40 - 7:50 AM'),
(2266, 571, 7, 'Pendiente'),
(2267, 571, 8, '8:40 a 8:50 am'),
(2268, 571, 9, 'Pendiente'),
(2269, 171, 1, '4:40 - 4:50 AM'),
(2270, 171, 2, '7:40 - 7:50 AM'),
(2271, 171, 3, '8:40 a 8:50 am'),
(2272, 171, 4, '7:40 - 7:50 AM'),
(2273, 171, 5, '4:40 - 4:50 AM'),
(2274, 171, 6, '7:40 - 7:50 AM'),
(2275, 171, 7, 'Pendiente'),
(2276, 171, 8, '8:40 a 8:50 am'),
(2277, 171, 9, 'Pendiente'),
(2278, 454, 1, '4:40 - 4:50 AM'),
(2279, 454, 2, '7:40 - 7:50 AM'),
(2280, 454, 3, '8:40 a 8:50 am'),
(2281, 454, 4, '7:40 - 7:50 AM'),
(2282, 454, 5, '4:40 - 4:50 AM'),
(2283, 454, 6, '7:40 - 7:50 AM'),
(2284, 454, 7, 'Pendiente'),
(2285, 454, 8, '8:40 a 8:50 am'),
(2286, 454, 9, 'Pendiente'),
(2287, 455, 1, '4:40 - 4:50 AM'),
(2288, 455, 2, '7:40 - 7:50 AM'),
(2289, 455, 3, '8:40 a 8:50 am'),
(2290, 455, 4, '7:40 - 7:50 AM'),
(2291, 455, 5, '4:40 - 4:50 AM'),
(2292, 455, 6, '7:40 - 7:50 AM'),
(2293, 455, 7, 'Pendiente'),
(2294, 455, 8, '8:40 a 8:50 am'),
(2295, 455, 9, 'Pendiente'),
(2296, 172, 1, '4:20 - 4:30 AM'),
(2297, 172, 2, '7:20 - 7:30 AM'),
(2298, 172, 3, ' 8:20 - 8:30 AM'),
(2299, 172, 4, '7:20 - 7:30 AM'),
(2300, 172, 5, '4:20 - 4:30 AM'),
(2301, 172, 6, '7:20 - 7:30 AM'),
(2302, 172, 7, 'Pendiente'),
(2303, 172, 8, ' 8:20 - 8:30 AM'),
(2304, 172, 9, 'Pendiente'),
(2305, 333, 1, '4:30 - 4:40 AM'),
(2306, 333, 2, '7:30 - 7:40 AM'),
(2307, 333, 3, '830 - 8:40 AM'),
(2308, 333, 4, '7:30 - 7:40 AM'),
(2309, 333, 5, '4:30 - 4:40 AM'),
(2310, 333, 6, '7:30 - 7:40 AM'),
(2311, 333, 7, 'Pendiente'),
(2312, 333, 8, '830 - 8:40 AM'),
(2313, 333, 9, 'Pendiente'),
(2314, 173, 1, '4:10 - 4:20 AM'),
(2315, 173, 2, '7:10 - 7:20 AM'),
(2316, 173, 3, '8:10 - 8:20 AM'),
(2317, 173, 4, '7:10 - 7:20 AM'),
(2318, 173, 5, '4:10 - 4:20 AM'),
(2319, 173, 6, '7:10 - 7:20 AM'),
(2320, 173, 7, 'Pendiente'),
(2321, 173, 8, '8:10 - 8:20 AM'),
(2322, 173, 9, 'Pendiente'),
(2323, 456, 1, '4:40 - 4:50 AM'),
(2324, 456, 2, '7:40 - 7:50 AM'),
(2325, 456, 3, '8:40 a 8:50 am'),
(2326, 456, 4, '7:40 - 7:50 AM'),
(2327, 456, 5, '4:40 - 4:50 AM'),
(2328, 456, 6, '7:40 - 7:50 AM'),
(2329, 456, 7, 'Pendiente'),
(2330, 456, 8, '8:40 a 8:50 am'),
(2331, 456, 9, 'Pendiente'),
(2332, 457, 1, '4:40 - 4:50 AM'),
(2333, 457, 2, '7:40 - 7:50 AM'),
(2334, 457, 3, '8:40 a 8:50 am'),
(2335, 457, 4, '7:40 - 7:50 AM'),
(2336, 457, 5, '4:40 - 4:50 AM'),
(2337, 457, 6, '7:40 - 7:50 AM'),
(2338, 457, 7, 'Pendiente'),
(2339, 457, 8, '8:40 a 8:50 am'),
(2340, 457, 9, 'Pendiente'),
(2341, 458, 1, '4:40 - 4:50 AM'),
(2342, 458, 2, '7:40 - 7:50 AM'),
(2343, 458, 3, '8:40 a 8:50 am'),
(2344, 458, 4, '7:40 - 7:50 AM'),
(2345, 458, 5, '4:40 - 4:50 AM'),
(2346, 458, 6, '7:40 - 7:50 AM'),
(2347, 458, 7, 'Pendiente'),
(2348, 458, 8, '8:40 a 8:50 am'),
(2349, 458, 9, 'Pendiente'),
(2350, 459, 1, '4:40 - 4:50 AM'),
(2351, 459, 2, '7:40 - 7:50 AM'),
(2352, 459, 3, '8:40 a 8:50 am'),
(2353, 459, 4, '7:40 - 7:50 AM'),
(2354, 459, 5, '4:40 - 4:50 AM'),
(2355, 459, 6, '7:40 - 7:50 AM'),
(2356, 459, 7, 'Pendiente'),
(2357, 459, 8, '8:40 a 8:50 am'),
(2358, 459, 9, 'Pendiente'),
(2359, 205, 1, '4:20 - 4:30 AM'),
(2360, 205, 2, '7:20 - 7:30 AM'),
(2361, 205, 3, ' 8:20 - 8:30 AM'),
(2362, 205, 4, '7:20 - 7:30 AM'),
(2363, 205, 5, '4:20 - 4:30 AM'),
(2364, 205, 6, '7:20 - 7:30 AM'),
(2365, 205, 7, 'Pendiente'),
(2366, 205, 8, ' 8:20 - 8:30 AM'),
(2367, 205, 9, 'Pendiente'),
(2368, 206, 1, '4:20 - 4:30 AM'),
(2369, 206, 2, '7:20 - 7:30 AM'),
(2370, 206, 3, ' 8:20 - 8:30 AM'),
(2371, 206, 4, '7:20 - 7:30 AM'),
(2372, 206, 5, '4:20 - 4:30 AM'),
(2373, 206, 6, '7:20 - 7:30 AM'),
(2374, 206, 7, 'Pendiente'),
(2375, 206, 8, ' 8:20 - 8:30 AM'),
(2376, 206, 9, 'Pendiente'),
(2377, 207, 1, '4:20 - 4:30 AM'),
(2378, 207, 2, '7:20 - 7:30 AM'),
(2379, 207, 3, ' 8:20 - 8:30 AM'),
(2380, 207, 4, '7:20 - 7:30 AM'),
(2381, 207, 5, '4:20 - 4:30 AM'),
(2382, 207, 6, '7:20 - 7:30 AM'),
(2383, 207, 7, 'Pendiente'),
(2384, 207, 8, ' 8:20 - 8:30 AM'),
(2385, 207, 9, 'Pendiente'),
(2386, 208, 1, '4:20 - 4:30 AM'),
(2387, 208, 2, '7:20 - 7:30 AM'),
(2388, 208, 3, ' 8:20 - 8:30 AM'),
(2389, 208, 4, '7:20 - 7:30 AM'),
(2390, 208, 5, '4:20 - 4:30 AM'),
(2391, 208, 6, '7:20 - 7:30 AM'),
(2392, 208, 7, 'Pendiente'),
(2393, 208, 8, ' 8:20 - 8:30 AM'),
(2394, 208, 9, 'Pendiente'),
(2395, 334, 1, '4:30 - 4:40 AM'),
(2396, 334, 2, '7:30 - 7:40 AM'),
(2397, 334, 3, '830 - 8:40 AM'),
(2398, 334, 4, '7:30 - 7:40 AM'),
(2399, 334, 5, '4:30 - 4:40 AM'),
(2400, 334, 6, '7:30 - 7:40 AM'),
(2401, 334, 7, 'Pendiente'),
(2402, 334, 8, '830 - 8:40 AM'),
(2403, 334, 9, 'Pendiente'),
(2404, 335, 1, '4:20 - 4:30 AM'),
(2405, 335, 2, '7:20 - 7:30 AM'),
(2406, 335, 3, ' 8:20 - 8:30 AM'),
(2407, 335, 4, '7:20 - 7:30 AM'),
(2408, 335, 5, '4:20 - 4:30 AM'),
(2409, 335, 6, '7:20 - 7:30 AM'),
(2410, 335, 7, 'Pendiente'),
(2411, 335, 8, ' 8:20 - 8:30 AM'),
(2412, 335, 9, 'Pendiente'),
(2413, 336, 1, '4:30 - 4:40 AM'),
(2414, 336, 2, '7:30 - 7:40 AM'),
(2415, 336, 3, '830 - 8:40 AM'),
(2416, 336, 4, '7:30 - 7:40 AM'),
(2417, 336, 5, '4:30 - 4:40 AM'),
(2418, 336, 6, '7:30 - 7:40 AM'),
(2419, 336, 7, 'Pendiente'),
(2420, 336, 8, '830 - 8:40 AM'),
(2421, 336, 9, 'Pendiente'),
(2422, 572, 1, '5:30 - 5:40 AM'),
(2423, 572, 2, '8:30 - 8:40 AM'),
(2424, 572, 3, 'N/A'),
(2425, 572, 4, 'N/A'),
(2426, 572, 5, '5:30 - 5:40 AM'),
(2427, 572, 6, '8:30 - 8:40 AM'),
(2428, 572, 7, 'Pendiente'),
(2429, 572, 8, 'N/A'),
(2430, 572, 9, 'Pendiente'),
(2431, 6, 1, '3:50 AM'),
(2432, 6, 2, '6:50 AM'),
(2433, 6, 3, '7:50 AM'),
(2434, 6, 4, '6:50 AM'),
(2435, 6, 5, '3:50 AM'),
(2436, 6, 6, '6:50 AM'),
(2437, 6, 7, 'PARQUE EL POBLADO'),
(2438, 6, 8, '7:50 AM'),
(2439, 6, 9, '9:00 AM'),
(2440, 337, 1, '4:20 AM'),
(2441, 337, 2, '7:20 AM'),
(2442, 337, 3, '8:20 AM '),
(2443, 337, 4, '8:00 AM'),
(2444, 337, 5, '4:20 AM'),
(2445, 337, 6, '7:20 AM'),
(2446, 337, 7, '5:20 PM'),
(2447, 337, 8, '8:20 AM '),
(2448, 337, 9, '9:00 AM'),
(2449, 175, 1, '4:40 - 4:50 AM'),
(2450, 175, 2, '7:40 - 7:50 AM'),
(2451, 175, 3, '8:40 a 8:50 am'),
(2452, 175, 4, '7:40 - 7:50 AM'),
(2453, 175, 5, '4:40 - 4:50 AM'),
(2454, 175, 6, '7:40 - 7:50 AM'),
(2455, 175, 7, 'Pendiente'),
(2456, 175, 8, '8:40 a 8:50 am'),
(2457, 175, 9, 'Pendiente'),
(2458, 339, 1, '4:30 - 4:40 AM'),
(2459, 339, 2, '7:30 - 7:40 AM'),
(2460, 339, 3, '830 - 8:40 AM'),
(2461, 339, 4, '7:30 - 7:40 AM'),
(2462, 339, 5, '4:30 - 4:40 AM'),
(2463, 339, 6, '7:30 - 7:40 AM'),
(2464, 339, 7, 'Pendiente'),
(2465, 339, 8, '830 - 8:40 AM'),
(2466, 339, 9, 'Pendiente'),
(2467, 176, 1, '4:30 - 4:40 AM'),
(2468, 176, 2, '7:30 - 7:40 AM'),
(2469, 176, 3, '830 - 8:40 AM'),
(2470, 176, 4, '7:30 - 7:40 AM'),
(2471, 176, 5, '4:30 - 4:40 AM'),
(2472, 176, 6, '7:30 - 7:40 AM'),
(2473, 176, 7, 'Pendiente'),
(2474, 176, 8, '830 - 8:40 AM'),
(2475, 176, 9, 'Pendiente'),
(2476, 9, 1, '4:00 - 4:10 AM'),
(2477, 9, 2, '7:00 - 7:10 AM'),
(2478, 9, 3, '8:00 - 8:10 AM'),
(2479, 9, 4, '7:00 - 7:10 AM'),
(2480, 9, 5, '4:00 - 4:10 AM'),
(2481, 9, 6, '7:00 - 7:10 AM'),
(2482, 9, 7, 'Pendiente'),
(2483, 9, 8, '8:00 - 8:10 AM'),
(2484, 9, 9, 'Pendiente'),
(2485, 340, 1, '4:30 - 4:40 AM'),
(2486, 340, 2, '7:30 - 7:40 AM'),
(2487, 340, 3, '830 - 8:40 AM'),
(2488, 340, 4, '7:30 - 7:40 AM'),
(2489, 340, 5, '4:30 - 4:40 AM'),
(2490, 340, 6, '7:30 - 7:40 AM'),
(2491, 340, 7, 'Pendiente'),
(2492, 340, 8, '830 - 8:40 AM'),
(2493, 340, 9, 'Pendiente'),
(2494, 619, 1, 'EST. POBLADO'),
(2495, 619, 2, 'EST. POBLADO'),
(2496, 619, 3, 'EST. POBLADO'),
(2497, 619, 4, 'EST. POBLADO'),
(2498, 619, 5, 'EST. POBLADO'),
(2499, 619, 6, 'EST. POBLADO'),
(2500, 619, 7, 'Pendiente'),
(2501, 619, 8, 'EST. POBLADO'),
(2502, 619, 9, 'Pendiente'),
(2503, 573, 1, '47 STREET'),
(2504, 573, 2, '47 STREET'),
(2505, 573, 3, '47 STREET'),
(2506, 573, 4, '47 STREET'),
(2507, 573, 5, '47 STREET'),
(2508, 573, 6, '47 STREET'),
(2509, 573, 7, 'Pendiente'),
(2510, 573, 8, '47 STREET'),
(2511, 573, 9, 'Pendiente'),
(2512, 76, 1, '4:00 - 4:10 AM'),
(2513, 76, 2, '7:00 - 7:10 AM'),
(2514, 76, 3, '8:00 - 8:10 AM'),
(2515, 76, 4, '7:00 - 7:10 AM'),
(2516, 76, 5, '4:00 - 4:10 AM'),
(2517, 76, 6, '7:00 - 7:10 AM'),
(2518, 76, 7, 'Pendiente'),
(2519, 76, 8, '8:00 - 8:10 AM'),
(2520, 76, 9, 'Pendiente'),
(2521, 574, 1, '4:40 - 4:50 AM'),
(2522, 574, 2, '7:40 - 7:50 AM'),
(2523, 574, 3, '8:40 A 8:50 AM'),
(2524, 574, 4, '7:40 - 7:50 AM'),
(2525, 574, 5, '4:40 - 4:50 AM'),
(2526, 574, 6, '7:40 - 7:50 AM'),
(2527, 574, 7, 'PENDIENTE'),
(2528, 574, 8, '8:40 A 8:50 AM'),
(2529, 574, 9, 'PENDIENTE'),
(2530, 178, 1, '4:40 - 4:50 AM'),
(2531, 178, 2, '7:40 - 7:50 AM'),
(2532, 178, 3, '8:40 a 8:50 am'),
(2533, 178, 4, '7:40 - 7:50 AM'),
(2534, 178, 5, '4:40 - 4:50 AM'),
(2535, 178, 6, '7:40 - 7:50 AM'),
(2536, 178, 7, 'Pendiente'),
(2537, 178, 8, '8:40 a 8:50 am'),
(2538, 178, 9, 'Pendiente'),
(2539, 179, 1, '4:20 - 4:30 AM'),
(2540, 179, 2, '7:10 - 7:20 AM'),
(2541, 179, 3, ' 8:20 - 8:30 AM'),
(2542, 179, 4, '7:10 - 7:20 AM'),
(2543, 179, 5, '4:20 - 4:30 AM'),
(2544, 179, 6, '7:10 - 7:20 AM'),
(2545, 179, 7, 'Pendiente'),
(2546, 179, 8, ' 8:20 - 8:30 AM'),
(2547, 179, 9, 'Pendiente'),
(2548, 460, 1, '4:40 - 4:50 AM'),
(2549, 460, 2, '7:40 - 7:50 AM'),
(2550, 460, 3, '8:40 a 8:50 am'),
(2551, 460, 4, '7:40 - 7:50 AM'),
(2552, 460, 5, '4:40 - 4:50 AM'),
(2553, 460, 6, '7:40 - 7:50 AM'),
(2554, 460, 7, 'Pendiente'),
(2555, 460, 8, '8:40 a 8:50 am'),
(2556, 460, 9, 'Pendiente'),
(2557, 180, 1, '4:10 - 4:20 AM'),
(2558, 180, 2, '7:10 - 7:20 AM'),
(2559, 180, 3, '8:10 - 8:20 AM'),
(2560, 180, 4, '7:10 - 7:20 AM'),
(2561, 180, 5, '4:10 - 4:20 AM'),
(2562, 180, 6, '7:10 - 7:20 AM'),
(2563, 180, 7, '5:10 - 5:20 PM'),
(2564, 180, 8, '8:10 - 8:20 AM'),
(2565, 180, 9, 'PENDIENTE'),
(2566, 575, 1, '47 STREET'),
(2567, 575, 2, '47 STREET'),
(2568, 575, 3, '47 STREET'),
(2569, 575, 4, '47 STREET'),
(2570, 575, 5, '47 STREET'),
(2571, 575, 6, '47 STREET'),
(2572, 575, 7, 'Pendiente'),
(2573, 575, 8, '47 STREET'),
(2574, 575, 9, 'Pendiente'),
(2575, 209, 1, '4:20 - 4:30 AM'),
(2576, 209, 2, '7:20 - 7:30 AM'),
(2577, 209, 3, ' 8:20 - 8:30 AM'),
(2578, 209, 4, '7:20 - 7:30 AM'),
(2579, 209, 5, '4:20 - 4:30 AM'),
(2580, 209, 6, '7:20 - 7:30 AM'),
(2581, 209, 7, 'Pendiente'),
(2582, 209, 8, ' 8:20 - 8:30 AM'),
(2583, 209, 9, 'Pendiente'),
(2584, 181, 1, '4:40 - 4:50 AM'),
(2585, 181, 2, '7:40 - 7:50 AM'),
(2586, 181, 3, '8:40 a 8:50 am'),
(2587, 181, 4, '7:40 - 7:50 AM'),
(2588, 181, 5, '4:40 - 4:50 AM'),
(2589, 181, 6, '7:40 - 7:50 AM'),
(2590, 181, 7, 'Pendiente'),
(2591, 181, 8, '8:40 a 8:50 am'),
(2592, 181, 9, 'Pendiente'),
(2593, 341, 1, 'ESTACION FLORESTA'),
(2594, 341, 2, 'ESTACION FLORESTA'),
(2595, 341, 3, 'ESTACION FLORESTA'),
(2596, 341, 4, 'ESTACION FLORESTA'),
(2597, 341, 5, 'ESTACION FLORESTA'),
(2598, 341, 6, 'ESTACION FLORESTA'),
(2599, 341, 7, 'Pendiente'),
(2600, 341, 8, 'ESTACION FLORESTA'),
(2601, 341, 9, 'Pendiente'),
(2602, 342, 1, '4:10 - 4:20 AM'),
(2603, 342, 2, '7:10 - 7:20 AM'),
(2604, 342, 3, '8:10 - 8:20 AM'),
(2605, 342, 4, '7:10 - 7:20 AM'),
(2606, 342, 5, '4:10 - 4:20 AM'),
(2607, 342, 6, '7:10 - 7:20 AM'),
(2608, 342, 7, 'Pendiente'),
(2609, 342, 8, '8:10 - 8:20 AM'),
(2610, 342, 9, 'Pendiente'),
(2611, 343, 1, '4:30 - 4:40 AM'),
(2612, 343, 2, '7:30 - 7:40 AM'),
(2613, 343, 3, '830 - 8:40 AM'),
(2614, 343, 4, '7:30 - 7:40 AM'),
(2615, 343, 5, '4:30 - 4:40 AM'),
(2616, 343, 6, '7:30 - 7:40 AM'),
(2617, 343, 7, 'Pendiente'),
(2618, 343, 8, '830 - 8:40 AM'),
(2619, 343, 9, 'Pendiente'),
(2620, 77, 1, '4:00 - 4:10 AM'),
(2621, 77, 2, '7:00 - 7:10 AM'),
(2622, 77, 3, '8:00 - 8:10 AM'),
(2623, 77, 4, '7:00 - 7:10 AM'),
(2624, 77, 5, '4:00 - 4:10 AM'),
(2625, 77, 6, '7:00 - 7:10 AM'),
(2626, 77, 7, '5:00 - 5:10 PM'),
(2627, 77, 8, '8:00 - 8:10 AM'),
(2628, 77, 9, 'PENDIENTE'),
(2629, 344, 1, 'ESTACION FLORESTA'),
(2630, 344, 2, 'ESTACION FLORESTA'),
(2631, 344, 3, 'ESTACION FLORESTA'),
(2632, 344, 4, 'ESTACION FLORESTA'),
(2633, 344, 5, 'ESTACION FLORESTA'),
(2634, 344, 6, 'ESTACION FLORESTA'),
(2635, 344, 7, 'Pendiente'),
(2636, 344, 8, 'ESTACION FLORESTA'),
(2637, 344, 9, 'Pendiente'),
(2638, 345, 1, '4:20 - 4:30 AM'),
(2639, 345, 2, '7:20 - 7:30 AM'),
(2640, 345, 3, ' 8:20 - 8:30 AM'),
(2641, 345, 4, '7:20 - 7:30 AM'),
(2642, 345, 5, '4:20 - 4:30 AM'),
(2643, 345, 6, '7:20 - 7:30 AM'),
(2644, 345, 7, 'Pendiente'),
(2645, 345, 8, ' 8:20 - 8:30 AM'),
(2646, 345, 9, 'Pendiente'),
(2647, 346, 1, '4:30 - 4:40 AM'),
(2648, 346, 2, '7:30 - 7:40 AM'),
(2649, 346, 3, '8:30 - 8:40 AM'),
(2650, 346, 4, '7:30 - 7:40 AM'),
(2651, 346, 5, '4:30 - 4:40 AM'),
(2652, 346, 6, '7:30 - 7:40 AM'),
(2653, 346, 7, '5:30 - 5:40 PM'),
(2654, 346, 8, '8:30 - 8:40 AM'),
(2655, 346, 9, '9:00 AM'),
(2656, 347, 1, '4:10 - 4:20 AM'),
(2657, 347, 2, '7:10 - 7:20 AM'),
(2658, 347, 3, '8:10 - 8:20 AM'),
(2659, 347, 4, '7:10 - 7:20 AM'),
(2660, 347, 5, '4:10 - 4:20 AM'),
(2661, 347, 6, '7:10 - 7:20 AM'),
(2662, 347, 7, '5:10 - 5:20 PM'),
(2663, 347, 8, '8:10 - 8:20 AM'),
(2664, 347, 9, '9:00 AM'),
(2665, 348, 1, '4:30 - 4:40 AM'),
(2666, 348, 2, '7:30 - 7:40 AM'),
(2667, 348, 3, '830 - 8:40 AM'),
(2668, 348, 4, '7:30 - 7:40 AM'),
(2669, 348, 5, '4:30 - 4:40 AM'),
(2670, 348, 6, '7:30 - 7:40 AM'),
(2671, 348, 7, 'Pendiente'),
(2672, 348, 8, '830 - 8:40 AM'),
(2673, 348, 9, 'Pendiente'),
(2674, 182, 1, '4:30 - 4:40 AM'),
(2675, 182, 2, '7:30 - 7:40 AM'),
(2676, 182, 3, '830 - 8:40 AM'),
(2677, 182, 4, '7:30 - 7:40 AM'),
(2678, 182, 5, '4:30 - 4:40 AM'),
(2679, 182, 6, '7:30 - 7:40 AM'),
(2680, 182, 7, 'PENDIENTE'),
(2681, 182, 8, '830 - 8:40 AM'),
(2682, 182, 9, 'PENDIENTE'),
(2683, 10, 1, '4:00 - 4:10 AM'),
(2684, 10, 2, '7:00 - 7:10 AM'),
(2685, 10, 3, '8:00 - 8:10 AM'),
(2686, 10, 4, '7:00 - 7:10 AM'),
(2687, 10, 5, '4:00 - 4:10 AM'),
(2688, 10, 6, '7:00 - 7:10 AM'),
(2689, 10, 7, 'Pendiente'),
(2690, 10, 8, '8:00 - 8:10 AM'),
(2691, 10, 9, 'Pendiente'),
(2692, 210, 1, '4:00 - 4:10 AM'),
(2693, 210, 2, '7:00 - 7:10 AM'),
(2694, 210, 3, '8:00 - 8:10 AM'),
(2695, 210, 4, '7:00 - 7:10 AM'),
(2696, 210, 5, '4:00 - 4:10 AM'),
(2697, 210, 6, '7:00 - 7:10 AM'),
(2698, 210, 7, 'Pendiente'),
(2699, 210, 8, '8:00 - 8:10 AM'),
(2700, 210, 9, 'Pendiente'),
(2701, 183, 1, '4:20 - 4:30 AM'),
(2702, 183, 2, '7:20 - 7:30 AM'),
(2703, 183, 3, ' 8:20 - 8:30 AM'),
(2704, 183, 4, '7:20 - 7:30 AM'),
(2705, 183, 5, '4:20 - 4:30 AM'),
(2706, 183, 6, '7:20 - 7:30 AM'),
(2707, 183, 7, 'Pendiente'),
(2708, 183, 8, ' 8:20 - 8:30 AM'),
(2709, 183, 9, 'Pendiente'),
(2710, 211, 1, 'PARQUE POBLADO 4:00 '),
(2711, 211, 2, 'PARQUE POBLADO 7:00 '),
(2712, 211, 3, 'PARQUE POBLADO 8:00 '),
(2713, 211, 4, 'PARQUE POBLADO 7:00 '),
(2714, 211, 5, 'PARQUE POBLADO 4:00 '),
(2715, 211, 6, 'PARQUE POBLADO 7:00 '),
(2716, 211, 7, 'PARQUE POBLADO 5:00 '),
(2717, 211, 8, 'PARQUE POBLADO 8:00 '),
(2718, 211, 9, '9:00 AM'),
(2719, 7, 1, 'EST. POBLADO'),
(2720, 7, 2, 'EST. POBLADO'),
(2721, 7, 3, 'EST. POBLADO'),
(2722, 7, 4, 'EST. POBLADO'),
(2723, 7, 5, 'EST. POBLADO'),
(2724, 7, 6, 'EST. POBLADO'),
(2725, 7, 7, 'PENDIENTE'),
(2726, 7, 8, 'EST. POBLADO'),
(2727, 7, 9, 'PENDIENTE'),
(2728, 461, 1, '4:40 - 4:50 AM'),
(2729, 461, 2, '7:40 - 7:50 AM'),
(2730, 461, 3, '8:40 a 8:50 am'),
(2731, 461, 4, '7:40 - 7:50 AM'),
(2732, 461, 5, '4:40 - 4:50 AM'),
(2733, 461, 6, '7:40 - 7:50 AM'),
(2734, 461, 7, 'Pendiente'),
(2735, 461, 8, '8:40 a 8:50 am'),
(2736, 461, 9, 'Pendiente'),
(2737, 349, 1, '4:30 - 4:40 AM'),
(2738, 349, 2, '7:30 - 7:40 AM'),
(2739, 349, 3, '8:30 - 8:40 AM'),
(2740, 349, 4, '7:30 - 7:40 AM'),
(2741, 349, 5, '4:30 - 4:40 AM'),
(2742, 349, 6, '7:30 - 7:40 AM'),
(2743, 349, 7, '5:30 - 5:40 PM'),
(2744, 349, 8, '8:30 - 8:40 AM'),
(2745, 349, 9, '9:00 AM'),
(2746, 11, 1, '4:00 - 4:10 AM'),
(2747, 11, 2, '7:00 - 7:10 AM'),
(2748, 11, 3, '8:00 - 8:10 AM'),
(2749, 11, 4, '7:00 - 7:10 AM'),
(2750, 11, 5, '4:00 - 4:10 AM'),
(2751, 11, 6, '7:00 - 7:10 AM'),
(2752, 11, 7, 'Pendiente'),
(2753, 11, 8, '8:00 - 8:10 AM'),
(2754, 11, 9, 'Pendiente'),
(2755, 620, 1, 'EST. POBLADO'),
(2756, 620, 2, 'EST. POBLADO'),
(2757, 620, 3, 'EST. POBLADO'),
(2758, 620, 4, 'EST. POBLADO'),
(2759, 620, 5, 'EST. POBLADO'),
(2760, 620, 6, 'EST. POBLADO'),
(2761, 620, 7, 'Pendiente'),
(2762, 620, 8, 'EST. POBLADO'),
(2763, 620, 9, 'Pendiente'),
(2764, 462, 1, '4:40 - 4:50 AM'),
(2765, 462, 2, '7:40 - 7:50 AM'),
(2766, 462, 3, '8:40 a 8:50 am'),
(2767, 462, 4, '7:40 - 7:50 AM'),
(2768, 462, 5, '4:40 - 4:50 AM'),
(2769, 462, 6, '7:40 - 7:50 AM'),
(2770, 462, 7, 'Pendiente'),
(2771, 462, 8, '8:40 a 8:50 am'),
(2772, 462, 9, 'Pendiente'),
(2773, 350, 1, '4:20 - 4:30 AM'),
(2774, 350, 2, '7:10 - 7:20 AM'),
(2775, 350, 3, '8:10 - 8:20 AM'),
(2776, 350, 4, '7:10 - 7:20 AM'),
(2777, 350, 5, '4:20 - 4:30 AM'),
(2778, 350, 6, '7:10 - 7:20 AM'),
(2779, 350, 7, 'Pendiente'),
(2780, 350, 8, '8:10 - 8:20 AM'),
(2781, 350, 9, 'Pendiente'),
(2782, 213, 1, '4:20 - 4:30 AM'),
(2783, 213, 2, '7:20 - 7:30 AM'),
(2784, 213, 3, ' 8:20 - 8:30 AM'),
(2785, 213, 4, '7:20 - 7:30 AM'),
(2786, 213, 5, '4:20 - 4:30 AM'),
(2787, 213, 6, '7:20 - 7:30 AM'),
(2788, 213, 7, 'Pendiente'),
(2789, 213, 8, ' 8:20 - 8:30 AM'),
(2790, 213, 9, 'Pendiente'),
(2791, 576, 1, '4:30 - 4:40 AM'),
(2792, 576, 2, '7:30 - 7:40 AM'),
(2793, 576, 3, '830 - 8:40 AM'),
(2794, 576, 4, '7:30 - 7:40 AM'),
(2795, 576, 5, '4:30 - 4:40 AM'),
(2796, 576, 6, '7:30 - 7:40 AM'),
(2797, 576, 7, 'PENDIENTE'),
(2798, 576, 8, '830 - 8:40 AM'),
(2799, 576, 9, 'PENDIENTE'),
(2800, 463, 1, '4:40 - 4:50 AM'),
(2801, 463, 2, '7:40 - 7:50 AM'),
(2802, 463, 3, '8:40 a 8:50 am'),
(2803, 463, 4, '7:40 - 7:50 AM'),
(2804, 463, 5, '4:40 - 4:50 AM'),
(2805, 463, 6, '7:40 - 7:50 AM'),
(2806, 463, 7, 'Pendiente'),
(2807, 463, 8, '8:40 a 8:50 am'),
(2808, 463, 9, 'Pendiente'),
(2809, 351, 1, '4:20 - 4:30 AM'),
(2810, 351, 2, '7:20 - 7:30 AM'),
(2811, 351, 3, ' 8:20 - 8:30 AM'),
(2812, 351, 4, '7:20 - 7:30 AM'),
(2813, 351, 5, '4:20 - 4:30 AM'),
(2814, 351, 6, '7:20 - 7:30 AM'),
(2815, 351, 7, 'Pendiente'),
(2816, 351, 8, ' 8:20 - 8:30 AM'),
(2817, 351, 9, 'Pendiente'),
(2818, 185, 1, '4:40 - 4:50 AM'),
(2819, 185, 2, '7:40 - 7:50 AM'),
(2820, 185, 3, '8:40 a 8:50 am'),
(2821, 185, 4, '7:40 - 7:50 AM'),
(2822, 185, 5, '4:40 - 4:50 AM'),
(2823, 185, 6, '7:40 - 7:50 AM'),
(2824, 185, 7, 'Pendiente'),
(2825, 185, 8, '8:40 a 8:50 am'),
(2826, 185, 9, 'Pendiente'),
(2827, 12, 1, '4:00 - 4:10 AM'),
(2828, 12, 2, '7:00 - 7:10 AM'),
(2829, 12, 3, '8:00 - 8:10 AM'),
(2830, 12, 4, '7:00 - 7:10 AM'),
(2831, 12, 5, '4:00 - 4:10 AM'),
(2832, 12, 6, '7:00 - 7:10 AM'),
(2833, 12, 7, 'Pendiente'),
(2834, 12, 8, '8:00 - 8:10 AM'),
(2835, 12, 9, 'Pendiente'),
(2836, 352, 1, '4:20 - 4:30 AM'),
(2837, 352, 2, '7:20 - 7:30 AM'),
(2838, 352, 3, ' 8:20 - 8:30 AM'),
(2839, 352, 4, '7:20 - 7:30 AM'),
(2840, 352, 5, '4:20 - 4:30 AM'),
(2841, 352, 6, '7:20 - 7:30 AM'),
(2842, 352, 7, 'Pendiente'),
(2843, 352, 8, ' 8:20 - 8:30 AM'),
(2844, 352, 9, 'Pendiente'),
(2845, 214, 1, '4:00 - 4:10 AM'),
(2846, 214, 2, '7:00 - 7:10 AM'),
(2847, 214, 3, '8:00 - 8:10 AM'),
(2848, 214, 4, '7:00 - 7:10 AM'),
(2849, 214, 5, '4:00 - 4:10 AM'),
(2850, 214, 6, '7:00 - 7:10 AM'),
(2851, 214, 7, 'Pendiente'),
(2852, 214, 8, '8:00 - 8:10 AM'),
(2853, 214, 9, 'Pendiente'),
(2854, 464, 1, '4:30 - 4:40 AM'),
(2855, 464, 2, '7:30 - 7:40 AM'),
(2856, 464, 3, '8:30 - 8:40 AM'),
(2857, 464, 4, '7:30 - 7:40 AM'),
(2858, 464, 5, '4:30 - 4:40 AM'),
(2859, 464, 6, '7:30 - 7:40 AM'),
(2860, 464, 7, '5:30 - 5:40 PM'),
(2861, 464, 8, '8:30 - 8:40 AM'),
(2862, 464, 9, '9:00 AM'),
(2863, 353, 1, '4:20 - 4:30 AM'),
(2864, 353, 2, '7:20 - 7:30 AM'),
(2865, 353, 3, ' 8:20 - 8:30 AM'),
(2866, 353, 4, '7:20 - 7:30 AM'),
(2867, 353, 5, '4:20 - 4:30 AM'),
(2868, 353, 6, '7:20 - 7:30 AM'),
(2869, 353, 7, 'Pendiente'),
(2870, 353, 8, ' 8:20 - 8:30 AM'),
(2871, 353, 9, 'Pendiente'),
(2872, 186, 1, '4:20 - 4:30 AM'),
(2873, 186, 2, '7:20 - 7:30 AM'),
(2874, 186, 3, ' 8:20 - 8:30 AM'),
(2875, 186, 4, '7:20 - 7:30 AM'),
(2876, 186, 5, '4:20 - 4:30 AM'),
(2877, 186, 6, '7:20 - 7:30 AM'),
(2878, 186, 7, 'Pendiente'),
(2879, 186, 8, ' 8:20 - 8:30 AM'),
(2880, 186, 9, 'Pendiente'),
(2881, 354, 1, '4:20 - 4:30 AM'),
(2882, 354, 2, '7:20 - 7:30 AM'),
(2883, 354, 3, ' 8:20 - 8:30 AM'),
(2884, 354, 4, '7:20 - 7:30 AM'),
(2885, 354, 5, '4:20 - 4:30 AM'),
(2886, 354, 6, '7:20 - 7:30 AM'),
(2887, 354, 7, 'Pendiente'),
(2888, 354, 8, ' 8:20 - 8:30 AM'),
(2889, 354, 9, 'Pendiente'),
(2890, 355, 1, '4:20 - 4:30 AM'),
(2891, 355, 2, '7:20 - 7:30 AM'),
(2892, 355, 3, ' 8:20 - 8:30 AM'),
(2893, 355, 4, '7:20 - 7:30 AM'),
(2894, 355, 5, '4:20 - 4:30 AM'),
(2895, 355, 6, '7:20 - 7:30 AM'),
(2896, 355, 7, 'PENDIENTE'),
(2897, 355, 8, ' 8:20 - 8:30 AM'),
(2898, 355, 9, 'PENDIENTE'),
(2899, 187, 1, '4:20 - 4:30 AM'),
(2900, 187, 2, '7:20 - 7:30 AM'),
(2901, 187, 3, ' 8:20 - 8:30 AM'),
(2902, 187, 4, '7:20 - 7:30 AM'),
(2903, 187, 5, '4:20 - 4:30 AM'),
(2904, 187, 6, '7:20 - 7:30 AM'),
(2905, 187, 7, 'Pendiente'),
(2906, 187, 8, ' 8:20 - 8:30 AM'),
(2907, 187, 9, 'Pendiente'),
(2908, 465, 1, '4:40 - 4:50 AM'),
(2909, 465, 2, '7:40 - 7:50 AM'),
(2910, 465, 3, '8:40 A 8:50 AM'),
(2911, 465, 4, '7:40 - 7:50 AM'),
(2912, 465, 5, '4:40 - 4:50 AM'),
(2913, 465, 6, '7:40 - 7:50 AM'),
(2914, 465, 7, 'PENDIENTE'),
(2915, 465, 8, '8:40 A 8:50 AM'),
(2916, 465, 9, 'PENDIENTE'),
(2917, 466, 1, '4:40 - 4:50 AM'),
(2918, 466, 2, '7:40 - 7:50 AM'),
(2919, 466, 3, '8:40 A 8:50 AM'),
(2920, 466, 4, '7:40 - 7:50 AM'),
(2921, 466, 5, '4:40 - 4:50 AM'),
(2922, 466, 6, '7:40 - 7:50 AM'),
(2923, 466, 7, 'PENDIENTE'),
(2924, 466, 8, '8:40 A 8:50 AM'),
(2925, 466, 9, 'PENDIENTE'),
(2926, 356, 1, '4:10 - 4:20 AM'),
(2927, 356, 2, '7:10 - 7:20 AM'),
(2928, 356, 3, '8:10 - 8:20 AM'),
(2929, 356, 4, '7:10 - 7:20 AM'),
(2930, 356, 5, '4:10 - 4:20 AM'),
(2931, 356, 6, '7:10 - 7:20 AM'),
(2932, 356, 7, 'Pendiente'),
(2933, 356, 8, '8:10 - 8:20 AM'),
(2934, 356, 9, 'Pendiente'),
(2935, 357, 1, '4:20 - 4:30 AM'),
(2936, 357, 2, '7:20 - 7:30 AM'),
(2937, 357, 3, ' 8:20 - 8:30 AM'),
(2938, 357, 4, '7:20 - 7:30 AM'),
(2939, 357, 5, '4:20 - 4:30 AM'),
(2940, 357, 6, '7:20 - 7:30 AM'),
(2941, 357, 7, 'Pendiente'),
(2942, 357, 8, ' 8:20 - 8:30 AM'),
(2943, 357, 9, 'Pendiente'),
(2944, 13, 1, '4:00 - 4:10 AM'),
(2945, 13, 2, '7:00 - 7:10 AM'),
(2946, 13, 3, '8:00 - 8:10 AM'),
(2947, 13, 4, '7:00 - 7:10 AM'),
(2948, 13, 5, '4:00 - 4:10 AM'),
(2949, 13, 6, '7:00 - 7:10 AM'),
(2950, 13, 7, 'Pendiente'),
(2951, 13, 8, '8:00 - 8:10 AM'),
(2952, 13, 9, 'Pendiente'),
(2953, 358, 1, 'ESTACION FLORESTA'),
(2954, 358, 2, 'ESTACION FLORESTA'),
(2955, 358, 3, 'ESTACION FLORESTA'),
(2956, 358, 4, 'ESTACION FLORESTA'),
(2957, 358, 5, 'ESTACION FLORESTA'),
(2958, 358, 6, 'ESTACION FLORESTA'),
(2959, 358, 7, 'Pendiente'),
(2960, 358, 8, 'ESTACION FLORESTA'),
(2961, 358, 9, 'Pendiente'),
(2962, 467, 1, '4:40 - 4:50 AM'),
(2963, 467, 2, '7:40 - 7:50 AM'),
(2964, 467, 3, '8:40 a 8:50 am'),
(2965, 467, 4, '7:40 - 7:50 AM'),
(2966, 467, 5, '4:40 - 4:50 AM'),
(2967, 467, 6, '7:40 - 7:50 AM'),
(2968, 467, 7, 'Pendiente'),
(2969, 467, 8, '8:40 a 8:50 am'),
(2970, 467, 9, 'Pendiente'),
(2971, 359, 1, '4:20 - 4:30 AM'),
(2972, 359, 2, '7:20 - 7:30 AM'),
(2973, 359, 3, ' 8:20 - 8:30 AM'),
(2974, 359, 4, '7:20 - 7:30 AM'),
(2975, 359, 5, '4:20 - 4:30 AM'),
(2976, 359, 6, '7:20 - 7:30 AM'),
(2977, 359, 7, 'Pendiente'),
(2978, 359, 8, ' 8:20 - 8:30 AM'),
(2979, 359, 9, 'Pendiente'),
(2980, 360, 1, '4:30 - 4:40 AM'),
(2981, 360, 2, '7:30 - 7:40 AM'),
(2982, 360, 3, '830 - 8:40 AM'),
(2983, 360, 4, '7:30 - 7:40 AM'),
(2984, 360, 5, '4:30 - 4:40 AM'),
(2985, 360, 6, '7:30 - 7:40 AM'),
(2986, 360, 7, 'Pendiente'),
(2987, 360, 8, '830 - 8:40 AM'),
(2988, 360, 9, 'Pendiente'),
(2989, 14, 1, '4:00 - 4:10 AM'),
(2990, 14, 2, '7:00 - 7:10 AM'),
(2991, 14, 3, '8:00 - 8:10 AM'),
(2992, 14, 4, '7:00 - 7:10 AM'),
(2993, 14, 5, '4:00 - 4:10 AM'),
(2994, 14, 6, '7:00 - 7:10 AM'),
(2995, 14, 7, 'Pendiente'),
(2996, 14, 8, '8:00 - 8:10 AM'),
(2997, 14, 9, 'Pendiente'),
(2998, 577, 1, '4:40 - 4:50 AM'),
(2999, 577, 2, '7:40 - 7:50 AM'),
(3000, 577, 3, '8:40 a 8:50 am'),
(3001, 577, 4, '7:40 - 7:50 AM'),
(3002, 577, 5, '4:40 - 4:50 AM'),
(3003, 577, 6, '7:40 - 7:50 AM'),
(3004, 577, 7, 'Pendiente'),
(3005, 577, 8, '8:40 a 8:50 am'),
(3006, 577, 9, 'Pendiente'),
(3007, 468, 1, '4:40 - 4:50 AM'),
(3008, 468, 2, '7:40 - 7:50 AM'),
(3009, 468, 3, '8:40 a 8:50 am'),
(3010, 468, 4, '7:40 - 7:50 AM'),
(3011, 468, 5, '4:40 - 4:50 AM'),
(3012, 468, 6, '7:40 - 7:50 AM'),
(3013, 468, 7, 'Pendiente'),
(3014, 468, 8, '8:40 a 8:50 am'),
(3015, 468, 9, 'Pendiente'),
(3016, 361, 1, '4:10 - 4:20 AM'),
(3017, 361, 2, '7:10 - 7:20 AM'),
(3018, 361, 3, '8:10 - 8:20 AM'),
(3019, 361, 4, '7:10 - 7:20 AM'),
(3020, 361, 5, '4:10 - 4:20 AM'),
(3021, 361, 6, '7:10 - 7:20 AM'),
(3022, 361, 7, 'Pendiente'),
(3023, 361, 8, '8:10 - 8:20 AM'),
(3024, 361, 9, 'Pendiente'),
(3025, 578, 1, '47 STREET'),
(3026, 578, 2, '47 STREET'),
(3027, 578, 3, '47 STREET'),
(3028, 578, 4, '47 STREET'),
(3029, 578, 5, '47 STREET'),
(3030, 578, 6, '47 STREET'),
(3031, 578, 7, 'Pendiente'),
(3032, 578, 8, '47 STREET'),
(3033, 578, 9, 'Pendiente'),
(3034, 362, 1, '4:20 - 4:30 AM'),
(3035, 362, 2, '7:20 - 7:30 AM'),
(3036, 362, 3, ' 8:20 - 8:30 AM'),
(3037, 362, 4, '7:20 - 7:30 AM'),
(3038, 362, 5, '4:20 - 4:30 AM'),
(3039, 362, 6, '7:20 - 7:30 AM'),
(3040, 362, 7, 'Pendiente'),
(3041, 362, 8, ' 8:20 - 8:30 AM'),
(3042, 362, 9, 'Pendiente'),
(3043, 363, 1, '4:10 - 4:20 AM'),
(3044, 314, 1, '4:10 - 4:20 AM'),
(3045, 363, 2, '7:10 - 7:20 AM'),
(3046, 314, 2, '7:10 - 7:20 AM'),
(3047, 363, 3, '8:10 - 8:20 AM'),
(3048, 314, 3, '8:10 - 8:20 AM'),
(3049, 363, 4, '7:10 - 7:20 AM'),
(3050, 314, 4, '7:10 - 7:20 AM'),
(3051, 363, 5, '4:10 - 4:20 AM'),
(3052, 314, 5, '4:10 - 4:20 AM'),
(3053, 363, 6, '7:10 - 7:20 AM'),
(3054, 314, 6, '7:10 - 7:20 AM'),
(3055, 363, 7, 'Pendiente'),
(3056, 314, 7, 'Pendiente'),
(3057, 363, 8, '8:10 - 8:20 AM'),
(3058, 314, 8, '8:10 - 8:20 AM'),
(3059, 363, 9, 'Pendiente'),
(3060, 314, 9, 'Pendiente'),
(3061, 364, 1, '4:20 - 4:30 AM'),
(3062, 364, 2, '7:20 - 7:30 AM'),
(3063, 364, 3, ' 8:20 - 8:30 AM'),
(3064, 364, 4, '7:20 - 7:30 AM'),
(3065, 364, 5, '4:20 - 4:30 AM'),
(3066, 364, 6, '7:20 - 7:30 AM'),
(3067, 364, 7, 'Pendiente'),
(3068, 364, 8, ' 8:20 - 8:30 AM'),
(3069, 364, 9, 'Pendiente'),
(3070, 365, 1, '4:20 - 4:30 AM'),
(3071, 365, 2, '7:20 - 7:30 AM'),
(3072, 365, 3, ' 8:20 - 8:30 AM'),
(3073, 365, 4, '7:20 - 7:30 AM'),
(3074, 365, 5, '4:20 - 4:30 AM'),
(3075, 365, 6, '7:20 - 7:30 AM'),
(3076, 365, 7, 'PENDIENTE'),
(3077, 365, 8, ' 8:20 - 8:30 AM'),
(3078, 365, 9, 'PENDIENTE'),
(3079, 15, 1, '4:00 - 4:10 AM'),
(3080, 15, 2, '7:00 - 7:10 AM'),
(3081, 15, 3, '8:00 - 8:10 AM'),
(3082, 15, 4, '7:00 - 7:10 AM'),
(3083, 15, 5, '4:00 - 4:10 AM'),
(3084, 15, 6, '7:00 - 7:10 AM'),
(3085, 15, 7, '5:00 - 5:10 PM'),
(3086, 15, 8, '8:00 - 8:10 AM'),
(3087, 15, 9, '9:00 AM'),
(3088, 579, 1, 'LLEGA AL 47 STREET'),
(3089, 579, 2, 'LLEGA AL 47 STREET'),
(3090, 579, 3, 'LLEGA AL 47 STREET'),
(3091, 579, 4, 'LLEGA AL 47 STREET'),
(3092, 579, 5, 'LLEGA AL 47 STREET'),
(3093, 579, 6, 'LLEGA AL 47 STREET'),
(3094, 579, 7, 'Pendiente'),
(3095, 579, 8, 'LLEGA AL 47 STREET'),
(3096, 579, 9, 'Pendiente'),
(3097, 580, 1, '5:10 AM '),
(3098, 580, 2, '8:10 AM'),
(3099, 580, 3, 'N/A'),
(3100, 580, 4, 'N/A'),
(3101, 580, 5, '5:10 AM '),
(3102, 580, 6, '8:10 AM'),
(3103, 580, 7, 'Pendiente'),
(3104, 580, 8, 'N/A'),
(3105, 580, 9, 'Pendiente'),
(3106, 366, 1, '4:20 - 4:30 AM'),
(3107, 366, 2, '7:20 - 7:30 AM'),
(3108, 366, 3, ' 8:20 - 8:30 AM'),
(3109, 366, 4, '7:20 - 7:30 AM'),
(3110, 366, 5, '4:20 - 4:30 AM'),
(3111, 366, 6, '7:20 - 7:30 AM'),
(3112, 366, 7, 'Pendiente'),
(3113, 366, 8, ' 8:20 - 8:30 AM'),
(3114, 366, 9, 'Pendiente'),
(3115, 189, 1, '4:40 - 4:50 AM'),
(3116, 189, 2, '7:40 - 7:50 AM'),
(3117, 189, 3, '8:40 a 8:50 am'),
(3118, 189, 4, '7:40 - 7:50 AM'),
(3119, 189, 5, '4:40 - 4:50 AM'),
(3120, 189, 6, '7:40 - 7:50 AM'),
(3121, 189, 7, 'Pendiente'),
(3122, 189, 8, '8:40 a 8:50 am'),
(3123, 189, 9, 'Pendiente'),
(3124, 16, 1, '4:00 - 4:10 AM'),
(3125, 16, 2, '7:00 - 7:10 AM'),
(3126, 16, 3, '8:00 - 8:10 AM'),
(3127, 16, 4, '7:00 - 7:10 AM'),
(3128, 16, 5, '4:00 - 4:10 AM'),
(3129, 16, 6, '7:00 - 7:10 AM'),
(3130, 16, 7, 'Pendiente'),
(3131, 16, 8, '8:00 - 8:10 AM'),
(3132, 16, 9, 'Pendiente'),
(3133, 215, 1, '4:00 - 4:10 AM'),
(3134, 215, 2, '7:00 - 7:10 AM'),
(3135, 215, 3, '8:00 - 8:10 AM'),
(3136, 215, 4, '7:00 - 7:10 AM'),
(3137, 215, 5, '4:00 - 4:10 AM'),
(3138, 215, 6, '7:00 - 7:10 AM'),
(3139, 215, 7, 'Pendiente'),
(3140, 215, 8, '8:00 - 8:10 AM'),
(3141, 215, 9, 'Pendiente'),
(3142, 367, 1, '4:30 - 4:40 AM'),
(3143, 367, 2, '7:30 - 7:40 AM'),
(3144, 367, 3, '8:30 - 8:40 AM'),
(3145, 367, 4, '7:30 - 7:40 AM'),
(3146, 367, 5, '4:30 - 4:40 AM'),
(3147, 367, 6, '7:30 - 7:40 AM'),
(3148, 367, 7, 'Pendiente'),
(3149, 367, 8, '8:30 - 8:40 AM'),
(3150, 367, 9, 'Pendiente'),
(3151, 190, 1, '4:40 - 4:50 AM'),
(3152, 190, 2, '7:40 - 7:50 AM'),
(3153, 190, 3, '8:40 - 8:50 AM '),
(3154, 190, 4, '7:40 - 7:50 AM'),
(3155, 190, 5, '4:40 - 4:50 AM'),
(3156, 190, 6, '7:40 - 7:50 AM'),
(3157, 190, 7, 'Pendiente'),
(3158, 190, 8, '8:40 - 8:50 AM '),
(3159, 190, 9, 'Pendiente'),
(3160, 216, 1, '4:10 - 4:20 AM'),
(3161, 216, 2, '7:10 - 7:20  AM '),
(3162, 216, 3, '8:10 - 8:20 AM '),
(3163, 216, 4, '7:10 - 7:20  AM '),
(3164, 216, 5, '4:10 - 4:20 AM'),
(3165, 216, 6, '7:10 - 7:20  AM '),
(3166, 216, 7, '5:10 - 5:20  PM '),
(3167, 216, 8, '8:10 - 8:20 AM '),
(3168, 216, 9, 'PENDIENTE'),
(3169, 368, 1, '4:10 - 4:20 AM'),
(3170, 368, 2, '7:10 - 7:20 AM '),
(3171, 368, 3, '8:10 .- 8:20 AM '),
(3172, 368, 4, '7:10 - 7:20 AM '),
(3173, 368, 5, '4:10 - 4:20 AM'),
(3174, 368, 6, '7:10 - 7:20 AM '),
(3175, 368, 7, '5:10 - 5:20 PM '),
(3176, 368, 8, '8:10 .- 8:20 AM '),
(3177, 368, 9, '9:00 AM'),
(3178, 17, 1, '4:00 - 4:10 AM'),
(3179, 17, 2, '7:00 - 7:10 AM'),
(3180, 17, 3, '8:00 - 8:10 AM'),
(3181, 17, 4, '7:00 - 7:10 AM'),
(3182, 17, 5, '4:00 - 4:10 AM'),
(3183, 17, 6, '7:00 - 7:10 AM'),
(3184, 17, 7, 'Pendiente'),
(3185, 17, 8, '8:00 - 8:10 AM'),
(3186, 17, 9, 'Pendiente'),
(3187, 369, 1, '4:30 - 4:40 AM'),
(3188, 369, 2, '7:30 - 7:40 AM'),
(3189, 369, 3, '8:30 - 8:40 AM'),
(3190, 369, 4, '7:30 - 7:40 AM'),
(3191, 369, 5, '4:30 - 4:40 AM'),
(3192, 369, 6, '7:30 - 7:40 AM'),
(3193, 369, 7, 'Pendiente'),
(3194, 369, 8, '8:30 - 8:40 AM'),
(3195, 369, 9, 'Pendiente'),
(3196, 469, 1, '4:40 - 4:50 AM'),
(3197, 469, 2, '7:40 - 7:50 AM'),
(3198, 469, 3, '8:40 - 8:50 AM '),
(3199, 469, 4, '7:40 - 7:50 AM'),
(3200, 469, 5, '4:40 - 4:50 AM'),
(3201, 469, 6, '7:40 - 7:50 AM'),
(3202, 469, 7, 'Pendiente'),
(3203, 469, 8, '8:40 - 8:50 AM '),
(3204, 469, 9, 'Pendiente'),
(3205, 217, 1, '4:20 - 4:30 AM'),
(3206, 217, 2, '7:20 - 7:30 AM'),
(3207, 217, 3, ' 8:20 - 8:30 AM'),
(3208, 217, 4, '7:20 - 7:30 AM'),
(3209, 217, 5, '4:20 - 4:30 AM'),
(3210, 217, 6, '7:20 - 7:30 AM'),
(3211, 217, 7, 'Pendiente'),
(3212, 217, 8, ' 8:20 - 8:30 AM'),
(3213, 217, 9, 'Pendiente'),
(3214, 218, 1, '4:10 - 4:20 AM'),
(3215, 218, 2, '7:10 - 7:20  AM '),
(3216, 218, 3, '8:10 .- 8:20 AM '),
(3217, 218, 4, '7:10 - 7:20  AM '),
(3218, 218, 5, '4:10 - 4:20 AM'),
(3219, 218, 6, '7:10 - 7:20  AM '),
(3220, 218, 7, 'Pendiente'),
(3221, 218, 8, '8:10 .- 8:20 AM '),
(3222, 218, 9, 'Pendiente'),
(3223, 582, 1, '4:40 - 4:50 AM'),
(3224, 582, 2, '7:40 - 7:50 AM'),
(3225, 582, 3, '8:40 - 8:50 AM '),
(3226, 582, 4, '7:40 - 7:50 AM'),
(3227, 582, 5, '4:40 - 4:50 AM'),
(3228, 582, 6, '7:40 - 7:50 AM'),
(3229, 582, 7, 'PENDIENTE'),
(3230, 582, 8, '8:40 - 8:50 AM '),
(3231, 582, 9, 'PENDIENTE'),
(3232, 470, 1, '4:40 - 4:50 AM'),
(3233, 470, 2, '7:40 - 7:50 AM'),
(3234, 470, 3, '8:40 - 8:50 AM '),
(3235, 470, 4, '7:40 - 7:50 AM'),
(3236, 470, 5, '4:40 - 4:50 AM'),
(3237, 470, 6, '7:40 - 7:50 AM'),
(3238, 470, 7, 'Pendiente'),
(3239, 470, 8, '8:40 - 8:50 AM '),
(3240, 470, 9, 'Pendiente'),
(3241, 370, 1, '4:30 - 4:40 AM'),
(3242, 370, 2, '7:30 - 7:40 AM'),
(3243, 370, 3, '8:30 - 8:40 AM'),
(3244, 370, 4, '7:30 - 7:40 AM'),
(3245, 370, 5, '4:30 - 4:40 AM'),
(3246, 370, 6, '7:30 - 7:40 AM'),
(3247, 370, 7, 'Pendiente'),
(3248, 370, 8, '8:30 - 8:40 AM'),
(3249, 370, 9, 'Pendiente'),
(3250, 371, 1, '4:10 - 4:20 AM'),
(3251, 371, 2, '7:10 - 7:20  AM '),
(3252, 371, 3, '8:10 .- 8:20 AM '),
(3253, 371, 4, '7:10 - 7:20  AM '),
(3254, 371, 5, '4:10 - 4:20 AM'),
(3255, 371, 6, '7:10 - 7:20  AM '),
(3256, 371, 7, 'Pendiente'),
(3257, 371, 8, '8:10 .- 8:20 AM '),
(3258, 371, 9, 'Pendiente'),
(3259, 372, 1, '4:20 - 4:30 AM'),
(3260, 372, 2, '7:20 - 7:30 AM'),
(3261, 372, 3, ' 8:20 - 8:30 AM'),
(3262, 372, 4, '7:20 - 7:30 AM'),
(3263, 372, 5, '4:20 - 4:30 AM'),
(3264, 372, 6, '7:20 - 7:30 AM'),
(3265, 372, 7, 'Pendiente'),
(3266, 372, 8, ' 8:20 - 8:30 AM'),
(3267, 372, 9, 'Pendiente'),
(3268, 219, 1, '4:10 - 4:20 AM'),
(3269, 219, 2, '7:10 - 7:20  AM '),
(3270, 219, 3, '8:10 - 8:20 AM '),
(3271, 219, 4, '7:10 - 7:20 AM '),
(3272, 219, 5, '4:10 - 4:20 AM'),
(3273, 219, 6, '7:10 - 7:20  AM '),
(3274, 219, 7, '5:10 - 5:20 PM '),
(3275, 219, 8, '8:10 - 8:20 AM '),
(3276, 219, 9, '9:00 AM'),
(3277, 583, 1, '4:40 - 4:50 AM'),
(3278, 583, 2, '7:40 - 7:50 AM'),
(3279, 583, 3, '8:40 A 8:50 AM'),
(3280, 583, 4, '7:40 - 7:50 AM'),
(3281, 583, 5, '4:40 - 4:50 AM'),
(3282, 583, 6, '7:40 - 7:50 AM'),
(3283, 583, 7, '5:40 - 5:50 PM'),
(3284, 583, 8, '8:40 A 8:50 AM'),
(3285, 583, 9, '9:00 AM'),
(3286, 471, 1, '4:10 - 4:20 AM'),
(3287, 471, 2, '7:10 - 7:20  AM ');
INSERT INTO `horarios` (`Id_Horario`, `Id_Punto`, `Id_Tour`, `Hora_Salida`) VALUES
(3288, 471, 3, '8:10 .- 8:20 AM '),
(3289, 471, 4, '7:10 - 7:20  AM '),
(3290, 471, 5, '4:10 - 4:20 AM'),
(3291, 471, 6, '7:10 - 7:20  AM '),
(3292, 471, 7, 'PENDIENTE'),
(3293, 471, 8, '8:10 .- 8:20 AM '),
(3294, 471, 9, 'PENDIENTE'),
(3295, 191, 1, '4:20 - 4:30 AM'),
(3296, 191, 2, '7:20 - 7:30 AM'),
(3297, 191, 3, ' 8:20 - 8:30 AM'),
(3298, 191, 4, '7:20 - 7:30 AM'),
(3299, 191, 5, '4:20 - 4:30 AM'),
(3300, 191, 6, '7:20 - 7:30 AM'),
(3301, 191, 7, '5:20 - 5:30 PM'),
(3302, 191, 8, ' 8:20 - 8:30 AM'),
(3303, 191, 9, 'PENDIENTE'),
(3304, 373, 1, '4:20 - 4:30 AM'),
(3305, 373, 2, '7:20 - 7:30 AM'),
(3306, 373, 3, ' 8:20 - 8:30 AM'),
(3307, 373, 4, '7:20 - 7:30 AM'),
(3308, 373, 5, '4:20 - 4:30 AM'),
(3309, 373, 6, '7:20 - 7:30 AM'),
(3310, 373, 7, 'Pendiente'),
(3311, 373, 8, ' 8:20 - 8:30 AM'),
(3312, 373, 9, 'Pendiente'),
(3313, 374, 1, '4:30 - 4:40 AM'),
(3314, 374, 2, '7:30 - 7:40 AM'),
(3315, 374, 3, '8:30 - 8:40 AM'),
(3316, 374, 4, '7:30 - 7:40 AM'),
(3317, 374, 5, '4:30 - 4:40 AM'),
(3318, 374, 6, '7:30 - 7:40 AM'),
(3319, 374, 7, 'Pendiente'),
(3320, 374, 8, '8:30 - 8:40 AM'),
(3321, 374, 9, 'Pendiente'),
(3322, 375, 1, 'ESTACION FLORESTA'),
(3323, 375, 2, 'ESTACION FLORESTA'),
(3324, 375, 3, 'ESTACION FLORESTA'),
(3325, 375, 4, 'ESTACION FLORESTA'),
(3326, 375, 5, 'ESTACION FLORESTA'),
(3327, 375, 6, 'ESTACION FLORESTA'),
(3328, 375, 7, 'Pendiente'),
(3329, 375, 8, 'ESTACION FLORESTA'),
(3330, 375, 9, 'Pendiente'),
(3331, 376, 1, '4:20 - 4:30 AM'),
(3332, 376, 2, '7:20 - 7:30 AM'),
(3333, 376, 3, ' 8:20 - 8:30 AM'),
(3334, 376, 4, '7:20 - 7:30 AM'),
(3335, 376, 5, '4:20 - 4:30 AM'),
(3336, 376, 6, '7:20 - 7:30 AM'),
(3337, 376, 7, 'Pendiente'),
(3338, 376, 8, ' 8:20 - 8:30 AM'),
(3339, 376, 9, 'Pendiente'),
(3340, 377, 1, '4:40 - 4:50 AM'),
(3341, 377, 2, '7:40 - 7:50 AM'),
(3342, 377, 3, '8:40 - 8:50 AM'),
(3343, 377, 4, '7:40 - 7:50 AM'),
(3344, 377, 5, '4:40 - 4:50 AM'),
(3345, 377, 6, '7:40 - 7:50 AM'),
(3346, 377, 7, 'PENDIENTE'),
(3347, 377, 8, '8:40 - 8:50 AM'),
(3348, 377, 9, 'PENDIENTE'),
(3349, 584, 1, '4:50 - 5:00 AM'),
(3350, 584, 2, '7:50 - 8:00 AM'),
(3351, 584, 3, '8:50 - 9:00 AM'),
(3352, 584, 4, '7:50 - 8:00 AM'),
(3353, 584, 5, '4:50 - 5:00 AM'),
(3354, 584, 6, '7:50 - 8:00 AM'),
(3355, 584, 7, 'PENDIENTE'),
(3356, 584, 8, '8:50 - 9:00 AM'),
(3357, 584, 9, 'PENDIENTE'),
(3358, 585, 1, '4:40 - 4:50 AM'),
(3359, 585, 2, '7:40 - 7:50 AM'),
(3360, 585, 3, '8:40 - 8:50 AM'),
(3361, 585, 4, '7:40 - 7:50 AM'),
(3362, 585, 5, '4:40 - 4:50 AM'),
(3363, 585, 6, '7:40 - 7:50 AM'),
(3364, 585, 7, 'PENDIENTE'),
(3365, 585, 8, '8:40 - 8:50 AM'),
(3366, 585, 9, 'PENDIENTE'),
(3367, 472, 1, '4:40 - 4:50 AM'),
(3368, 472, 2, '7:40 - 7:50 AM'),
(3369, 472, 3, '8:40 - 8:50 am'),
(3370, 472, 4, '7:40 - 7:50 AM'),
(3371, 472, 5, '4:40 - 4:50 AM'),
(3372, 472, 6, '7:40 - 7:50 AM'),
(3373, 472, 7, 'Pendiente'),
(3374, 472, 8, '8:40 - 8:50 am'),
(3375, 472, 9, 'Pendiente'),
(3376, 378, 1, '4:20 - 4:30 AM'),
(3377, 378, 2, '7:20 - 7:30 AM'),
(3378, 378, 3, ' 8:20 - 8:30 AM'),
(3379, 378, 4, '7:20 - 7:30 AM'),
(3380, 378, 5, '4:20 - 4:30 AM'),
(3381, 378, 6, '7:20 - 7:30 AM'),
(3382, 378, 7, 'Pendiente'),
(3383, 378, 8, ' 8:20 - 8:30 AM'),
(3384, 378, 9, 'Pendiente'),
(3385, 379, 1, 'EST. FLORESTA'),
(3386, 379, 2, 'EST. FLORESTA'),
(3387, 379, 3, 'EST. FLORESTA'),
(3388, 379, 4, 'EST. FLORESTA'),
(3389, 379, 5, 'EST. FLORESTA'),
(3390, 379, 6, 'EST. FLORESTA'),
(3391, 379, 7, 'Pendiente'),
(3392, 379, 8, 'EST. FLORESTA'),
(3393, 379, 9, 'Pendiente'),
(3394, 586, 1, '4:40 - 4:50 AM'),
(3395, 586, 2, '7:40 - 7:50 AM'),
(3396, 586, 3, '8:40 - 8:50 AM'),
(3397, 586, 4, '7:40 - 7:50 AM'),
(3398, 586, 5, '4:40 - 4:50 AM'),
(3399, 586, 6, '7:40 - 7:50 AM'),
(3400, 586, 7, 'PENDIENTE'),
(3401, 586, 8, '8:40 - 8:50 AM'),
(3402, 586, 9, 'PENDIENTE'),
(3403, 473, 1, '4:40 - 4:50 AM'),
(3404, 473, 2, '7:40 - 7:50 AM'),
(3405, 473, 3, '8:40 - 8:50 am'),
(3406, 473, 4, '7:40 - 7:50 AM'),
(3407, 473, 5, '4:40 - 4:50 AM'),
(3408, 473, 6, '7:40 - 7:50 AM'),
(3409, 473, 7, 'Pendiente'),
(3410, 473, 8, '8:40 - 8:50 am'),
(3411, 473, 9, 'Pendiente'),
(3412, 221, 1, '4:00 - 4:10 AM'),
(3413, 221, 2, '7:00 - 7:10 AM'),
(3414, 221, 3, '8:00 - 8:10 AM'),
(3415, 221, 4, '7:00 - 7:10 AM'),
(3416, 221, 5, '4:00 - 4:10 AM'),
(3417, 221, 6, '7:00 - 7:10 AM'),
(3418, 221, 7, 'Pendiente'),
(3419, 221, 8, '8:00 - 8:10 AM'),
(3420, 221, 9, 'Pendiente'),
(3421, 222, 1, '4:10 - 4:20 AM'),
(3422, 222, 2, '7:10 - 7:20  AM '),
(3423, 222, 3, '8:10 .- 8:20 AM '),
(3424, 222, 4, '7:10 - 7:20  AM '),
(3425, 222, 5, '4:10 - 4:20 AM'),
(3426, 222, 6, '7:10 - 7:20  AM '),
(3427, 222, 7, 'Pendiente'),
(3428, 222, 8, '8:10 .- 8:20 AM '),
(3429, 222, 9, 'Pendiente'),
(3430, 621, 1, 'EST. POBLADO'),
(3431, 621, 2, 'EST. POBLADO'),
(3432, 621, 3, 'EST. POBLADO'),
(3433, 621, 4, 'EST. POBLADO'),
(3434, 621, 5, 'EST. POBLADO'),
(3435, 621, 6, 'EST. POBLADO'),
(3436, 621, 7, 'Pendiente'),
(3437, 621, 8, 'EST. POBLADO'),
(3438, 621, 9, 'Pendiente'),
(3439, 19, 1, '4:00 - 4:10 AM'),
(3440, 19, 2, '7:00 - 7:10 AM'),
(3441, 19, 3, '8:00 - 8:10 AM'),
(3442, 19, 4, '7:00 - 7:10 AM'),
(3443, 19, 5, '4:00 - 4:10 AM'),
(3444, 19, 6, '7:00 - 7:10 AM'),
(3445, 19, 7, 'Pendiente'),
(3446, 19, 8, '8:00 - 8:10 AM'),
(3447, 19, 9, 'Pendiente'),
(3448, 223, 1, '4:00 - 4:10 AM'),
(3449, 223, 2, '7:00 - 7:10 AM'),
(3450, 223, 3, '8:00 - 8:10 AM'),
(3451, 223, 4, '7:00 - 7:10 AM'),
(3452, 223, 5, '4:00 - 4:10 AM'),
(3453, 223, 6, '7:00 - 7:10 AM'),
(3454, 223, 7, 'Pendiente'),
(3455, 223, 8, '8:00 - 8:10 AM'),
(3456, 223, 9, 'Pendiente'),
(3457, 587, 1, '4:40 - 4:50 AM'),
(3458, 587, 2, '7:40 - 7:50 AM'),
(3459, 587, 3, '8:40 - 8:50 AM'),
(3460, 587, 4, '7:40 - 7:50 AM'),
(3461, 587, 5, '4:40 - 4:50 AM'),
(3462, 587, 6, '7:40 - 7:50 AM'),
(3463, 587, 7, 'PENDIENTE'),
(3464, 587, 8, '8:40 - 8:50 AM'),
(3465, 587, 9, 'PENDIENTE'),
(3466, 224, 1, '4:10 - 4:20 AM'),
(3467, 224, 2, '7:10 - 7:20  AM '),
(3468, 224, 3, '8:10 .- 8:20 AM '),
(3469, 224, 4, '7:10 - 7:20  AM '),
(3470, 224, 5, '4:10 - 4:20 AM'),
(3471, 224, 6, '7:10 - 7:20  AM '),
(3472, 224, 7, 'Pendiente'),
(3473, 224, 8, '8:10 .- 8:20 AM '),
(3474, 224, 9, 'Pendiente'),
(3475, 192, 1, '5:00 AM'),
(3476, 192, 2, '8:00 AM'),
(3477, 192, 3, 'NO APLICA'),
(3478, 192, 4, 'NO APLICA'),
(3479, 192, 5, '5:00 AM'),
(3480, 192, 6, '8:00 AM'),
(3481, 192, 7, 'NO APLICA'),
(3482, 192, 8, 'NO APLICA'),
(3483, 192, 9, 'NO APLICA'),
(3484, 193, 1, '4:20 - 4:30 AM'),
(3485, 193, 2, '7:20 - 7:30 AM'),
(3486, 193, 3, ' 8:20 - 8:30 AM'),
(3487, 193, 4, '7:20 - 7:30 AM'),
(3488, 193, 5, '4:20 - 4:30 AM'),
(3489, 193, 6, '7:20 - 7:30 AM'),
(3490, 193, 7, 'Pendiente'),
(3491, 193, 8, ' 8:20 - 8:30 AM'),
(3492, 193, 9, 'Pendiente'),
(3493, 474, 1, '4:40 - 4:50 AM'),
(3494, 474, 2, '7:40 - 7:50 AM'),
(3495, 474, 3, '8:40 - 8:50 am'),
(3496, 474, 4, '7:40 - 7:50 AM'),
(3497, 474, 5, '4:40 - 4:50 AM'),
(3498, 474, 6, '7:40 - 7:50 AM'),
(3499, 474, 7, 'Pendiente'),
(3500, 474, 8, '8:40 - 8:50 am'),
(3501, 474, 9, 'Pendiente'),
(3502, 380, 1, '4:20 - 4:30 AM'),
(3503, 380, 2, '7:20 - 7:30 AM'),
(3504, 380, 3, ' 8:20 - 8:30 AM'),
(3505, 380, 4, '7:20 - 7:30 AM'),
(3506, 380, 5, '4:20 - 4:30 AM'),
(3507, 380, 6, '7:20 - 7:30 AM'),
(3508, 380, 7, 'Pendiente'),
(3509, 380, 8, ' 8:20 - 8:30 AM'),
(3510, 380, 9, 'Pendiente'),
(3511, 225, 1, '4:00 - 4:10 AM'),
(3512, 225, 2, '7:00 - 7:10 AM'),
(3513, 225, 3, '8:00 - 8:10 AM'),
(3514, 225, 4, '7:00 - 7:10 AM'),
(3515, 225, 5, '4:00 - 4:10 AM'),
(3516, 225, 6, '7:00 - 7:10 AM'),
(3517, 225, 7, 'Pendiente'),
(3518, 225, 8, '8:00 - 8:10 AM'),
(3519, 225, 9, 'Pendiente'),
(3520, 381, 1, '4:30 - 4:40 AM'),
(3521, 381, 2, '7:30 - 7:40 AM'),
(3522, 381, 3, '8:30 - 8:40 AM'),
(3523, 381, 4, '7:30 - 7:40 AM'),
(3524, 381, 5, '4:30 - 4:40 AM'),
(3525, 381, 6, '7:30 - 7:40 AM'),
(3526, 381, 7, 'Pendiente'),
(3527, 381, 8, '8:30 - 8:40 AM'),
(3528, 381, 9, 'Pendiente'),
(3529, 194, 1, '4:30 - 4:40 AM'),
(3530, 194, 2, '7:30 - 7:40 AM'),
(3531, 194, 3, '8:30 - 8:40 AM'),
(3532, 194, 4, '7:30 - 7:40 AM'),
(3533, 194, 5, '4:30 - 4:40 AM'),
(3534, 194, 6, '7:30 - 7:40 AM'),
(3535, 194, 7, 'Pendiente'),
(3536, 194, 8, '8:30 - 8:40 AM'),
(3537, 194, 9, 'Pendiente'),
(3538, 195, 1, '4:20 - 4:30 AM'),
(3539, 195, 2, '7:20 - 7:30 AM'),
(3540, 195, 3, ' 8:20 - 8:30 AM'),
(3541, 195, 4, '7:20 - 7:30 AM'),
(3542, 195, 5, '4:20 - 4:30 AM'),
(3543, 195, 6, '7:20 - 7:30 AM'),
(3544, 195, 7, 'Pendiente'),
(3545, 195, 8, ' 8:20 - 8:30 AM'),
(3546, 195, 9, 'Pendiente'),
(3547, 196, 1, '4:40 - 4:50 AM'),
(3548, 196, 2, '7:40 - 7:50 AM'),
(3549, 196, 3, '8:40 - 8:50 am'),
(3550, 196, 4, '7:40 - 7:50 AM'),
(3551, 196, 5, '4:40 - 4:50 AM'),
(3552, 196, 6, '7:40 - 7:50 AM'),
(3553, 196, 7, 'Pendiente'),
(3554, 196, 8, '8:40 - 8:50 am'),
(3555, 196, 9, 'Pendiente'),
(3556, 197, 1, '4:20 - 4:30 AM'),
(3557, 197, 2, '7:20 - 7:30 AM'),
(3558, 197, 3, ' 8:20 - 8:30 AM'),
(3559, 197, 4, '7:20 - 7:30 AM'),
(3560, 197, 5, '4:20 - 4:30 AM'),
(3561, 197, 6, '7:20 - 7:30 AM'),
(3562, 197, 7, 'Pendiente'),
(3563, 197, 8, ' 8:20 - 8:30 AM'),
(3564, 197, 9, 'Pendiente'),
(3565, 79, 1, '4:00 - 4:10 AM'),
(3566, 79, 2, '7:00 - 7:10 AM'),
(3567, 79, 3, '8:00 - 8:10 AM'),
(3568, 79, 4, '7:00 - 7:10 AM'),
(3569, 79, 5, '4:00 - 4:10 AM'),
(3570, 79, 6, '7:00 - 7:10 AM'),
(3571, 79, 7, '5:00 - 5:10 PM'),
(3572, 79, 8, '8:00 - 8:10 AM'),
(3573, 79, 9, 'PENDIENTE'),
(3574, 383, 1, '4:20 - 4:30 AM'),
(3575, 383, 2, '7:20 - 7:30 AM'),
(3576, 383, 3, ' 8:20 - 8:30 AM'),
(3577, 383, 4, '7:20 - 7:30 AM'),
(3578, 383, 5, '4:20 - 4:30 AM'),
(3579, 383, 6, '7:20 - 7:30 AM'),
(3580, 383, 7, 'Pendiente'),
(3581, 383, 8, ' 8:20 - 8:30 AM'),
(3582, 383, 9, 'Pendiente'),
(3583, 384, 1, '4:20 - 4:30 AM'),
(3584, 384, 2, '7:20 - 7:30 AM'),
(3585, 384, 3, ' 8:20 - 8:30 AM'),
(3586, 384, 4, '7:20 - 7:30 AM'),
(3587, 384, 5, '4:20 - 4:30 AM'),
(3588, 384, 6, '7:20 - 7:30 AM'),
(3589, 384, 7, 'Pendiente'),
(3590, 384, 8, ' 8:20 - 8:30 AM'),
(3591, 384, 9, 'Pendiente'),
(3592, 20, 1, '4:00 A 4:10 AM'),
(3593, 20, 2, '7:00 A 7:10 AM'),
(3594, 20, 3, '8:00 A 8:10 AM'),
(3595, 20, 4, '7:00 A 7:10 AM'),
(3596, 20, 5, '4:00 A 4:10 AM'),
(3597, 20, 6, '7:00 A 7:10 AM'),
(3598, 20, 7, 'Pendiente'),
(3599, 20, 8, '8:00 A 8:10 AM'),
(3600, 20, 9, 'Pendiente'),
(3601, 385, 1, '4:20 - 4:30 AM'),
(3602, 385, 2, '7:20 - 7:30 AM'),
(3603, 385, 3, ' 8:20 - 8:30 AM'),
(3604, 385, 4, '7:20 - 7:30 AM'),
(3605, 385, 5, '4:20 - 4:30 AM'),
(3606, 385, 6, '7:20 - 7:30 AM'),
(3607, 385, 7, '5:20 - 5:30 PM'),
(3608, 385, 8, ' 8:20 - 8:30 AM'),
(3609, 385, 9, '9:00 AM'),
(3610, 226, 1, '4:20 - 4:30 AM'),
(3611, 226, 2, '7:20 - 7:30 AM'),
(3612, 226, 3, ' 8:20 - 8:30 AM'),
(3613, 226, 4, '7:20 - 7:30 AM'),
(3614, 226, 5, '4:20 - 4:30 AM'),
(3615, 226, 6, '7:20 - 7:30 AM'),
(3616, 226, 7, 'Pendiente'),
(3617, 226, 8, ' 8:20 - 8:30 AM'),
(3618, 226, 9, 'Pendiente'),
(3619, 227, 1, '4:00 A 4:10 AM'),
(3620, 227, 2, '7:00 A 7:10 AM'),
(3621, 227, 3, '8:00 A 8:10 AM'),
(3622, 227, 4, '7:00 A 7:10 AM'),
(3623, 227, 5, '4:00 A 4:10 AM'),
(3624, 227, 6, '7:00 A 7:10 AM'),
(3625, 227, 7, 'Pendiente'),
(3626, 227, 8, '8:00 A 8:10 AM'),
(3627, 227, 9, 'Pendiente'),
(3628, 476, 1, '4:40 - 4:50 AM'),
(3629, 476, 2, '7:40 - 7:50 AM'),
(3630, 476, 3, '8:40 - 8:50 am'),
(3631, 476, 4, '7:40 - 7:50 AM'),
(3632, 476, 5, '4:40 - 4:50 AM'),
(3633, 476, 6, '7:40 - 7:50 AM'),
(3634, 476, 7, 'Pendiente'),
(3635, 476, 8, '8:40 - 8:50 am'),
(3636, 476, 9, 'Pendiente'),
(3637, 80, 1, '4:00 A 4:10 AM'),
(3638, 80, 2, '7:00 A 7:10 AM'),
(3639, 80, 3, '8:00 A 8:10 AM'),
(3640, 80, 4, '7:00 A 7:10 AM'),
(3641, 80, 5, '4:00 A 4:10 AM'),
(3642, 80, 6, '7:00 A 7:10 AM'),
(3643, 80, 7, '5:00 - 5:10 PM'),
(3644, 80, 8, '8:00 A 8:10 AM'),
(3645, 80, 9, 'PENDIENTE'),
(3646, 386, 1, '4:20 - 4:30 AM'),
(3647, 386, 2, '7:20 - 7:30 AM'),
(3648, 386, 3, ' 8:20 - 8:30 AM'),
(3649, 386, 4, '7:20 - 7:30 AM'),
(3650, 386, 5, '4:20 - 4:30 AM'),
(3651, 386, 6, '7:20 - 7:30 AM'),
(3652, 386, 7, 'Pendiente'),
(3653, 386, 8, ' 8:20 - 8:30 AM'),
(3654, 386, 9, 'Pendiente'),
(3655, 198, 1, '4:30 - 4:40 AM'),
(3656, 198, 2, '7:30 - 7:40 AM'),
(3657, 198, 3, '8:30 - 8:40 AM'),
(3658, 198, 4, '7:30 - 7:40 AM'),
(3659, 198, 5, '4:30 - 4:40 AM'),
(3660, 198, 6, '7:30 - 7:40 AM'),
(3661, 198, 7, 'Pendiente'),
(3662, 198, 8, '8:30 - 8:40 AM'),
(3663, 198, 9, 'Pendiente'),
(3664, 387, 1, '4:30 - 4:40 AM'),
(3665, 387, 2, '7:30 - 7:40 AM'),
(3666, 387, 3, '8:30 - 8:40 AM'),
(3667, 387, 4, '7:30 - 7:40 AM'),
(3668, 387, 5, '4:30 - 4:40 AM'),
(3669, 387, 6, '7:30 - 7:40 AM'),
(3670, 387, 7, 'Pendiente'),
(3671, 387, 8, '8:30 - 8:40 AM'),
(3672, 387, 9, 'Pendiente'),
(3673, 81, 1, '4:00 - 4:10 AM'),
(3674, 81, 2, '7:00 - 7:10 AM'),
(3675, 81, 3, '8:00 - 8:10 AM'),
(3676, 81, 4, '7:00 - 7:10 AM'),
(3677, 81, 5, '4:00 - 4:10 AM'),
(3678, 81, 6, '7:00 - 7:10 AM'),
(3679, 81, 7, 'Pendiente'),
(3680, 81, 8, '8:00 - 8:10 AM'),
(3681, 81, 9, 'Pendiente'),
(3682, 388, 1, '4:00 - 4:10 AM'),
(3683, 388, 2, '7:00 - 7:10 AM'),
(3684, 388, 3, '8:00 - 8:10 AM'),
(3685, 388, 4, '7:00 - 7:10 AM'),
(3686, 388, 5, '4:00 - 4:10 AM'),
(3687, 388, 6, '7:00 - 7:10 AM'),
(3688, 388, 7, 'Pendiente'),
(3689, 388, 8, '8:00 - 8:10 AM'),
(3690, 388, 9, 'Pendiente'),
(3691, 477, 1, '4:40 - 4:50 AM'),
(3692, 477, 2, '7:40 - 7:50 AM'),
(3693, 477, 3, '8:40 - 8:50 AM '),
(3694, 477, 4, '7:40 - 7:50 AM'),
(3695, 477, 5, '4:40 - 4:50 AM'),
(3696, 477, 6, '7:40 - 7:50 AM'),
(3697, 477, 7, '5:40 - 5:50 PM'),
(3698, 477, 8, '8:40 - 8:50 AM '),
(3699, 477, 9, 'PENDIENTE'),
(3700, 21, 1, '4:00 - 4:10 AM'),
(3701, 21, 2, '7:00 - 7:10 AM'),
(3702, 21, 3, '8:00 - 8:10 AM'),
(3703, 21, 4, '7:00 - 7:10 AM'),
(3704, 21, 5, '4:00 - 4:10 AM'),
(3705, 21, 6, '7:00 - 7:10 AM'),
(3706, 21, 7, '5:00 - 5:10 PM'),
(3707, 21, 8, '8:00 - 8:10 AM'),
(3708, 21, 9, 'PENDIENTE'),
(3709, 22, 1, '4:00 - 4:10 AM'),
(3710, 22, 2, '7:00 - 7:10 AM'),
(3711, 22, 3, '8:00 - 8:10 AM'),
(3712, 22, 4, '7:00 - 7:10 AM'),
(3713, 22, 5, '4:00 - 4:10 AM'),
(3714, 22, 6, '7:00 - 7:10 AM'),
(3715, 22, 7, '5:00 - 5:10 PM'),
(3716, 22, 8, '8:00 - 8:10 AM'),
(3717, 22, 9, 'PENDIENTE'),
(3718, 591, 1, '4:40 - 4:50 AM'),
(3719, 591, 2, '7:40 - 7:50 AM'),
(3720, 591, 3, '8:40 A 8:50 AM'),
(3721, 591, 4, '7:40 - 7:50 AM'),
(3722, 591, 5, '4:40 - 4:50 AM'),
(3723, 591, 6, '7:40 - 7:50 AM'),
(3724, 591, 7, '5:40 A 5:50 PM'),
(3725, 591, 8, '8:40 A 8:50 AM'),
(3726, 591, 9, 'PENDIENTE'),
(3727, 389, 1, '4:30 - 4:40 AM'),
(3728, 389, 2, '7:30 - 7:40 AM'),
(3729, 389, 3, '8:30 - 8:40 AM'),
(3730, 389, 4, '7:30 - 7:40 AM'),
(3731, 389, 5, '4:30 - 4:40 AM'),
(3732, 389, 6, '7:30 - 7:40 AM'),
(3733, 389, 7, '5:30 - 5:40 PM'),
(3734, 389, 8, '8:30 - 8:40 AM'),
(3735, 389, 9, '9:00 AM'),
(3736, 228, 1, '4:20 - 4:30 AM'),
(3737, 228, 2, '7:20 - 7:30 AM'),
(3738, 228, 3, ' 8:20 - 8:30 AM'),
(3739, 228, 4, '7:20 - 7:30 AM'),
(3740, 228, 5, '4:20 - 4:30 AM'),
(3741, 228, 6, '7:20 - 7:30 AM'),
(3742, 228, 7, ' 5:20 - 5:30 PM'),
(3743, 228, 8, ' 8:20 - 8:30 AM'),
(3744, 228, 9, '9:00 AM'),
(3745, 229, 1, '4:00 - 4:10 AM'),
(3746, 229, 2, '7:00 - 7:10 AM'),
(3747, 229, 3, '8:00 - 8:10 AM'),
(3748, 229, 4, '7:00 - 7:10 AM'),
(3749, 229, 5, '4:00 - 4:10 AM'),
(3750, 229, 6, '7:00 - 7:10 AM'),
(3751, 229, 7, '5:00 - 5:10 PM'),
(3752, 229, 8, '8:00 - 8:10 AM'),
(3753, 229, 9, 'PENDIENTE'),
(3754, 592, 1, '4:10 - 4:20 AM'),
(3755, 592, 2, '7:10 - 7:20 AM'),
(3756, 592, 3, '8:10 - 8:20 AM'),
(3757, 592, 4, '7:10 - 7:20 AM'),
(3758, 592, 5, '4:10 - 4:20 AM'),
(3759, 592, 6, '7:10 - 7:20 AM'),
(3760, 592, 7, '5:10 - 5:20 PM'),
(3761, 592, 8, '8:10 - 8:20 AM'),
(3762, 592, 9, 'PENDIENTE'),
(3763, 390, 1, '4:30 - 4:40 AM'),
(3764, 390, 2, '7:30 - 7:40 AM'),
(3765, 390, 3, '8:30 - 8:40 AM'),
(3766, 390, 4, '7:30 - 7:40 AM'),
(3767, 390, 5, '4:30 - 4:40 AM'),
(3768, 390, 6, '7:30 - 7:40 AM'),
(3769, 390, 7, '5:30 - 5:40 PM'),
(3770, 390, 8, '8:30 - 8:40 AM'),
(3771, 390, 9, ''),
(3772, 230, 1, '4:10 - 4:20 AM'),
(3773, 230, 2, '7:10 - 7:20 AM'),
(3774, 230, 3, '8:10 - 8:20 AM'),
(3775, 230, 4, '7:10 - 7:20 AM'),
(3776, 230, 5, '4:10 - 4:20 AM'),
(3777, 230, 6, '7:10 - 7:20 AM'),
(3778, 230, 7, '5:10 - 5:20 PM'),
(3779, 230, 8, '8:10 - 8:20 AM'),
(3780, 230, 9, 'PENDIENTE'),
(3781, 199, 1, '4:30 - 4:40 AM'),
(3782, 199, 2, '7:30 - 7:40 AM'),
(3783, 199, 3, '8:30 - 8:40 AM'),
(3784, 199, 4, '7:30 - 7:40 AM'),
(3785, 199, 5, '4:30 - 4:40 AM'),
(3786, 199, 6, '7:30 - 7:40 AM'),
(3787, 199, 7, '5:30 - 5:40 PM'),
(3788, 199, 8, '8:30 - 8:40 AM'),
(3789, 199, 9, ''),
(3790, 593, 1, '4:40 - 4:50 AM'),
(3791, 593, 2, '7:40 - 7:50 AM'),
(3792, 593, 3, '8:40 - 8:50 AM'),
(3793, 593, 4, '7:20 - 7:30 AM'),
(3794, 593, 5, '4:40 - 4:50 AM'),
(3795, 593, 6, '7:40 - 7:50 AM'),
(3796, 593, 7, '5:20 - 5:30 PM'),
(3797, 593, 8, '8:40 - 8:50 AM'),
(3798, 593, 9, '9:00 AM'),
(3799, 391, 1, '4:10 - 4:20 AM'),
(3800, 391, 2, '7:10 - 7:20 AM'),
(3801, 391, 3, '8:10 - 8:20 AM'),
(3802, 391, 4, '7:10 - 7:20 AM'),
(3803, 391, 5, '4:10 - 4:20 AM'),
(3804, 391, 6, '7:10 - 7:20 AM'),
(3805, 391, 7, '5:10 - 5:20 PM'),
(3806, 391, 8, '8:10 - 8:20 AM'),
(3807, 391, 9, ''),
(3808, 392, 1, '4:20 - 4:30 AM'),
(3809, 392, 2, '7:20 - 7:30 AM'),
(3810, 392, 3, '8:20 - 8:30 AM'),
(3811, 392, 4, '7:20 - 7:30 AM'),
(3812, 392, 5, '4:20 - 4:30 AM'),
(3813, 392, 6, '7:20 - 7:30 AM'),
(3814, 392, 7, '5:20 - 5:30 PM'),
(3815, 392, 8, '8:20 - 8:30 AM'),
(3816, 392, 9, ''),
(3817, 393, 1, '4:20 - 4:30 AM'),
(3818, 393, 2, '7:20 - 7:30 AM'),
(3819, 393, 3, '8:20 - 8:30 AM'),
(3820, 393, 4, '7:20 - 7:30 AM'),
(3821, 393, 5, '4:20 - 4:30 AM'),
(3822, 393, 6, '7:20 - 7:30 AM'),
(3823, 393, 7, '5:20 - 5:30 PM'),
(3824, 393, 8, '8:20 - 8:30 AM'),
(3825, 393, 9, '9:00 AM'),
(3826, 231, 1, '4:00 - 4:10 AM'),
(3827, 231, 2, '7:10 - 7:20 AM'),
(3828, 231, 3, '8:10 - 8:20 AM'),
(3829, 231, 4, '7:10 - 7:20 AM'),
(3830, 231, 5, '4:00 - 4:10 AM'),
(3831, 231, 6, '7:10 - 7:20 AM'),
(3832, 231, 7, '5:10 - 5:20 PM'),
(3833, 231, 8, '8:10 - 8:20 AM'),
(3834, 231, 9, ''),
(3835, 394, 1, '4:10 - 4:20 AM'),
(3836, 394, 2, '7:10 - 7:20 AM'),
(3837, 394, 3, '8:10 - 8:20 AM'),
(3838, 394, 4, '7:10 - 7:20 AM'),
(3839, 394, 5, '4:10 - 4:20 AM'),
(3840, 394, 6, '7:10 - 7:20 AM'),
(3841, 394, 7, '5:10 - 5:20 PM'),
(3842, 394, 8, '8:10 - 8:20 AM'),
(3843, 394, 9, ''),
(3844, 23, 1, '4:00 - 4:10 AM'),
(3845, 23, 2, '7:00 - 7:10 AM'),
(3846, 23, 3, '8:00 - 8:10 AM'),
(3847, 23, 4, '7:00 - 7:10 AM'),
(3848, 23, 5, '4:00 - 4:10 AM'),
(3849, 23, 6, '7:00 - 7:10 AM'),
(3850, 23, 7, '5:00 - 5:00 PM'),
(3851, 23, 8, '8:00 - 8:10 AM'),
(3852, 23, 9, ''),
(3853, 24, 1, '4:00 - 4:10 AM'),
(3854, 24, 2, '7:00 - 7:10 AM'),
(3855, 24, 3, '8:00 - 8:10 AM'),
(3856, 24, 4, '7:00 - 7:10 AM'),
(3857, 24, 5, '4:00 - 4:10 AM'),
(3858, 24, 6, '7:00 - 7:10 AM'),
(3859, 24, 7, '5.00 - 5:10 PM'),
(3860, 24, 8, '8:00 - 8:10 AM'),
(3861, 24, 9, ''),
(3862, 25, 1, '4:00 - 4:10 AM'),
(3863, 25, 2, '7:00 - 7:10 AM'),
(3864, 25, 3, '8:00 - 8:10 AM'),
(3865, 25, 4, '7:00 - 7:10 AM'),
(3866, 25, 5, '4:00 - 4:10 AM'),
(3867, 25, 6, '7:00 - 7:10 AM'),
(3868, 25, 7, '5:00 - 5:10 PM'),
(3869, 25, 8, '8:00 - 8:10 AM'),
(3870, 25, 9, ''),
(3871, 26, 1, '4:00 - 4:10 AM'),
(3872, 26, 2, '7:00 - 7:10 AM'),
(3873, 26, 3, '8:00 - 8:10 AM'),
(3874, 26, 4, '7:00 - 7:10 AM'),
(3875, 26, 5, '4:00 - 4:10 AM'),
(3876, 26, 6, '7:00 - 7:10 AM'),
(3877, 26, 7, '5:00 - 5:10 PM'),
(3878, 26, 8, '8:00 - 8:10 AM'),
(3879, 26, 9, '9:00 AM'),
(3880, 27, 1, '4:00 - 4:10 AM'),
(3881, 27, 2, '7:00 - 7:10 AM'),
(3882, 27, 3, '8:00 - 8:10 AM'),
(3883, 27, 4, '7:00 - 7:10 AM'),
(3884, 27, 5, '4:00 - 4:10 AM'),
(3885, 27, 6, '7:00 - 7:10 AM'),
(3886, 27, 7, '5:00 - 5:10 PM'),
(3887, 27, 8, '8:00 - 8:10 AM'),
(3888, 27, 9, ''),
(3889, 28, 1, '4:00 - 4:10 AM'),
(3890, 28, 2, '7:00 - 7:10 AM'),
(3891, 28, 3, '8:00 - 8:10 AM'),
(3892, 28, 4, '7:00 - 7:10 AM'),
(3893, 28, 5, '4:00 - 4:10 AM'),
(3894, 28, 6, '7:00 - 7:10 AM'),
(3895, 28, 7, '5:00 - 5:10 PM'),
(3896, 28, 8, '8:00 - 8:10 AM'),
(3897, 28, 9, ''),
(3898, 29, 1, '4:00 - 4:10 AM'),
(3899, 29, 2, '7:00 - 7:10 AM'),
(3900, 29, 3, '8:00 - 8:10 AM'),
(3901, 29, 4, '7:00 - 7:10 AM'),
(3902, 29, 5, '4:00 - 4:10 AM'),
(3903, 29, 6, '7:00 - 7:10 AM'),
(3904, 29, 7, '5:00 - 5:10 PM'),
(3905, 29, 8, '8:00 - 8:10 AM'),
(3906, 29, 9, ''),
(3907, 30, 1, '4:00 - 4:10 AM'),
(3908, 30, 2, '7:00 - 7:10 AM'),
(3909, 30, 3, '8:00 - 8:10 AM'),
(3910, 30, 4, '7:00 - 7:10 AM'),
(3911, 30, 5, '4:00 - 4:10 AM'),
(3912, 30, 6, '7:00 - 7:10 AM'),
(3913, 30, 7, '5:00 - 5:10 PM'),
(3914, 30, 8, '8:00 - 8:10 AM'),
(3915, 30, 9, ''),
(3916, 31, 1, '4:00 - 4:10 AM'),
(3917, 31, 2, '7:00 - 7:10 AM'),
(3918, 31, 3, '8:00 - 8:10 AM'),
(3919, 31, 4, '7:00 - 7:10 AM'),
(3920, 31, 5, '4:00 - 4:10 AM'),
(3921, 31, 6, '7:00 - 7:10 AM'),
(3922, 31, 7, '5:00 - 5:10 PM'),
(3923, 31, 8, '8:00 - 8:10 AM'),
(3924, 31, 9, ''),
(3925, 32, 1, '4:00 - 4:10 AM'),
(3926, 32, 2, '7:00 - 7:10 AM'),
(3927, 32, 3, '8:00 - 8:10 AM'),
(3928, 32, 4, '7:00 - 7:10 AM'),
(3929, 32, 5, '4:00 - 4:10 AM'),
(3930, 32, 6, '7:00 - 7:10 AM'),
(3931, 32, 7, '5:00 - 5:10 PM'),
(3932, 32, 8, '8:00 - 8:10 AM'),
(3933, 32, 9, '9:00 AM'),
(3934, 33, 1, '4:00 - 4:10 AM'),
(3935, 33, 2, '7:00 - 7:10 AM'),
(3936, 33, 3, '8:00 - 8:10 AM'),
(3937, 33, 4, '7:00 - 7:10 AM'),
(3938, 33, 5, '4:00 - 4:10 AM'),
(3939, 33, 6, '7:00 - 7:10 AM'),
(3940, 33, 7, '5:00 - 5:10 PM'),
(3941, 33, 8, '8:00 - 8:10 AM'),
(3942, 33, 9, ''),
(3943, 34, 1, '4:00 - 4:10 AM'),
(3944, 34, 2, '7:00 - 7:10 AM'),
(3945, 34, 3, '8:00 - 8:10 AM'),
(3946, 34, 4, '7:00 - 7:10 AM'),
(3947, 34, 5, '4:00 - 4:10 AM'),
(3948, 34, 6, '7:00 - 7:10 AM'),
(3949, 34, 7, '5:00 - 5:10 PM'),
(3950, 34, 8, '8:00 - 8:10 AM'),
(3951, 34, 9, ''),
(3952, 396, 1, '4:30 - 4:40 AM'),
(3953, 396, 2, '7:30 - 7:40 AM'),
(3954, 396, 3, '8:30 - 8:40 AM'),
(3955, 396, 4, '7:30 - 7:40 AM'),
(3956, 396, 5, '4:30 - 4:40 AM'),
(3957, 396, 6, '7:30 - 7:40 AM'),
(3958, 396, 7, '5:30 - 5:40 PM'),
(3959, 396, 8, '8:30 - 8:40 AM'),
(3960, 396, 9, 'PENDIENTE'),
(3961, 397, 10, '8:00 - 8:10 AM'),
(3962, 398, 10, ' 8:20 - 8:30 AM'),
(3963, 88, 10, ' 8:10 - 8:20 AM'),
(3964, 495, 10, '8:40 - 8:50 AM '),
(3965, 232, 10, '8:00 - 8:10 AM'),
(3966, 399, 10, 'ESTACION FLORESTA'),
(3967, 496, 10, '8:40 - 8:50 AM '),
(3968, 497, 10, '8:40 - 8:50 AM '),
(3969, 498, 10, '8:40 - 8:50 AM '),
(3970, 49, 10, '8:00 - 8:10 AM'),
(3971, 539, 10, '8:40 - 8:50 AM '),
(3972, 499, 10, '8:40 - 8:50 AM '),
(3973, 500, 10, '8:40 - 8:50 AM '),
(3974, 400, 10, ' 8:20 - 8:30 AM'),
(3975, 90, 10, ' 8:20 - 8:30 AM'),
(3976, 540, 10, '8:50 - 9:00 AM'),
(3977, 233, 10, '8:00 - 8:10 AM'),
(3978, 501, 10, '8:50 - 9:00 AM'),
(3979, 91, 10, ' 8:20 - 8:30 AM'),
(3980, 401, 10, '8:50 - 9:00 AM '),
(3981, 542, 10, '8:40 - 8:50 AM '),
(3982, 92, 10, '8:30 - 8:40 AM'),
(3983, 402, 10, '8:30 - 8:40 AM'),
(3984, 403, 10, '8:20 - 8:30 AM'),
(3985, 543, 10, 'LLEGA AL 47 STREET'),
(3986, 404, 10, '8:20 - 8:30 AM'),
(3987, 93, 10, '8:10 - 8:20 AM'),
(3988, 94, 10, '8:20 - 8:30 AM'),
(3989, 67, 10, '8:00 - 8:10 AM'),
(3990, 95, 10, '8:30 - 8:40 AM'),
(3991, 96, 10, ' 8:20 - 8:30 AM'),
(3992, 97, 10, ' 8:20 - 8:30 AM'),
(3993, 502, 10, '8:40 - 8:50 AM '),
(3994, 50, 10, '8:00 - 8:10 AM'),
(3995, 98, 10, '8:30 - 8:40 AM'),
(3996, 51, 10, '8:00 - 8:10 AM'),
(3997, 99, 10, ' 8:10 - 8:20 AM'),
(3998, 234, 10, '8:00 - 8:10 AM'),
(3999, 405, 10, '8:10 - 8:20 AM'),
(4000, 544, 10, 'N/A'),
(4001, 545, 10, '8:40 - 8:50 AM '),
(4002, 546, 10, '8:40 - 8:50 AM '),
(4003, 406, 10, '8:40 - 8:50 AM '),
(4004, 407, 10, ' 8:20 - 8:30 AM'),
(4005, 503, 10, '8:40 - 8:50 AM '),
(4006, 547, 10, 'LLEGA AL 47 STREET'),
(4007, 235, 10, '8:00 - 8:10 AM'),
(4008, 408, 10, '8:30 - 8:40 AM'),
(4009, 102, 10, ' 8:20 - 8:30 AM'),
(4010, 68, 10, '8:00 - 8:10 AM'),
(4011, 103, 10, ' 8:20 - 8:30 AM'),
(4012, 104, 10, '8:30 - 8:40 AM'),
(4013, 105, 10, '8:30 - 8:40 AM'),
(4014, 106, 10, ' 8:20 - 8:30 AM'),
(4015, 236, 10, ' 8:20 - 8:30 AM'),
(4016, 1, 10, 'EST. POBLADO'),
(4017, 237, 10, '8:00 - 8:10 AM'),
(4018, 504, 10, '8:40 - 8:50 AM '),
(4019, 505, 10, '8:40 - 8:50 AM '),
(4020, 238, 10, '8:00 - 8:10 AM'),
(4021, 409, 10, '8:40 - 8:50 AM '),
(4022, 548, 10, '8:40 - 8:50 AM '),
(4023, 107, 10, ' 8:20 - 8:30 AM'),
(4024, 108, 10, ' 8:10 - 8:20 AM'),
(4025, 410, 10, '8:30 - 8:40 AM'),
(4026, 506, 10, '8:40 - 8:50 AM '),
(4027, 109, 10, 'N/A'),
(4028, 239, 10, '8:00 - 8:10 AM'),
(4029, 507, 10, '8:40 - 8:50 AM '),
(4030, 411, 10, '8:10 - 8:20 AM'),
(4031, 508, 10, '8:40 - 8:50 AM '),
(4032, 412, 10, '8:40 - 8:50 AM '),
(4033, 240, 10, ' 8:20 - 8:30 AM'),
(4034, 52, 10, '8:00 - 8:10 AM'),
(4035, 110, 10, ' 8:10 - 8:20 AM'),
(4036, 549, 10, '47 STREET'),
(4037, 550, 10, '47 STREET'),
(4038, 413, 10, '8:30 - 8:40 AM'),
(4039, 414, 10, ' 8:10 - 8:20 AM'),
(4040, 552, 10, 'N/A'),
(4041, 69, 10, ' 8:10 - 8:20 AM'),
(4042, 510, 10, ' 8:20 - 8:30 AM'),
(4043, 70, 10, ' 8:10 - 8:20 AM'),
(4044, 241, 10, '8:30 - 8:40 AM'),
(4045, 111, 10, ' 8:20 - 8:30 AM'),
(4046, 511, 10, '8:40 - 8:50 AM '),
(4047, 53, 10, '8:00 - 8:10 AM'),
(4048, 512, 10, '8:40 - 8:50 AM '),
(4049, 553, 10, '47 STREET'),
(4050, 513, 10, '8:40 - 8:50 AM '),
(4051, 607, 10, 'N/A'),
(4052, 112, 10, '8:30 - 8:40 AM'),
(4053, 554, 10, '8:40 - 8:50 AM '),
(4054, 113, 10, '8:30 - 8:40 AM'),
(4055, 514, 10, '8:40 - 8:50 AM '),
(4056, 114, 10, '8:30 - 8:40 AM'),
(4057, 242, 10, '8:10 - 8:20 AM'),
(4058, 415, 10, '8:30 - 8:40 AM'),
(4059, 416, 10, '8:30 - 8:40 AM'),
(4060, 515, 10, '8:40 - 8:50 AM '),
(4061, 417, 10, ' 8:20 - 8:30 AM'),
(4062, 516, 10, '8:40 - 8:50 AM '),
(4063, 243, 10, '8:10 - 8:20 AM'),
(4064, 418, 10, '8:30 - 8:40 AM'),
(4065, 622, 10, 'EST. POBLADO'),
(4066, 2, 10, 'EST. POBLADO'),
(4067, 3, 10, 'EST. POBLADO'),
(4068, 419, 10, ' 8:20 - 8:30 AM'),
(4069, 244, 10, '8:10 - 8:20 AM'),
(4070, 54, 10, '8:00 - 8:10 AM'),
(4071, 55, 10, '8:00 - 8:10 AM'),
(4072, 245, 10, '8:10 - 8:20 AM'),
(4073, 246, 10, '8:10 - 8:20 AM'),
(4074, 555, 10, '8:40 - 8:50 AM '),
(4075, 623, 10, 'EST. POBLADO'),
(4076, 420, 10, '8:40 - 8:50 AM '),
(4077, 556, 10, '47 STREET'),
(4078, 517, 10, '8:40 - 8:50 AM '),
(4079, 518, 10, '8:40 - 8:50 AM '),
(4080, 421, 10, '8:30 - 8:40 AM'),
(4081, 247, 10, '8:00 - 8:10 AM'),
(4082, 519, 10, '8:40 - 8:50 AM '),
(4083, 115, 10, '8:30 - 8:40 AM'),
(4084, 557, 10, '8:40 - 8:50 AM '),
(4085, 87, 10, '8:00 - 8:10 AM'),
(4086, 520, 10, '8:40 - 8:50 AM '),
(4087, 521, 10, '8:40 - 8:50 AM '),
(4088, 116, 10, '8:30 - 8:40 AM'),
(4089, 56, 10, '8:00 - 8:10 AM'),
(4090, 117, 10, '8:30 - 8:40 AM'),
(4091, 558, 10, '47 STREET'),
(4092, 72, 10, '8:00 - 8:10 AM'),
(4093, 624, 10, 'EST. POBLADO'),
(4094, 422, 10, ' 8:20 - 8:30 AM'),
(4095, 423, 10, ' 8:20 - 8:30 AM'),
(4096, 424, 10, ' 8:20 - 8:30 AM'),
(4097, 425, 10, '8:30 - 8:40 AM'),
(4098, 426, 10, '8:30 - 8:40 AM'),
(4099, 522, 10, '8:40 - 8:50 AM '),
(4100, 523, 10, '8:40 - 8:50 AM '),
(4101, 118, 10, '8:10 - 8:20 AM'),
(4102, 73, 10, '8:00 - 8:10 AM'),
(4103, 427, 10, '8:10 - 8:20 AM'),
(4104, 524, 10, '8:40 - 8:50 AM '),
(4105, 559, 10, 'LLEGA AL 47 STREET'),
(4106, 428, 10, ' 8:20 - 8:30 AM'),
(4107, 248, 10, '8:10 - 8:20 AM'),
(4108, 560, 10, 'N/A'),
(4109, 561, 10, 'LLEGA AL 47 STREET'),
(4110, 57, 10, '8:00 - 8:10 AM'),
(4111, 58, 10, '8:00 - 8:10 AM'),
(4112, 59, 10, '8:00 - 8:10 AM'),
(4113, 249, 10, '8:10 - 8:20 AM'),
(4114, 119, 10, '8:20 - 8:30 AM'),
(4115, 562, 10, '8:40 - 8:50 AM '),
(4116, 525, 10, '8:40 - 8:50 AM '),
(4117, 429, 10, '8:20 - 8:30 AM'),
(4118, 120, 10, 'N/A'),
(4119, 121, 10, '8:40 - 8:50 AM '),
(4120, 563, 10, '8:40 - 8:50 AM '),
(4121, 526, 10, '8:40 - 8:50 AM '),
(4122, 625, 10, 'EST. POBLADO'),
(4123, 122, 10, '8:20 - 8:30 AM'),
(4124, 527, 10, '8:40 - 8:50 AM '),
(4125, 528, 10, '8:40 - 8:50 AM '),
(4126, 564, 10, '8:20 - 8:30 AM'),
(4127, 124, 10, '8:20 - 8:30 AM'),
(4128, 529, 10, '8:40 - 8:50 AM '),
(4129, 530, 10, '8:40 - 8:50 AM '),
(4130, 565, 10, '8:40 - 8:50 AM '),
(4131, 531, 10, '8:40 - 8:50 AM '),
(4132, 4, 10, 'LLEGA AL 47 STREET'),
(4133, 60, 10, '8:00 - 8:10 AM'),
(4134, 430, 10, '8:00 - 8:10 AM'),
(4135, 431, 10, '8:30 - 8:40 AM'),
(4136, 432, 10, '8:30 - 8:40 AM'),
(4137, 566, 10, '8:40 - 8:50 AM '),
(4138, 626, 10, 'EST. POBLADO'),
(4139, 74, 10, '8:00 - 8:10 AM'),
(4140, 250, 10, '8:00 - 8:10 AM'),
(4141, 251, 10, '8:00 - 8:10 AM'),
(4142, 61, 10, '8:00 - 8:10 AM'),
(4143, 567, 10, '8:40 - 8:50 AM '),
(4144, 433, 10, '8:00 - 8:10 AM '),
(4145, 434, 10, '8:30 - 8:40 AM'),
(4146, 62, 10, '8:00 - 8:10 AM'),
(4147, 627, 10, 'EST. POBLADO'),
(4148, 126, 10, ' 8:20 - 8:30 AM'),
(4149, 532, 10, '8:40 - 8:50 AM '),
(4150, 435, 10, '8:20 - 8:30 AM'),
(4151, 64, 10, '8:00 - 8:10 AM '),
(4152, 533, 10, '8:40 - 8:50 AM '),
(4153, 534, 10, '8:40 - 8:50 AM '),
(4154, 127, 10, '8:40 - 8:50 AM '),
(4155, 75, 10, '8:00 - 8:10 AM'),
(4156, 128, 10, '8:10 - 8:20 AM'),
(4157, 436, 10, '8:30 - 8:40 AM'),
(4158, 129, 10, '8:30 - 8:40 AM'),
(4159, 130, 10, '8:30 - 8:40 AM'),
(4160, 437, 10, '8:30 - 8:40 AM'),
(4161, 438, 10, ' 8:20 - 8:30 AM'),
(4162, 131, 10, ' 8:20 - 8:30 AM'),
(4163, 132, 10, ' 8:20 - 8:30 AM'),
(4164, 133, 10, ' 8:20 - 8:30 AM'),
(4165, 134, 10, ' 8:20 - 8:30 AM'),
(4166, 135, 10, ' 8:20 - 8:30 AM'),
(4167, 137, 10, ' 8:20 - 8:30 AM'),
(4168, 252, 10, '8:10 - 8:20 AM'),
(4169, 535, 10, '8:40 - 8:50 AM '),
(4170, 440, 10, '8:40 - 8:50 AM '),
(4171, 138, 10, ' 8:20 - 8:30 AM'),
(4172, 253, 10, ' 8:20 - 8:30 AM'),
(4173, 441, 10, ' 8:20 - 8:30 AM'),
(4174, 442, 10, ' 8:20 - 8:30 AM'),
(4175, 443, 10, ' 8:20 - 8:30 AM'),
(4176, 444, 10, ' 8:20 - 8:30 AM'),
(4177, 445, 10, '8:00 - 8:10 AM'),
(4178, 446, 10, ' 8:20 - 8:30 AM'),
(4179, 536, 10, '8:40 - 8:50 AM '),
(4180, 65, 10, '8:00 - 8:10 AM'),
(4181, 140, 10, '8:10 - 8:20 AM'),
(4182, 537, 10, ' 8:20 - 8:30 AM'),
(4183, 538, 10, '8:40 - 8:50 AM '),
(4184, 143, 10, '8:20 8:30 AM'),
(4185, 447, 10, ' 8:20 - 8:30 AM'),
(4186, 254, 10, '8:10 - 8:20 AM'),
(4187, 568, 10, 'LLEGAR AL HOTEL 47 S'),
(4188, 321, 10, '8:00 - 8:10 AM'),
(4189, 8, 10, '8:00 - 8:10 AM'),
(4190, 322, 10, ' 8:20 - 8:30 AM'),
(4191, 323, 10, '8:30 - 8:40 AM'),
(4192, 324, 10, ' 8:20 - 8:30 AM'),
(4193, 325, 10, '8:30 - 8:40 AM'),
(4194, 449, 10, '8:40 - 8:50 AM '),
(4195, 326, 10, '8:00 - 8:10 AM'),
(4196, 5, 10, 'EST. POBLADO'),
(4197, 200, 10, '8:30 - 8:40 AM'),
(4198, 328, 10, '8:10 - 8:20 AM'),
(4199, 329, 10, '8:30 - 8:40 AM'),
(4200, 569, 10, '47 STREET 8:40 AM'),
(4201, 168, 10, ' 8:20 - 8:30 AM'),
(4202, 169, 10, '8:10 - 8:20 AM'),
(4203, 203, 10, '8:10 - 8:20 AM'),
(4204, 450, 10, '8:30 - 8:40 AM'),
(4205, 570, 10, '8:40 a 8:50 am'),
(4206, 330, 10, ' 8:20 - 8:30 AM'),
(4207, 331, 10, ' 8:20 - 8:30 AM'),
(4208, 332, 10, ' 8:20 - 8:30 AM'),
(4209, 204, 10, '8:10 - 8:20 AM'),
(4210, 452, 10, '8:40 a 8:50 am'),
(4211, 453, 10, '8:40 a 8:50 am'),
(4212, 571, 10, '8:40 a 8:50 am'),
(4213, 171, 10, '8:40 a 8:50 am'),
(4214, 454, 10, '8:40 a 8:50 am'),
(4215, 455, 10, '8:40 a 8:50 am'),
(4216, 172, 10, ' 8:20 - 8:30 AM'),
(4217, 333, 10, '830 - 8:40 AM'),
(4218, 173, 10, '8:10 - 8:20 AM'),
(4219, 456, 10, '8:40 a 8:50 am'),
(4220, 457, 10, '8:40 a 8:50 am'),
(4221, 458, 10, '8:40 a 8:50 am'),
(4222, 459, 10, '8:40 a 8:50 am'),
(4223, 205, 10, ' 8:20 - 8:30 AM'),
(4224, 206, 10, ' 8:20 - 8:30 AM'),
(4225, 207, 10, ' 8:20 - 8:30 AM'),
(4226, 208, 10, ' 8:20 - 8:30 AM'),
(4227, 334, 10, '830 - 8:40 AM'),
(4228, 335, 10, ' 8:20 - 8:30 AM'),
(4229, 336, 10, '830 - 8:40 AM'),
(4230, 572, 10, 'N/A'),
(4231, 6, 10, '7:50 AM'),
(4232, 337, 10, '8:20 AM '),
(4233, 175, 10, '8:40 a 8:50 am'),
(4234, 339, 10, '830 - 8:40 AM'),
(4235, 176, 10, '830 - 8:40 AM'),
(4236, 9, 10, '8:00 - 8:10 AM'),
(4237, 340, 10, '830 - 8:40 AM'),
(4238, 619, 10, 'EST. POBLADO'),
(4239, 573, 10, '47 STREET'),
(4240, 76, 10, '8:00 - 8:10 AM'),
(4241, 574, 10, '8:40 A 8:50 AM'),
(4242, 178, 10, '8:40 a 8:50 am'),
(4243, 179, 10, ' 8:20 - 8:30 AM'),
(4244, 460, 10, '8:40 a 8:50 am'),
(4245, 180, 10, '8:10 - 8:20 AM'),
(4246, 575, 10, '47 STREET'),
(4247, 209, 10, ' 8:20 - 8:30 AM'),
(4248, 181, 10, '8:40 a 8:50 am'),
(4249, 341, 10, 'ESTACION FLORESTA'),
(4250, 342, 10, '8:10 - 8:20 AM'),
(4251, 343, 10, '830 - 8:40 AM'),
(4252, 77, 10, '8:00 - 8:10 AM'),
(4253, 344, 10, 'ESTACION FLORESTA'),
(4254, 345, 10, ' 8:20 - 8:30 AM'),
(4255, 346, 10, '8:30 - 8:40 AM'),
(4256, 347, 10, '8:10 - 8:20 AM'),
(4257, 348, 10, '830 - 8:40 AM'),
(4258, 182, 10, '830 - 8:40 AM'),
(4259, 10, 10, '8:00 - 8:10 AM'),
(4260, 210, 10, '8:00 - 8:10 AM'),
(4261, 183, 10, ' 8:20 - 8:30 AM'),
(4262, 211, 10, 'PARQUE POBLADO 8:00 '),
(4263, 7, 10, 'EST. POBLADO'),
(4264, 461, 10, '8:40 a 8:50 am'),
(4265, 349, 10, '8:30 - 8:40 AM'),
(4266, 11, 10, '8:00 - 8:10 AM'),
(4267, 620, 10, 'EST. POBLADO'),
(4268, 462, 10, '8:40 a 8:50 am'),
(4269, 350, 10, '8:10 - 8:20 AM'),
(4270, 213, 10, ' 8:20 - 8:30 AM'),
(4271, 576, 10, '830 - 8:40 AM'),
(4272, 463, 10, '8:40 a 8:50 am'),
(4273, 351, 10, ' 8:20 - 8:30 AM'),
(4274, 185, 10, '8:40 a 8:50 am'),
(4275, 12, 10, '8:00 - 8:10 AM'),
(4276, 352, 10, ' 8:20 - 8:30 AM'),
(4277, 214, 10, '8:00 - 8:10 AM'),
(4278, 464, 10, '8:30 - 8:40 AM'),
(4279, 353, 10, ' 8:20 - 8:30 AM'),
(4280, 186, 10, ' 8:20 - 8:30 AM'),
(4281, 354, 10, ' 8:20 - 8:30 AM'),
(4282, 355, 10, ' 8:20 - 8:30 AM'),
(4283, 187, 10, ' 8:20 - 8:30 AM'),
(4284, 465, 10, '8:40 A 8:50 AM'),
(4285, 466, 10, '8:40 A 8:50 AM'),
(4286, 356, 10, '8:10 - 8:20 AM'),
(4287, 357, 10, ' 8:20 - 8:30 AM'),
(4288, 13, 10, '8:00 - 8:10 AM'),
(4289, 358, 10, 'ESTACION FLORESTA'),
(4290, 467, 10, '8:40 a 8:50 am'),
(4291, 359, 10, ' 8:20 - 8:30 AM'),
(4292, 360, 10, '830 - 8:40 AM'),
(4293, 14, 10, '8:00 - 8:10 AM'),
(4294, 577, 10, '8:40 a 8:50 am'),
(4295, 468, 10, '8:40 a 8:50 am'),
(4296, 361, 10, '8:10 - 8:20 AM'),
(4297, 578, 10, '47 STREET'),
(4298, 362, 10, ' 8:20 - 8:30 AM'),
(4299, 363, 10, '8:10 - 8:20 AM'),
(4300, 314, 10, '8:10 - 8:20 AM'),
(4301, 364, 10, ' 8:20 - 8:30 AM'),
(4302, 365, 10, ' 8:20 - 8:30 AM'),
(4303, 15, 10, '8:00 - 8:10 AM'),
(4304, 579, 10, 'LLEGA AL 47 STREET'),
(4305, 580, 10, 'N/A'),
(4306, 366, 10, ' 8:20 - 8:30 AM'),
(4307, 189, 10, '8:40 a 8:50 am'),
(4308, 16, 10, '8:00 - 8:10 AM'),
(4309, 215, 10, '8:00 - 8:10 AM'),
(4310, 367, 10, '8:30 - 8:40 AM'),
(4311, 190, 10, '8:40 - 8:50 AM '),
(4312, 216, 10, '8:10 - 8:20 AM '),
(4313, 368, 10, '8:10 .- 8:20 AM '),
(4314, 17, 10, '8:00 - 8:10 AM'),
(4315, 369, 10, '8:30 - 8:40 AM'),
(4316, 469, 10, '8:40 - 8:50 AM '),
(4317, 217, 10, ' 8:20 - 8:30 AM'),
(4318, 218, 10, '8:10 .- 8:20 AM '),
(4319, 582, 10, '8:40 - 8:50 AM '),
(4320, 470, 10, '8:40 - 8:50 AM '),
(4321, 370, 10, '8:30 - 8:40 AM'),
(4322, 371, 10, '8:10 .- 8:20 AM '),
(4323, 372, 10, ' 8:20 - 8:30 AM'),
(4324, 219, 10, '8:10 - 8:20 AM '),
(4325, 583, 10, '8:40 A 8:50 AM'),
(4326, 471, 10, '8:10 .- 8:20 AM '),
(4327, 191, 10, ' 8:20 - 8:30 AM'),
(4328, 373, 10, ' 8:20 - 8:30 AM'),
(4329, 374, 10, '8:30 - 8:40 AM'),
(4330, 375, 10, 'ESTACION FLORESTA'),
(4331, 376, 10, ' 8:20 - 8:30 AM'),
(4332, 377, 10, '8:40 - 8:50 AM'),
(4333, 584, 10, '8:50 - 9:00 AM'),
(4334, 585, 10, '8:40 - 8:50 AM'),
(4335, 472, 10, '8:40 - 8:50 am'),
(4336, 378, 10, ' 8:20 - 8:30 AM'),
(4337, 379, 10, 'EST. FLORESTA'),
(4338, 586, 10, '8:40 - 8:50 AM'),
(4339, 473, 10, '8:40 - 8:50 am'),
(4340, 221, 10, '8:00 - 8:10 AM'),
(4341, 222, 10, '8:10 .- 8:20 AM '),
(4342, 621, 10, 'EST. POBLADO'),
(4343, 19, 10, '8:00 - 8:10 AM'),
(4344, 223, 10, '8:00 - 8:10 AM'),
(4345, 587, 10, '8:40 - 8:50 AM'),
(4346, 224, 10, '8:10 .- 8:20 AM '),
(4347, 192, 10, 'NO APLICA'),
(4348, 193, 10, ' 8:20 - 8:30 AM'),
(4349, 474, 10, '8:40 - 8:50 am'),
(4350, 380, 10, ' 8:20 - 8:30 AM'),
(4351, 225, 10, '8:00 - 8:10 AM'),
(4352, 381, 10, '8:30 - 8:40 AM'),
(4353, 194, 10, '8:30 - 8:40 AM'),
(4354, 195, 10, ' 8:20 - 8:30 AM'),
(4355, 196, 10, '8:40 - 8:50 am'),
(4356, 197, 10, ' 8:20 - 8:30 AM'),
(4357, 79, 10, '8:00 - 8:10 AM'),
(4358, 383, 10, ' 8:20 - 8:30 AM'),
(4359, 384, 10, ' 8:20 - 8:30 AM'),
(4360, 20, 10, '8:00 A 8:10 AM'),
(4361, 385, 10, ' 8:20 - 8:30 AM'),
(4362, 226, 10, ' 8:20 - 8:30 AM'),
(4363, 227, 10, '8:00 A 8:10 AM'),
(4364, 476, 10, '8:40 - 8:50 am'),
(4365, 80, 10, '8:00 A 8:10 AM'),
(4366, 386, 10, ' 8:20 - 8:30 AM'),
(4367, 198, 10, '8:30 - 8:40 AM'),
(4368, 387, 10, '8:30 - 8:40 AM'),
(4369, 81, 10, '8:00 - 8:10 AM'),
(4370, 388, 10, '8:00 - 8:10 AM'),
(4371, 477, 10, '8:40 - 8:50 AM '),
(4372, 21, 10, '8:00 - 8:10 AM'),
(4373, 22, 10, '8:00 - 8:10 AM'),
(4374, 591, 10, '8:40 A 8:50 AM'),
(4375, 389, 10, '8:30 - 8:40 AM'),
(4376, 228, 10, ' 8:20 - 8:30 AM'),
(4377, 229, 10, '8:00 - 8:10 AM'),
(4378, 592, 10, '8:10 - 8:20 AM'),
(4379, 390, 10, '8:30 - 8:40 AM'),
(4380, 230, 10, '8:10 - 8:20 AM'),
(4381, 199, 10, '8:30 - 8:40 AM'),
(4382, 593, 10, '8:40 - 8:50 AM'),
(4383, 391, 10, '8:10 - 8:20 AM'),
(4384, 392, 10, '8:20 - 8:30 AM'),
(4385, 393, 10, '8:20 - 8:30 AM'),
(4386, 231, 10, '8:10 - 8:20 AM'),
(4387, 394, 10, '8:10 - 8:20 AM'),
(4388, 23, 10, '8:00 - 8:10 AM'),
(4389, 24, 10, '8:00 - 8:10 AM'),
(4390, 25, 10, '8:00 - 8:10 AM'),
(4391, 26, 10, '8:00 - 8:10 AM'),
(4392, 27, 10, '8:00 - 8:10 AM'),
(4393, 28, 10, '8:00 - 8:10 AM'),
(4394, 29, 10, '8:00 - 8:10 AM'),
(4395, 30, 10, '8:00 - 8:10 AM'),
(4396, 31, 10, '8:00 - 8:10 AM'),
(4397, 32, 10, '8:00 - 8:10 AM'),
(4398, 33, 10, '8:00 - 8:10 AM'),
(4399, 34, 10, '8:00 - 8:10 AM'),
(4400, 396, 10, '8:30 - 8:40 AM'),
(4401, 478, 1, '4:40 - 4:50 AM'),
(4402, 478, 2, '7:40 - 7:50 AM'),
(4403, 478, 3, '8:40 - 8:50 AM'),
(4404, 478, 4, '7:40 - 7:50 AM'),
(4405, 478, 5, '4:40 - 4:50 AM'),
(4406, 478, 6, '7:40 - 7:50 AM'),
(4407, 478, 7, '5:40 - 5:50 PM'),
(4408, 478, 8, '8:40 - 8:50 AM'),
(4409, 478, 9, '9:00 AM'),
(4410, 478, 10, '8:40 - 8:50 AM'),
(4411, 594, 1, '4:40 - 4:50 AM'),
(4412, 594, 2, '7:40 - 7:50 AM'),
(4413, 594, 3, '8:40 - 8:50 AM'),
(4414, 594, 4, '7:40 - 7:50 AM'),
(4415, 594, 5, '4:40 - 4:50 AM'),
(4416, 594, 6, '7:40 - 7:50 AM'),
(4417, 594, 7, '5:40 - 5:50 PM'),
(4418, 594, 8, '8:40 - 8:50 AM'),
(4419, 594, 9, 'PENDIENTE'),
(4420, 594, 10, '8:40 - 8:50 AM'),
(4421, 609, 1, 'PENDIENTE'),
(4422, 609, 2, 'PENDIENTE'),
(4423, 609, 3, 'PENDIENTE'),
(4424, 609, 4, 'PENDIENTE'),
(4425, 609, 5, 'PENDIENTE'),
(4426, 609, 6, 'PENDIENTE'),
(4427, 609, 7, 'PENDIENTE'),
(4428, 609, 8, 'PENDIENTE'),
(4429, 609, 9, 'PENDIENTE'),
(4430, 609, 10, 'PENDIENTE'),
(4431, 144, 1, '4:10 - 4:20 AM'),
(4432, 144, 2, '7:10 - 7:20 AM'),
(4433, 144, 3, '8:10 - 8:20 AM'),
(4434, 144, 4, '7:10 - 7:20 AM'),
(4435, 144, 5, '4:10 - 4:20 AM'),
(4436, 144, 6, '7:10 - 7:20 AM'),
(4437, 144, 7, '5:10 - 5:20 PM'),
(4438, 144, 8, '8:10 - 8:20 AM'),
(4439, 144, 9, 'PENDIENTE'),
(4440, 144, 10, '8:10 - 8:20 AM'),
(4441, 255, 1, '4:00 - 4:10 AM'),
(4442, 255, 2, '7:00 - 7:10 AM'),
(4443, 255, 3, '8:00 - 8:10 AM'),
(4444, 255, 4, '7:00 - 7:10 AM'),
(4445, 255, 5, '4:00 - 4:10 AM'),
(4446, 255, 6, '7:00 - 7:10 AM'),
(4447, 255, 7, '5:00 - 5:10 PM'),
(4448, 255, 8, '8:00 - 8:10 AM'),
(4449, 255, 9, 'PENDIENTE'),
(4450, 255, 10, '8:00 - 8:10 AM'),
(4451, 256, 1, '4:20 - 4:30 AM'),
(4452, 256, 2, '7:20 - 7:30 AM'),
(4453, 256, 3, '8:20 - 8:30 AM'),
(4454, 256, 4, '7:20 - 7:30 AM'),
(4455, 256, 5, '4:20 - 4:30 AM'),
(4456, 256, 6, '7:20 - 7:30 AM'),
(4457, 256, 7, '5:20 - 5:30 PM'),
(4458, 256, 8, '8:20 - 8:30 AM'),
(4459, 256, 9, '9:00 AM'),
(4460, 256, 10, '8:20 - 8:30 AM'),
(4461, 257, 1, '4:00 - 4:10 AM'),
(4462, 257, 2, '7:00 - 7:10 AM'),
(4463, 257, 3, '8:00 - 8:10 AM'),
(4464, 257, 4, '7:00 - 7:10 AM'),
(4465, 257, 5, '4:00 - 4:10 AM'),
(4466, 257, 6, '7:00 - 7:10 AM'),
(4467, 257, 7, '5:00 - 5:10 PM'),
(4468, 257, 8, '8:00 - 8:10 AM'),
(4469, 257, 9, '9:00 AM'),
(4470, 257, 10, '8:00 - 8:10 AM'),
(4471, 268, 1, '4:30 - 4:40 AM'),
(4472, 268, 2, '7:30 - 7:40 AM'),
(4473, 268, 3, '8:30 - 8:40 AM'),
(4474, 268, 4, '7:30 - 7:40 AM'),
(4475, 268, 5, '4:30 - 4:40 AM'),
(4476, 268, 6, '7:30 - 7:40 AM'),
(4477, 268, 7, '5:30 - 5:40 PM'),
(4478, 268, 8, '8:30 - 8:40 AM'),
(4479, 268, 9, '9:00 AM'),
(4480, 268, 10, '8:30 - 8:40 AM'),
(4481, 269, 1, '4:20 - 4:30 AM'),
(4482, 269, 2, '7:20 - 7:30 AM'),
(4483, 269, 3, '8:20 - 8:30 AM'),
(4484, 269, 4, '7:20 - 7:30 AM'),
(4485, 269, 5, '4:20 - 4:30 AM'),
(4486, 269, 6, '7:20 - 7:30 AM'),
(4487, 269, 7, '5:20 - 5:30 PM'),
(4488, 269, 8, '8:20 - 8:30 AM'),
(4489, 269, 9, 'PENDIENTE'),
(4490, 269, 10, '8:20 - 8:30 AM'),
(4491, 595, 1, '4:40 - 4:50 AM'),
(4492, 595, 2, '7:40 - 7:50 AM'),
(4493, 595, 3, '8:40 - 8:50 AM'),
(4494, 595, 4, '7:20 - 7:30 AM'),
(4495, 595, 5, '4:40 - 4:50 AM'),
(4496, 595, 6, '7:40 - 7:50 AM'),
(4497, 595, 7, '5:20 - 5:30 PM'),
(4498, 595, 8, '8:40 - 8:50 AM'),
(4499, 595, 9, '9:00 AM'),
(4500, 595, 10, '8:40 - 8:50 AM'),
(4501, 145, 1, '4:30 - 4:40 AM'),
(4502, 145, 2, '7:30 - 7:40 AM'),
(4503, 145, 3, '8:30 - 8:40 AM'),
(4504, 145, 4, '7:30 - 7:40 AM'),
(4505, 145, 5, '4:30 - 4:40 AM'),
(4506, 145, 6, '7:30 - 7:40 AM'),
(4507, 145, 7, '5:30 - 5:40 PM'),
(4508, 145, 8, '8:30 - 8:40 AM'),
(4509, 145, 9, '9:00 AM'),
(4510, 145, 10, '8:30 - 8:40 AM'),
(4511, 596, 1, '4:50 - 5:00 AM'),
(4512, 596, 2, '7:40 - 7:50 AM'),
(4513, 596, 3, '8:40 - 8:50 AM'),
(4514, 596, 4, '7:40 - 7:50 AM'),
(4515, 596, 5, '4:50 - 5:00 AM'),
(4516, 596, 6, '7:40 - 7:50 AM'),
(4517, 596, 7, '5:50 - 6:00 PM'),
(4518, 596, 8, '8:40 - 8:50 AM'),
(4519, 596, 9, '9:00 AM'),
(4520, 596, 10, '8:40 - 8:50 AM'),
(4521, 270, 1, '4:10 - 4:20 AM'),
(4522, 270, 2, '7:10 - 7:20 AM'),
(4523, 270, 3, '8:10 - 8:20 AM'),
(4524, 270, 4, '7:10 - 7:20 AM'),
(4525, 270, 5, '4:10 - 4:20 AM'),
(4526, 270, 6, '7:10 - 7:20 AM'),
(4527, 270, 7, '5:10 - 5:20 PM'),
(4528, 270, 8, '8:10 - 8:20 AM'),
(4529, 270, 9, 'PENDIENTE'),
(4530, 270, 10, '8:10 - 8:20 AM'),
(4531, 610, 1, 'PENDIENTE'),
(4532, 610, 2, 'PENDIENTE'),
(4533, 610, 3, 'PENDIENTE'),
(4534, 610, 4, 'PENDIENTE'),
(4535, 610, 5, 'PENDIENTE'),
(4536, 610, 6, 'PENDIENTE'),
(4537, 610, 7, 'PENDIENTE'),
(4538, 610, 8, 'PENDIENTE'),
(4539, 610, 9, 'PENDIENTE'),
(4540, 610, 10, 'PENDIENTE'),
(4541, 271, 1, '4:20 - 4:30 AM'),
(4542, 271, 2, '7:20 - 7:30 AM'),
(4543, 271, 3, '8:20 - 8:30 AM'),
(4544, 271, 4, '7:20 - 7:30 AM'),
(4545, 271, 5, '4:20 - 4:30 AM'),
(4546, 271, 6, '7:20 - 7:30 AM'),
(4547, 271, 7, '5:20 - 5:30 PM'),
(4548, 271, 8, '8:20 - 8:30 AM'),
(4549, 271, 9, '9:00 AM'),
(4550, 271, 10, '8:20 - 8:30 AM'),
(4551, 597, 1, '4:40 - 4:50 AM'),
(4552, 597, 2, '7:40 - 7:50 AM'),
(4553, 597, 3, '8:40 - 8:50 AM'),
(4554, 597, 4, '7:40 - 7:50 AM'),
(4555, 597, 5, '4:40 - 4:50 AM'),
(4556, 597, 6, '7:40 - 7:50 AM'),
(4557, 597, 7, '5:40 - 5:50 PM'),
(4558, 597, 8, '8:40 - 8:50 AM'),
(4559, 597, 9, '9:00 AM'),
(4560, 597, 10, '8:40 - 8:50 AM'),
(4561, 272, 1, '4:40 - 4:50 AM'),
(4562, 272, 2, '7:40 - 7:50 AM'),
(4563, 272, 3, '8:40 - 8:50 AM'),
(4564, 272, 4, '7:40 - 7:50 AM'),
(4565, 272, 5, '4:40 - 4:50 AM'),
(4566, 272, 6, '7:40 - 7:50 AM'),
(4567, 272, 7, '5:40 - 5:50 PM'),
(4568, 272, 8, '8:40 - 8:50 AM'),
(4569, 272, 9, '9:00 AM'),
(4570, 272, 10, '8:40 - 8:50 AM'),
(4571, 273, 1, '4:40 - 4:50 AM'),
(4572, 273, 2, '7:40 - 7:50 AM'),
(4573, 273, 3, '8:40 - 8:50 AM'),
(4574, 273, 4, '7:40 - 7:50 AM'),
(4575, 273, 5, '4:40 - 4:50 AM'),
(4576, 273, 6, '7:40 - 7:50 AM'),
(4577, 273, 7, '5:40 - 5:50 PM'),
(4578, 273, 8, '8:40 - 8:50 AM'),
(4579, 273, 9, '9:00 AM'),
(4580, 273, 10, '8:40 - 8:50 AM'),
(4581, 146, 1, '4:30- 4:40 AM'),
(4582, 146, 2, '7:30- 7:40 AM'),
(4583, 146, 3, '8:30- 8:40 AM'),
(4584, 146, 4, '7:30- 7:40 AM'),
(4585, 146, 5, '4:30- 4:40 AM'),
(4586, 146, 6, '7:30- 7:40 AM'),
(4587, 146, 7, '5:30- 5:40 PM'),
(4588, 146, 8, '8:30- 8:40 AM'),
(4589, 146, 9, '9:00 AM'),
(4590, 146, 10, '8:30- 8:40 AM'),
(4591, 479, 1, '4:40 - 4:50 AM'),
(4592, 479, 2, '7:40 - 7:50 AM'),
(4593, 479, 3, '8:40 - 8:50 AM'),
(4594, 479, 4, '7:40 - 7:50 AM'),
(4595, 479, 5, '4:40 - 4:50 AM'),
(4596, 479, 6, '7:40 - 7:50 AM'),
(4597, 479, 7, 'PENDIENTE'),
(4598, 479, 8, '8:40 - 8:50 AM'),
(4599, 479, 9, 'PENDIENTE'),
(4600, 479, 10, '8:40 - 8:50 AM'),
(4601, 274, 1, '4:10 - 4:20 AM '),
(4602, 274, 2, '7:10 - 7:20 AM '),
(4603, 274, 3, '8:10 - 8:20 AM '),
(4604, 274, 4, '7:10 - 7:20 AM '),
(4605, 274, 5, '4:10 - 4:20 AM '),
(4606, 274, 6, '7:10 - 7:20 AM '),
(4607, 274, 7, '5:10 - 5:20 PM '),
(4608, 274, 8, '8:10 - 8:20 AM '),
(4609, 274, 9, '9:00 AM'),
(4610, 274, 10, '8:10 - 8:20 AM '),
(4611, 275, 1, '4:10 A 4:20 AM'),
(4612, 275, 2, '7:10 A 7:20 AM'),
(4613, 275, 3, '8:10 A 8:20 AM'),
(4614, 275, 4, '7:10 A 7:20 AM'),
(4615, 275, 5, '4:10 A 4:20 AM'),
(4616, 275, 6, '7:10 A 7:20 AM'),
(4617, 275, 7, '5:10 A 5:20 PM'),
(4618, 275, 8, '8:10 A 8:20 AM'),
(4619, 275, 9, '9:00 AM'),
(4620, 275, 10, '8:10 A 8:20 AM'),
(4621, 276, 1, '4:10 - 4:20 AM'),
(4622, 276, 2, '7:10 - 7:20 AM'),
(4623, 276, 3, '8:10 - 8:20 AM'),
(4624, 276, 4, '7:10 - 7:20 AM'),
(4625, 276, 5, '4:10 - 4:20 AM'),
(4626, 276, 6, '7:10 - 7:20 AM'),
(4627, 276, 7, '5:10 - 5:20 PM'),
(4628, 276, 8, '8:10 - 8:20 AM'),
(4629, 276, 9, '9:00 AM'),
(4630, 276, 10, '8:10 - 8:20 AM'),
(4631, 35, 1, '4:00 - 4:10 AM'),
(4632, 35, 2, '7:00 - 7:10 AM'),
(4633, 35, 3, '8:00 - 8:10 AM'),
(4634, 35, 4, '7:00 - 7:10 AM'),
(4635, 35, 5, '4:00 - 4:10 AM'),
(4636, 35, 6, '7:00 - 7:10 AM'),
(4637, 35, 7, '5:00 - 5:10 PM'),
(4638, 35, 8, '8:00 - 8:10 AM'),
(4639, 35, 9, '9:00 AM'),
(4640, 35, 10, '8:00 - 8:10 AM'),
(4641, 82, 1, '4:00 - 4:10 AM'),
(4642, 82, 2, '7:00 - 7:10 AM'),
(4643, 82, 3, '8:00 - 8:10 AM'),
(4644, 82, 4, '7:00 - 7:10 AM'),
(4645, 82, 5, '4:00 - 4:10 AM'),
(4646, 82, 6, '7:00 - 7:10 AM'),
(4647, 82, 7, '5:00 - 5:10 PM'),
(4648, 82, 8, '8:00 - 8:10 AM'),
(4649, 82, 9, 'PENDIENTE'),
(4650, 82, 10, '8:00 - 8:10 AM'),
(4651, 83, 1, '4.00-4.10 AM'),
(4652, 83, 2, '7:00 - 7:10 AM'),
(4653, 83, 3, '8:00 - 8:10 AM'),
(4654, 83, 4, '7:00 - 7:10 AM'),
(4655, 83, 5, '4.00-4.10 AM'),
(4656, 83, 6, '7:00 - 7:10 AM'),
(4657, 83, 7, '5:00  - 5:10 PM'),
(4658, 83, 8, '8:00 - 8:10 AM'),
(4659, 83, 9, 'PENDIENTE'),
(4660, 83, 10, '8:00 - 8:10 AM'),
(4661, 147, 1, '4:20 - 4:30 AM'),
(4662, 147, 2, '7:20 - 7:30 AM'),
(4663, 147, 3, '8:20 - 8:30 AM'),
(4664, 147, 4, '7:20 - 7:30 AM'),
(4665, 147, 5, '4:20 - 4:30 AM'),
(4666, 147, 6, '7:20 - 7:30 AM'),
(4667, 147, 7, '5:20 - 5:30 PM'),
(4668, 147, 8, '8:20 - 8:30 AM'),
(4669, 147, 9, 'PENDIENTE'),
(4670, 147, 10, '8:20 - 8:30 AM'),
(4671, 611, 1, 'Pendiente'),
(4672, 611, 2, 'Pendiente'),
(4673, 611, 3, 'Pendiente'),
(4674, 611, 4, 'Pendiente'),
(4675, 611, 5, 'Pendiente'),
(4676, 611, 6, 'Pendiente'),
(4677, 611, 7, 'Pendiente'),
(4678, 611, 8, 'Pendiente'),
(4679, 611, 9, 'Pendiente'),
(4680, 611, 10, 'Pendiente'),
(4681, 277, 1, '4:20 - 4:30 AM'),
(4682, 277, 2, '7:20 - 7:30 AM'),
(4683, 277, 3, '8:20 - 8:30 AM'),
(4684, 277, 4, '7:20 - 7:30 AM'),
(4685, 277, 5, '4:20 - 4:30 AM'),
(4686, 277, 6, '7:20 - 7:30 AM'),
(4687, 277, 7, '5:20 - 5:30 PM'),
(4688, 277, 8, '8:20 - 8:30 AM'),
(4689, 277, 9, '9:00 AM'),
(4690, 277, 10, '8:20 - 8:30 AM'),
(4691, 598, 1, '4:40 - 4:50 AM'),
(4692, 598, 2, '7:40 - 7:50 AM'),
(4693, 598, 3, '8:40 - 8:50 AM'),
(4694, 598, 4, '7:40 - 7:50 AM'),
(4695, 598, 5, '4:40 - 4:50 AM'),
(4696, 598, 6, '7:40 - 7:50 AM'),
(4697, 598, 7, '5:40 - 5:50 PM'),
(4698, 598, 8, '8:40 - 8:50 AM'),
(4699, 598, 9, '9:00 AM'),
(4700, 598, 10, '8:40 - 8:50 AM'),
(4701, 278, 1, '4:10 - 4:20 AM'),
(4702, 278, 2, '7:10 - 7:20 AM'),
(4703, 278, 3, '8:10 - 8:20 AM'),
(4704, 278, 4, '7:10 - 7:20 AM'),
(4705, 278, 5, '4:10 - 4:20 AM'),
(4706, 278, 6, '7:10 - 7:20 AM'),
(4707, 278, 7, '5:10 - 5:20 PM'),
(4708, 278, 8, '8:10 - 8:20 AM'),
(4709, 278, 9, '9:00 AM'),
(4710, 278, 10, '8:10 - 8:20 AM'),
(4711, 612, 1, 'PENDIENTE'),
(4712, 612, 2, 'PENDIENTE'),
(4713, 612, 3, 'PENDIENTE'),
(4714, 612, 4, 'PENDIENTE'),
(4715, 612, 5, 'PENDIENTE'),
(4716, 612, 6, 'PENDIENTE'),
(4717, 612, 7, 'PENDIENTE'),
(4718, 612, 8, 'PENDIENTE'),
(4719, 612, 9, 'PENDIENTE'),
(4720, 612, 10, 'PENDIENTE'),
(4721, 480, 1, '4:40 - 4:50 AM'),
(4722, 480, 2, '7:40 - 7:50 AM'),
(4723, 480, 3, '8:40 - 8:50 AM'),
(4724, 480, 4, '7:40 - 7:50 AM'),
(4725, 480, 5, '4:40 - 4:50 AM'),
(4726, 480, 6, '7:40 - 7:50 AM'),
(4727, 480, 7, '5:40 - 5:50 AM'),
(4728, 480, 8, '8:40 - 8:50 AM'),
(4729, 480, 9, '9:00 AM'),
(4730, 480, 10, '8:40 - 8:50 AM'),
(4731, 279, 1, '4:30 - 4:40 AM'),
(4732, 279, 2, '7:30 - 7:40 AM'),
(4733, 279, 3, '8:30 - 8:40 AM'),
(4734, 279, 4, '7:30 - 7:40 AM'),
(4735, 279, 5, '4:30 - 4:40 AM'),
(4736, 279, 6, '7:30 - 7:40 AM'),
(4737, 279, 7, '5:30 - 5:40 PM'),
(4738, 279, 8, '8:30 - 8:40 AM'),
(4739, 279, 9, '9:00 AM'),
(4740, 279, 10, '8:30 - 8:40 AM'),
(4741, 148, 1, '4:20 - 4:30 AM'),
(4742, 148, 2, '7:20 - 7:30 AM'),
(4743, 148, 3, '8:20 - 8:30 AM'),
(4744, 148, 4, '7:20 - 7:30 AM'),
(4745, 148, 5, '4:20 - 4:30 AM'),
(4746, 148, 6, '7:20 - 7:30 AM'),
(4747, 148, 7, '5:20 - 5:30 PM'),
(4748, 148, 8, '8:20 - 8:30 AM'),
(4749, 148, 9, '9:00 AM'),
(4750, 148, 10, '8:20 - 8:30 AM'),
(4751, 123, 1, '4:20 - 4:30 AM'),
(4752, 123, 2, '7:20 - 7:30 AM'),
(4753, 123, 3, '8:20 - 8:30 AM'),
(4754, 123, 4, '7:20 - 7:30 AM'),
(4755, 123, 5, '4:20 - 4:30 AM'),
(4756, 123, 6, '7:20 - 7:30 AM'),
(4757, 123, 7, '5:20 - 5:30 PM'),
(4758, 123, 8, '8:20 - 8:30 AM'),
(4759, 123, 9, '9:00 AM'),
(4760, 123, 10, '8:20 - 8:30 AM'),
(4761, 599, 1, '4:40 - 4:50 AM'),
(4762, 599, 2, '7:40 - 7:50 AM'),
(4763, 599, 3, '8:40 - 8:50 AM'),
(4764, 599, 4, '7:40 - 7:50 AM'),
(4765, 599, 5, '4:40 - 4:50 AM'),
(4766, 599, 6, '7:40 - 7:50 AM'),
(4767, 599, 7, '5:40 - 5:50 PM'),
(4768, 599, 8, '8:40 - 8:50 AM'),
(4769, 599, 9, '9:00 AM'),
(4770, 599, 10, '8:40 - 8:50 AM'),
(4771, 280, 1, '4:20 - 4:30AM'),
(4772, 280, 2, '7:20 - 7:30AM'),
(4773, 280, 3, '8:20 - 8:30AM'),
(4774, 280, 4, '7:20 - 7:30AM'),
(4775, 280, 5, '4:20 - 4:30AM'),
(4776, 280, 6, '7:20 - 7:30AM'),
(4777, 280, 7, 'PENDIENTE'),
(4778, 280, 8, '8:20 - 8:30AM'),
(4779, 280, 9, 'PENDIENTE'),
(4780, 280, 10, '8:20 - 8:30AM'),
(4781, 281, 1, '4:20 - 4:30 AM'),
(4782, 281, 2, '7:20 - 7:30 AM'),
(4783, 281, 3, '8:20 - 8:30 AM'),
(4784, 281, 4, '7:20 - 7:30 AM'),
(4785, 281, 5, '4:20 - 4:30 AM'),
(4786, 281, 6, '7:20 - 7:30 AM'),
(4787, 281, 7, '5:20 - 5:30 PM'),
(4788, 281, 8, '8:20 - 8:30 AM'),
(4789, 281, 9, '9:00 AM'),
(4790, 281, 10, '8:20 - 8:30 AM'),
(4791, 600, 1, '4:40 - 4:50 AM'),
(4792, 600, 2, '7:40 - 7:50 AM'),
(4793, 600, 3, '8:40 - 8:50 AM'),
(4794, 600, 4, '7:40 - 7:50 AM'),
(4795, 600, 5, '4:40 - 4:50 AM'),
(4796, 600, 6, '7:40 - 7:50 AM'),
(4797, 600, 7, '5:40 - 5:50 PM'),
(4798, 600, 8, '8:40 - 8:50 AM'),
(4799, 600, 9, '9:00 AM'),
(4800, 600, 10, '8:40 - 8:50 AM'),
(4801, 601, 1, '4:40 - 4:50 AM'),
(4802, 601, 2, '7:40 - 7:50 AM'),
(4803, 601, 3, '8:40 - 8:50 AM'),
(4804, 601, 4, '7:40 - 7:50 AM'),
(4805, 601, 5, '4:40 - 4:50 AM'),
(4806, 601, 6, '7:40 - 7:50 AM'),
(4807, 601, 7, '5:40 - 5:50 PM'),
(4808, 601, 8, '8:40 - 8:50 AM'),
(4809, 601, 9, '9:00 AM'),
(4810, 601, 10, '8:40 - 8:50 AM'),
(4811, 36, 1, '4:00 - 4:10 AM'),
(4812, 36, 2, '7:00 - 7:10 AM'),
(4813, 36, 3, '8:00 - 8:10 AM'),
(4814, 36, 4, '7:00 - 7:10 AM'),
(4815, 36, 5, '4:00 - 4:10 AM'),
(4816, 36, 6, '7:00 - 7:10 AM'),
(4817, 36, 7, '5:00 - 5:10 PM'),
(4818, 36, 8, '8:00 - 8:10 AM'),
(4819, 36, 9, '9:00 AM'),
(4820, 36, 10, '8:00 - 8:10 AM'),
(4821, 150, 1, '4:20 - 4:30 AM'),
(4822, 150, 2, '7:20 - 7:30 AM'),
(4823, 150, 3, '8:20 - 8:30 AM'),
(4824, 150, 4, '7:20 - 7:30 AM'),
(4825, 150, 5, '4:20 - 4:30 AM'),
(4826, 150, 6, '7:20 - 7:30 AM'),
(4827, 150, 7, 'PENDIENTE'),
(4828, 150, 8, '8:20 - 8:30 AM'),
(4829, 150, 9, 'PENDIENTE'),
(4830, 150, 10, '8:20 - 8:30 AM'),
(4831, 481, 1, '4:40 - 4:50 AM'),
(4832, 481, 2, '7:40 - 7:50 AM'),
(4833, 481, 3, '8:40 - 8:50 AM'),
(4834, 481, 4, '7:40 - 7:50 AM'),
(4835, 481, 5, '4:40 - 4:50 AM'),
(4836, 481, 6, '7:40 - 7:50 AM'),
(4837, 481, 7, '5:40 - 5:50 PM'),
(4838, 481, 8, '8:40 - 8:50 AM'),
(4839, 481, 9, '9:00 AM'),
(4840, 481, 10, '8:40 - 8:50 AM'),
(4841, 482, 1, '4:40 - 4:50 AM'),
(4842, 482, 2, '7:40 - 7:50 AM'),
(4843, 482, 3, '8:40 - 8:50 AM'),
(4844, 482, 4, '7:40 - 7:50 AM'),
(4845, 482, 5, '4:40 - 4:50 AM'),
(4846, 482, 6, '7:40 - 7:50 AM'),
(4847, 482, 7, '5:40 - 6:50 PM'),
(4848, 482, 8, '8:40 - 8:50 AM'),
(4849, 482, 9, '9:00 AM'),
(4850, 482, 10, '8:40 - 8:50 AM'),
(4851, 282, 1, '4:10 - 4:20 AM'),
(4852, 282, 2, '7:10 - 7:20 AM'),
(4853, 282, 3, '8:10 - 8:20 AM'),
(4854, 282, 4, '7:10 - 7:20 AM'),
(4855, 282, 5, '4:10 - 4:20 AM'),
(4856, 282, 6, '7:10 - 7:20 AM'),
(4857, 282, 7, '5:10 - 5:20 PM'),
(4858, 282, 8, '8:10 - 8:20 AM'),
(4859, 282, 9, '9:00 AM'),
(4860, 282, 10, '8:10 - 8:20 AM'),
(4861, 483, 1, '4:40 - 4:50 AM'),
(4862, 483, 2, '7:40 - 7:50 AM'),
(4863, 483, 3, '8:40 - 8:50 AM'),
(4864, 483, 4, '7:40 - 7:50 AM'),
(4865, 483, 5, '4:40 - 4:50 AM'),
(4866, 483, 6, '7:40 - 7:50 AM'),
(4867, 483, 7, '5:40 - 5:50 0M'),
(4868, 483, 8, '8:40 - 8:50 AM'),
(4869, 483, 9, '9:00 AM'),
(4870, 483, 10, '8:40 - 8:50 AM'),
(4871, 283, 1, '4:10 - 4:20 AM'),
(4872, 283, 2, '7:10 - 7:20 AM'),
(4873, 283, 3, '8:10 - 8:20 AM'),
(4874, 283, 4, '7:10 - 7:20 AM'),
(4875, 283, 5, '4:10 - 4:20 AM'),
(4876, 283, 6, '7:10 - 7:20 AM'),
(4877, 283, 7, '5:10 - 5:20 PM');
INSERT INTO `horarios` (`Id_Horario`, `Id_Punto`, `Id_Tour`, `Hora_Salida`) VALUES
(4878, 283, 8, '8:10 - 8:20 AM'),
(4879, 283, 9, 'PENDIENTE'),
(4880, 283, 10, '8:10 - 8:20 AM'),
(4881, 37, 1, '4:00 - 4:10 AM'),
(4882, 37, 2, '7:00 - 7:10 AM'),
(4883, 37, 3, '8:00 - 8:10 AM'),
(4884, 37, 4, '7:00 - 7:10 AM'),
(4885, 37, 5, '4:00 - 4:10 AM'),
(4886, 37, 6, '7:00 - 7:10 AM'),
(4887, 37, 7, '5:00 - 5:10 PM'),
(4888, 37, 8, '8:00 - 8:10 AM'),
(4889, 37, 9, 'PENDIENTE'),
(4890, 37, 10, '8:00 - 8:10 AM'),
(4891, 258, 1, '4:00 A 4:10 AM'),
(4892, 258, 2, '7:00 A 7:10 AM'),
(4893, 258, 3, '8:00 A 8:10 AM'),
(4894, 258, 4, '7:00 A 7:10 AM'),
(4895, 258, 5, '4:00 A 4:10 AM'),
(4896, 258, 6, '7:00 A 7:10 AM'),
(4897, 258, 7, '5:00 A 5:10 PM'),
(4898, 258, 8, '8:00 A 8:10 AM'),
(4899, 258, 9, '9:00 AM'),
(4900, 258, 10, '8:00 A 8:10 AM'),
(4901, 284, 1, '4:20 - 4:30 AM'),
(4902, 284, 2, '7:20 - 7:30 AM'),
(4903, 284, 3, '8:20 - 8:30 AM'),
(4904, 284, 4, '7:20 - 7:30 AM'),
(4905, 284, 5, '4:20 - 4:30 AM'),
(4906, 284, 6, '7:20 - 7:30 AM'),
(4907, 284, 7, '5:20 - 5:30 PM'),
(4908, 284, 8, '8:20 - 8:30 AM'),
(4909, 284, 9, '9:00 AM'),
(4910, 284, 10, '8:20 - 8:30 AM'),
(4911, 484, 1, '4:40 - 4:50 AM'),
(4912, 484, 2, '7:40 - 7:50 AM'),
(4913, 484, 3, '8:40 - 8:50 AM'),
(4914, 484, 4, '7:40 - 7:50 AM'),
(4915, 484, 5, '4:40 - 4:50 AM'),
(4916, 484, 6, '7:40 - 7:50 AM'),
(4917, 484, 7, '5:40 - 5:50 PM'),
(4918, 484, 8, '8:40 - 8:50 AM'),
(4919, 484, 9, '9:00 AM'),
(4920, 484, 10, '8:40 - 8:50 AM'),
(4921, 613, 1, '4:10 - 4:20 AM'),
(4922, 613, 2, '7:10 - 7:20 AM'),
(4923, 613, 3, '8:10 - 8:20 AM'),
(4924, 613, 4, '7:10 - 7:20 AM'),
(4925, 613, 5, '4:10 - 4:20 AM'),
(4926, 613, 6, '7:10 - 7:20 AM'),
(4927, 613, 7, 'PENDIENTE'),
(4928, 613, 8, '8:10 - 8:20 AM'),
(4929, 613, 9, 'PENDIENTE'),
(4930, 613, 10, '8:10 - 8:20 AM'),
(4931, 151, 1, '4:30 - 4:40 AM'),
(4932, 151, 2, '7:30 - 7:40 AM'),
(4933, 151, 3, '8:30 - 8:40 AM'),
(4934, 151, 4, '7:30 - 7:40 AM'),
(4935, 151, 5, '4:30 - 4:40 AM'),
(4936, 151, 6, '7:30 - 7:40 AM'),
(4937, 151, 7, 'PENDIENTE'),
(4938, 151, 8, '8:30 - 8:40 AM'),
(4939, 151, 9, 'PENDIENTE'),
(4940, 151, 10, '8:30 - 8:40 AM'),
(4941, 614, 1, 'EST. POBLADO'),
(4942, 614, 2, 'EST. POBLADO'),
(4943, 614, 3, 'EST. POBLADO'),
(4944, 614, 4, 'EST. POBLADO'),
(4945, 614, 5, 'EST. POBLADO'),
(4946, 614, 6, 'EST. POBLADO'),
(4947, 614, 7, 'EST. POBLADO'),
(4948, 614, 8, 'EST. POBLADO'),
(4949, 614, 9, 'PENDIENTE'),
(4950, 614, 10, 'EST. POBLADO'),
(4951, 285, 1, '4:10 - 4:20 AM'),
(4952, 285, 2, '7:10 - 7:20 AM'),
(4953, 285, 3, '8:10 - 8:20 AM'),
(4954, 285, 4, '7:10 - 7:20 AM'),
(4955, 285, 5, '4:10 - 4:20 AM'),
(4956, 285, 6, '7:10 - 7:20 AM'),
(4957, 285, 7, '5:10 - 5:20 PM'),
(4958, 285, 8, '8:10 - 8:20 AM'),
(4959, 285, 9, '9:00 AM'),
(4960, 285, 10, '8:10 - 8:20 AM'),
(4961, 286, 1, '4:20 - 4:30 AM'),
(4962, 286, 2, '7:20 - 7:30 AM'),
(4963, 286, 3, '8:20 - 8:30 AM'),
(4964, 286, 4, '7:20 - 7:30 AM'),
(4965, 286, 5, '4:20 - 4:30 AM'),
(4966, 286, 6, '7:20 - 7:30 AM'),
(4967, 286, 7, '5:20 - 5:30 PM'),
(4968, 286, 8, '8:20 - 8:30 AM'),
(4969, 286, 9, '9:00 AM'),
(4970, 286, 10, '8:20 - 8:30 AM'),
(4971, 39, 1, '4:00 - 4:10 AM'),
(4972, 39, 2, '7:00 - 7:10 AM'),
(4973, 39, 3, '8:00 - 8:10 AM'),
(4974, 39, 4, '7:00 - 7:10 AM'),
(4975, 39, 5, '4:00 - 4:10 AM'),
(4976, 39, 6, '7:00 - 7:10 AM'),
(4977, 39, 7, '5:00 - 5:10 PM'),
(4978, 39, 8, '8:00 - 8:10 AM'),
(4979, 39, 9, '9:00 AM'),
(4980, 39, 10, '8:00 - 8:10 AM'),
(4981, 287, 1, '4:10 - 4:20 AM'),
(4982, 287, 2, '7:10 - 7:20 AM'),
(4983, 287, 3, '8:10 - 8:20 AM'),
(4984, 287, 4, '7:10 - 7:20 AM'),
(4985, 287, 5, '4:10 - 4:20 AM'),
(4986, 287, 6, '7:10 - 7:20 AM'),
(4987, 287, 7, '5:10 - 5:20 PM'),
(4988, 287, 8, '8:10 - 8:20 AM'),
(4989, 287, 9, '9:00 AM'),
(4990, 287, 10, '8:10 - 8:20 AM'),
(4991, 259, 1, '4:00 - 4:10 AM'),
(4992, 259, 2, '7:00 - 7:10 AM'),
(4993, 259, 3, '8:00 - 8:10 AM'),
(4994, 259, 4, '7:00 - 7:10 AM'),
(4995, 259, 5, '4:00 - 4:10 AM'),
(4996, 259, 6, '7:00 - 7:10 AM'),
(4997, 259, 7, '5:00 - 5:10 PM'),
(4998, 259, 8, '8:00 - 8:10 AM'),
(4999, 259, 9, 'PENDIENTE'),
(5000, 259, 10, '8:00 - 8:10 AM'),
(5001, 288, 1, '4:40 - 4:50 AM'),
(5002, 288, 2, '7:40 - 7:50 AM'),
(5003, 288, 3, '8:40 - 8:50 AM'),
(5004, 288, 4, '7:40 - 7:50 AM'),
(5005, 288, 5, '4:40 - 4:50 AM'),
(5006, 288, 6, '7:40 - 7:50 AM'),
(5007, 288, 7, '5:40 - 5:50 PM'),
(5008, 288, 8, '8:40 - 8:50 AM'),
(5009, 288, 9, '9:00 AM'),
(5010, 288, 10, '8:40 - 8:50 AM'),
(5011, 289, 1, '4:20 - 4:30 AM'),
(5012, 289, 2, '7:20 - 7:30 AM'),
(5013, 289, 3, '8:20 - 8:30 AM'),
(5014, 289, 4, '7:20 - 7:30 AM'),
(5015, 289, 5, '4:20 - 4:30 AM'),
(5016, 289, 6, '7:20 - 7:30 AM'),
(5017, 289, 7, '5:20 - 5:30 PM'),
(5018, 289, 8, '8:20 - 8:30 AM'),
(5019, 289, 9, '9:00 AM'),
(5020, 289, 10, '8:20 - 8:30 AM'),
(5031, 40, 1, '4:00 - 4:10 AM'),
(5032, 40, 2, '7:00 - 7:10 AM'),
(5033, 40, 3, '8:00 - 8:10 AM'),
(5034, 40, 4, '7:00 - 7:10 AM'),
(5035, 40, 5, '4:00 - 4:10 AM'),
(5036, 40, 6, '7:00 - 7:10 AM'),
(5037, 40, 7, '5:00 - 5:10 PM'),
(5038, 40, 8, '8:00 - 8:10 AM'),
(5039, 40, 9, '9:00 AM'),
(5040, 40, 10, '8:00 - 8:10 AM'),
(5041, 260, 1, '4:10 - 4:20 AM'),
(5042, 260, 2, '7:10 - 7:20 AM'),
(5043, 260, 3, '8:10 - 8:20 AM'),
(5044, 260, 4, '7:10 - 7:20 AM'),
(5045, 260, 5, '4:10 - 4:20 AM'),
(5046, 260, 6, '7:10 - 7:20 AM'),
(5047, 260, 7, '5:10 - 5:20 PM'),
(5048, 260, 8, '8:10 - 8:20 AM'),
(5049, 260, 9, '9:00 AM'),
(5050, 260, 10, '8:10 - 8:20 AM'),
(5051, 261, 1, '4:10 - 4:20 AM'),
(5052, 261, 2, '7:10 - 7:20 AM'),
(5053, 261, 3, '8:10 - 8:20 AM'),
(5054, 261, 4, '7:10 - 7:20 AM'),
(5055, 261, 5, '4:10 - 4:20 AM'),
(5056, 261, 6, '7:10 - 7:20 AM'),
(5057, 261, 7, '5:10 - 5:20 PM'),
(5058, 261, 8, '8:10 - 8:20 AM'),
(5059, 261, 9, '9:00 AM'),
(5060, 261, 10, '8:10 - 8:20 AM'),
(5061, 290, 1, '4:20 - 4:30 AM'),
(5062, 290, 2, '7:20 - 7:30 AM'),
(5063, 290, 3, '8:20 - 8:30 AM'),
(5064, 290, 4, '7:20 - 7:30 AM'),
(5065, 290, 5, '4:20 - 4:30 AM'),
(5066, 290, 6, '7:20 - 7:30 AM'),
(5067, 290, 7, '5:20 - 5:30 PM'),
(5068, 290, 8, '8:20 - 8:30 AM'),
(5069, 290, 9, '9:00 AM'),
(5070, 290, 10, '8:20 - 8:30 AM'),
(5071, 291, 1, '4:10 - 4:20 AM'),
(5072, 291, 2, '7:10 - 7:20 AM'),
(5073, 291, 3, '8:10 - 8:20 AM'),
(5074, 291, 4, '7:10 - 7:20 AM'),
(5075, 291, 5, '4:10 - 4:20 AM'),
(5076, 291, 6, '7:10 - 7:20 AM'),
(5077, 291, 7, '5:10 - 5:20 PM'),
(5078, 291, 8, '8:10 - 8:20 AM'),
(5079, 291, 9, '9:00 AM'),
(5080, 291, 10, '8:10 - 8:20 AM'),
(5081, 485, 1, '4:40 - 4:50 AM'),
(5082, 485, 2, '7:40 - 7:50 AM'),
(5083, 485, 3, '8:40 - 8:50 AM'),
(5084, 485, 4, '7:40 - 7:50 AM'),
(5085, 485, 5, '4:40 - 4:50 AM'),
(5086, 485, 6, '7:40 - 7:50 AM'),
(5087, 485, 7, '5:40 - 5:50 PM'),
(5088, 485, 8, '8:40 - 8:50 AM'),
(5089, 485, 9, '9:00 AM'),
(5090, 485, 10, '8:40 - 8:50 AM'),
(5091, 292, 1, '4:30 - 4:40 AM'),
(5092, 292, 2, '7:30 - 7:40 AM'),
(5093, 292, 3, '8:30 - 8:40 AM'),
(5094, 292, 4, '7:30 - 7:40 AM'),
(5095, 292, 5, '4:30 - 4:40 AM'),
(5096, 292, 6, '7:30 - 7:40 AM'),
(5097, 292, 7, '5:30 - 5:40 PM'),
(5098, 292, 8, '8:30 - 8:40 AM'),
(5099, 292, 9, '9:00 AM'),
(5100, 292, 10, '8:30 - 8:40 AM'),
(5101, 293, 1, '4:20 A 4:30 AM'),
(5102, 293, 2, '7:20 A 7:30 AM'),
(5103, 293, 3, '8:20 A 8:30 AM'),
(5104, 293, 4, '7:50 A 8:00 AM'),
(5105, 293, 5, '4:20 A 4:30 AM'),
(5106, 293, 6, '8:20 A 8:30 AM'),
(5107, 293, 7, '5:20 A 5:30 PM'),
(5108, 293, 8, '8:20 A 8:30 AM'),
(5109, 293, 9, 'PENDIENTE'),
(5110, 293, 10, '9:00 A 9:10 AM'),
(5111, 152, 1, '4:50 - 5:00 AM'),
(5112, 152, 2, '7:50 - 8:00 AM'),
(5113, 152, 3, 'NO APLICA'),
(5114, 152, 4, 'NO APLICA'),
(5115, 152, 5, '4:50 - 5:00 AM'),
(5116, 152, 6, 'NO APLICA'),
(5117, 152, 7, 'NO APLICA'),
(5118, 152, 8, 'NO APLICA'),
(5119, 152, 9, 'NO APLICA'),
(5120, 152, 10, 'NO APLICA '),
(5121, 486, 1, '4:40 - 4:50 AM'),
(5122, 486, 2, '7:40 - 7:50 AM'),
(5123, 486, 3, '8:40 - 8:50 AM'),
(5124, 486, 4, '7:40 - 7:50 AM'),
(5125, 486, 5, '4:40 - 4:50 AM'),
(5126, 486, 6, '7:40 - 7:50 AM'),
(5127, 486, 7, '5:40 - 5:50 PM'),
(5128, 486, 8, '8:40 - 8:50 AM'),
(5129, 486, 9, '9:00 AM'),
(5130, 486, 10, '8:40 - 8:50 AM'),
(5131, 294, 1, '4:30 - 4:40 AM'),
(5132, 294, 2, '7:30 - 7:40 AM'),
(5133, 294, 3, '8:30 - 8:40 AM'),
(5134, 294, 4, '7:30 - 7:40 AM'),
(5135, 294, 5, '4:30 - 4:40 AM'),
(5136, 294, 6, '7:30 - 7:40 AM'),
(5137, 294, 7, '5:30 - 5:40 PM'),
(5138, 294, 8, '8:30 - 8:40 AM'),
(5139, 294, 9, '9:00 AM'),
(5140, 294, 10, '8:30 - 8:40 AM'),
(5141, 602, 1, '4:30 - 4:40 AM'),
(5142, 602, 2, '7:30 - 7:40 AM'),
(5143, 602, 3, '8:30 - 8:40 AM'),
(5144, 602, 4, '7:30 - 7:40 AM'),
(5145, 602, 5, '4:30 - 4:40 AM'),
(5146, 602, 6, '7:30 - 7:40 AM'),
(5147, 602, 7, '5:30 - 5:40 PM'),
(5148, 602, 8, '8:30 - 8:40 AM'),
(5149, 602, 9, '9:00 AM'),
(5150, 602, 10, '8:30 - 8:40 AM'),
(5151, 295, 1, '4:30 - 4:40 AM'),
(5152, 295, 2, '7:30 - 7:40 AM'),
(5153, 295, 3, '8:30 - 8:40 AM'),
(5154, 295, 4, '7:30 - 7:40 AM'),
(5155, 295, 5, '4:30 - 4:40 AM'),
(5156, 295, 6, '7:30 - 7:40 AM'),
(5157, 295, 7, '5:30 - 5:40 PM'),
(5158, 295, 8, '8:30 - 8:40 AM'),
(5159, 295, 9, '9:00 AM'),
(5160, 295, 10, '8:30 - 8:40 AM'),
(5161, 296, 1, '4:20 - 4:30 AM'),
(5162, 296, 2, '7:20 - 7:30 AM'),
(5163, 296, 3, '8:20 - 8:30 AM'),
(5164, 296, 4, '7:20 - 7:30 AM'),
(5165, 296, 5, '4:20 - 4:30 AM'),
(5166, 296, 6, '7:20 - 7:30 AM'),
(5167, 296, 7, '5:20 - 6:30 PM'),
(5168, 296, 8, '8:20 - 8:30 AM'),
(5169, 296, 9, '9:00 AM'),
(5170, 296, 10, '8:20 - 8:30 AM'),
(5171, 41, 1, '4:00 - 4:10 AM'),
(5172, 38, 1, '4:00 - 4:10 AM'),
(5173, 41, 2, '7:00 - 7:10 AM'),
(5174, 38, 2, '7:00 - 7:10 AM'),
(5175, 41, 3, '8:00 - 8:10 AM'),
(5176, 38, 3, '8:00 - 8:10 AM'),
(5177, 41, 4, '7:00 - 7:10 AM'),
(5178, 38, 4, '7:00 - 7:10 AM'),
(5179, 41, 5, '4:00 - 4:10 AM'),
(5180, 38, 5, '4:00 - 4:10 AM'),
(5181, 41, 6, '7:00 - 7:10 AM'),
(5182, 38, 6, '7:00 - 7:10 AM'),
(5183, 41, 7, '5:00 - 5:10 PM'),
(5184, 38, 7, '5:00 - 5:10 PM'),
(5185, 41, 8, '8:00 - 8:10 AM'),
(5186, 38, 8, '8:00 - 8:10 AM'),
(5187, 41, 9, '9:00 AM'),
(5188, 38, 9, '9:00 AM'),
(5189, 41, 10, '8:00 - 8:10 AM'),
(5190, 38, 10, '8:00 - 8:10 AM'),
(5191, 297, 1, '4:10 - 4:20 AM'),
(5192, 297, 2, '7:10 - 7:20 AM'),
(5193, 297, 3, '8:10 - 8:20 AM'),
(5194, 297, 4, '7:20 - 7:30 AM'),
(5195, 297, 5, '4:10 - 4:20 AM'),
(5196, 297, 6, '7:10 - 7:20 AM'),
(5197, 297, 7, '5:10 - 5:20 PM'),
(5198, 297, 8, '8:10 - 8:20 AM'),
(5199, 297, 9, 'PENDIENTE'),
(5200, 297, 10, '9:00 AM'),
(5201, 298, 1, '4:20 - 4:30 AM'),
(5202, 298, 2, '7:20 - 7:30 AM'),
(5203, 298, 3, '8:20 - 8:30 AM'),
(5204, 298, 4, '7:20 - 7:30 AM'),
(5205, 298, 5, '4:20 - 4:30 AM'),
(5206, 298, 6, '7:20 - 7:30 AM'),
(5207, 298, 7, '5:20 - 5:30 PM'),
(5208, 298, 8, '8:20 - 8:30 AM'),
(5209, 298, 9, '9:00 AM'),
(5210, 298, 10, '8:20 - 8:30 AM'),
(5211, 299, 1, '4:00 - 4:10 AM'),
(5212, 299, 2, '7:00 - 7:10 AM'),
(5213, 299, 3, '8:00 - 8:10 AM'),
(5214, 299, 4, '7:00 - 7:10 AM'),
(5215, 299, 5, '4:00 - 4:10 AM'),
(5216, 299, 6, '7:00 - 7:10 AM'),
(5217, 299, 7, '5:00 - 5:10 PM'),
(5218, 299, 8, '8:00 - 8:10 AM'),
(5219, 299, 9, '9:00 AM'),
(5220, 299, 10, '8:00 - 8:10 AM'),
(5221, 487, 1, '4:40 - 4:50 AM'),
(5222, 487, 2, '7:40 - 7:50 AM'),
(5223, 487, 3, '8:40 - 8:50 AM'),
(5224, 487, 4, '7:40 - 7:50 AM'),
(5225, 487, 5, '4:40 - 4:50 AM'),
(5226, 487, 6, '7:40 - 7:50 AM'),
(5227, 487, 7, '5:40 - 5:50 PM'),
(5228, 487, 8, '8:40 - 8:50 AM'),
(5229, 487, 9, '9:00 AM'),
(5230, 487, 10, '8:40 - 8:50 AM'),
(5231, 488, 1, '4:40 - 4:50 AM'),
(5232, 488, 2, '7:40 - 7:50 AM'),
(5233, 488, 3, '8:40 - 8:50 AM'),
(5234, 488, 4, '7:40 - 7:50 AM'),
(5235, 488, 5, '4:40 - 4:50 AM'),
(5236, 488, 6, '7:40 - 7:50 AM'),
(5237, 488, 7, '5:40 - 5:50 PM'),
(5238, 488, 8, '8:40 - 8:50 AM'),
(5239, 488, 9, '9:00 AM'),
(5240, 488, 10, '8:40 - 8:50 AM'),
(5241, 154, 1, '4:20 - 4:30 AM'),
(5242, 154, 2, '7:20 - 7:30 AM'),
(5243, 154, 3, '8:20 - 8:30 AM'),
(5244, 154, 4, '7:20 - 7:30 AM'),
(5245, 154, 5, '4:20 - 4:30 AM'),
(5246, 154, 6, '7:20 - 7:30 AM'),
(5247, 154, 7, '5:20 - 5:30 PM'),
(5248, 154, 8, '8:20 - 8:30 AM'),
(5249, 154, 9, '9:00 AM'),
(5250, 154, 10, '8:20 - 8:30 AM'),
(5251, 300, 1, '4:20 - 4:30 AM'),
(5252, 300, 2, '7:20 - 7:30 AM'),
(5253, 300, 3, '8:20 - 8:30 AM'),
(5254, 300, 4, '7:20 - 7:30 AM'),
(5255, 300, 5, '4:20 - 4:30 AM'),
(5256, 300, 6, '7:20 - 7:30 AM'),
(5257, 300, 7, '5:20 - 5:30 PM'),
(5258, 300, 8, '8:20 - 8:30 AM'),
(5259, 300, 9, '9:00 AM'),
(5260, 300, 10, '8:20 - 8:30 AM'),
(5261, 489, 1, '4:40 - 4.50 AM'),
(5262, 489, 2, '7:40 - 7:50 AM'),
(5263, 489, 3, '8:40 - 8:50 AM'),
(5264, 489, 4, '4:40 - 4.50 AM'),
(5265, 489, 5, '4:40 - 4.50 AM'),
(5266, 489, 6, '4:40 - 4.50 AM'),
(5267, 489, 7, '4:40 - 4:50 AM'),
(5268, 489, 8, '8:40 - 8:50 AM'),
(5269, 489, 9, '9:00 AM'),
(5270, 489, 10, '8:40 - 8:50 AM'),
(5271, 490, 1, '4:40 - 4:50 AM'),
(5272, 490, 2, '7:40 - 7:50 AM'),
(5273, 490, 3, '8:40 - 8:50 AM'),
(5274, 490, 4, '7:40 - 7:50 AM'),
(5275, 490, 5, '4:40 - 4:50 AM'),
(5276, 490, 6, '7:40 - 7:50 AM'),
(5277, 490, 7, '5:40 - 5:50 PM'),
(5278, 490, 8, '8:40 - 8:50 AM'),
(5279, 490, 9, '9:00 AM'),
(5280, 490, 10, '8:40 - 8:50 AM'),
(5281, 262, 1, '4:00 - 4:10 AM'),
(5282, 262, 2, '7:00 - 7:10 AM'),
(5283, 262, 3, '8:00 - 8:10 AM'),
(5284, 262, 4, '7:00 - 7:10 AM'),
(5285, 262, 5, '4:00 - 4:10 AM'),
(5286, 262, 6, '7:00 - 7:10 AM'),
(5287, 262, 7, '5:00 - 5:10 PM'),
(5288, 262, 8, '8:00 - 8:10 AM'),
(5289, 262, 9, '9:00 AM'),
(5290, 262, 10, '8:00 - 8:10 AM'),
(5291, 43, 1, '4:00 - 4:10 AM'),
(5292, 43, 2, '7:00 - 7:10 AM'),
(5293, 43, 3, '8:00 - 8:10 AM'),
(5294, 43, 4, '7:00 - 7:10 AM'),
(5295, 43, 5, '4:00 - 4:10 AM'),
(5296, 43, 6, '7:00 - 7:10 AM'),
(5297, 43, 7, '5:00 - 5:10 PM'),
(5298, 43, 8, '8:00 - 8:10 AM'),
(5299, 43, 9, '9:00 AM'),
(5300, 43, 10, '8:00 - 8:10 AM'),
(5301, 301, 1, '4:30 - 4:40 AM'),
(5302, 301, 2, '7:30 - 7:40 AM'),
(5303, 301, 3, '8:30 - 8:40 AM'),
(5304, 301, 4, '7:30 - 7:40 AM'),
(5305, 301, 5, '4:30 - 4:40 AM'),
(5306, 301, 6, '7:30 - 7:40 AM'),
(5307, 301, 7, '5:30 - 5:40 PM'),
(5308, 301, 8, '8:30 - 8:40 AM'),
(5309, 301, 9, '9:00 AM'),
(5310, 301, 10, '8:30 - 8:40 AM'),
(5311, 302, 1, '4:40 - 4:50 AM'),
(5312, 302, 2, '7:40 - 7:50 AM'),
(5313, 302, 3, '8:40 - 8:50 AM'),
(5314, 302, 4, '7:40 - 7:50 AM'),
(5315, 302, 5, '4:40 - 4:50 AM'),
(5316, 302, 6, '7:40 - 7:50 AM'),
(5317, 302, 7, '5:40 - 5:50 PM'),
(5318, 302, 8, '8:40 - 8:50 AM'),
(5319, 302, 9, '9:00 AM'),
(5320, 302, 10, '8:40 - 8:50 AM'),
(5321, 155, 1, '4:20 - 4:30 AM'),
(5322, 155, 2, '7:20 - 7:30 AM'),
(5323, 155, 3, '8:20 - 8:30 AM'),
(5324, 155, 4, '7:20 - 7:30 AM'),
(5325, 155, 5, '4:20 - 4:30 AM'),
(5326, 155, 6, '7:20 - 7:30 AM'),
(5327, 155, 7, '5:20 - 5:30 PM'),
(5328, 155, 8, '8:20 - 8:30 AM'),
(5329, 155, 9, '9:00 AM'),
(5330, 155, 10, '8:20 - 8:30 AM'),
(5331, 491, 1, '4:40 - 4:50 AM'),
(5332, 491, 2, '7:40 - 7:50 AM'),
(5333, 491, 3, '8:40 - 8:50 AM'),
(5334, 491, 4, '7:40 - 7:50 AM'),
(5335, 491, 5, '4:40 - 4:50 AM'),
(5336, 491, 6, '7:40 - 7:50 AM'),
(5337, 491, 7, '5:40 - 5:50 PM'),
(5338, 491, 8, '8:40 - 8:50 AM'),
(5339, 491, 9, '9:00 AM'),
(5340, 491, 10, '8:40 - 8:50 AM'),
(5341, 303, 1, '4:00 - 4:10 AM'),
(5342, 303, 2, '7:00 - 7:10 AM'),
(5343, 303, 3, '8:00 - 8:10 AM'),
(5344, 303, 4, '7:00 - 7:10 AM'),
(5345, 303, 5, '4:00 - 4:10 AM'),
(5346, 303, 6, '7:00 - 7:10 AM'),
(5347, 303, 7, '5:00 - 5:10 PM'),
(5348, 303, 8, '8:00 - 8:10 AM'),
(5349, 303, 9, '9:00 AM'),
(5350, 303, 10, '8:00 - 8:10 AM'),
(5351, 304, 1, '4:10 - 4:20 AM'),
(5352, 304, 2, '7:10 - 7:20 AM'),
(5353, 304, 3, '8:10 - 8:20 AM'),
(5354, 304, 4, '7:10 - 7:20 AM'),
(5355, 304, 5, '4:10 - 4:20 AM'),
(5356, 304, 6, '7:10 - 7:20 AM'),
(5357, 304, 7, '5:10 - 5:20 PM'),
(5358, 304, 8, '8:10 - 8:20 AM'),
(5359, 304, 9, '9:00 AM'),
(5360, 304, 10, '8:10 - 8:20 AM'),
(5361, 305, 1, '4:30 - 4:40 AM'),
(5362, 305, 2, '7:30 - 7:40 AM'),
(5363, 305, 3, '8:30 - 8:40 AM'),
(5364, 305, 4, '7:30 - 7:40 AM'),
(5365, 305, 5, '4:30 - 4:40 AM'),
(5366, 305, 6, '7:30 - 7:40 AM'),
(5367, 305, 7, '5:30 - 5:40 AM'),
(5368, 305, 8, '8:30 - 8:40 AM'),
(5369, 305, 9, '9:00 AM'),
(5370, 305, 10, '8:30 - 8:40 AM'),
(5371, 603, 1, '4:40 - 4:50 AM'),
(5372, 603, 2, '7:40 - 7:50 AM'),
(5373, 603, 3, '8:40 - 8:50 AM'),
(5374, 603, 4, '7:40 - 7:50 AM'),
(5375, 603, 5, '4:40 - 4:50 AM'),
(5376, 603, 6, '7:40 - 7:50 AM'),
(5377, 603, 7, '5:40 - 5:50 PM'),
(5378, 603, 8, '8:40 - 8:50 AM'),
(5379, 603, 9, '9:00 AM'),
(5380, 603, 10, '8:40 - 8:50 AM'),
(5381, 615, 1, 'PENDIENTE'),
(5382, 615, 2, 'PENDIENTE'),
(5383, 615, 3, 'PENDIENTE'),
(5384, 615, 4, 'PENDIENTE'),
(5385, 615, 5, 'PENDIENTE'),
(5386, 615, 6, 'PENDIENTE'),
(5387, 615, 7, 'PENDIENTE'),
(5388, 615, 8, 'PENDIENTE'),
(5389, 615, 9, 'PENDIENTE'),
(5390, 615, 10, 'PENDIENTE'),
(5391, 492, 1, '4:40 - 4:50 AM'),
(5392, 492, 2, '7:40 - 7:50 AM'),
(5393, 492, 3, '8:40 - 8:50 AM'),
(5394, 492, 4, '7:40 - 7:50 AM'),
(5395, 492, 5, '4:40 - 4:50 AM'),
(5396, 492, 6, '7:40 - 7:50 AM'),
(5397, 492, 7, '5:40 - 5:50 PM'),
(5398, 492, 8, '8:40 - 8:50 AM'),
(5399, 492, 9, '9:00 AM'),
(5400, 492, 10, '8:40 - 8:50 AM'),
(5401, 306, 1, '4:20 - 4:30 AM'),
(5402, 306, 2, '7:20 - 7:30 AM'),
(5403, 306, 3, '8:20 - 8:30 AM'),
(5404, 306, 4, '7:20 - 7:30 AM'),
(5405, 306, 5, '4:20 - 4:30 AM'),
(5406, 306, 6, '7:20 - 7:30 AM'),
(5407, 306, 7, '5:20 - 5:30 PM'),
(5408, 306, 8, '8:20 - 8:30 AM'),
(5409, 306, 9, '9:00 AM'),
(5410, 306, 10, '8:20 - 8:30 AM'),
(5411, 307, 1, '4:30 - 4:40 AM'),
(5412, 307, 2, '7:30 - 7:40 AM'),
(5413, 307, 3, '8:30 - 8:40 AM'),
(5414, 307, 4, '7:30 - 7:40 AM'),
(5415, 307, 5, '4:30 - 4:40 AM'),
(5416, 307, 6, '7:30 - 7:40 AM'),
(5417, 307, 7, '5:30 - 5:40 PM'),
(5418, 307, 8, '8:30 - 8:40 AM'),
(5419, 307, 9, '9:00 AM'),
(5420, 307, 10, '8:30 - 8:40 AM'),
(5421, 308, 1, '4:20 - 4:30 AM'),
(5422, 308, 2, '7:20 - 7:30 AM'),
(5423, 308, 3, '8:20 - 8:30 AM'),
(5424, 308, 4, '7:20 - 7:30 AM'),
(5425, 308, 5, '4:20 - 4:30 AM'),
(5426, 308, 6, '7:20 - 7:30 AM'),
(5427, 308, 7, '5:20 - 5:30 PM'),
(5428, 308, 8, '8:20 - 8:30 AM'),
(5429, 308, 9, '9:00 AM'),
(5430, 308, 10, '8:20 - 8:30 AM'),
(5431, 44, 1, '4:00 - 4:10 AM'),
(5432, 44, 2, '7:00 - 7:10 AM'),
(5433, 44, 3, '8:00 - 8:10 AM'),
(5434, 44, 4, '7:00 - 7:10 AM'),
(5435, 44, 5, '4:00 - 4:10 AM'),
(5436, 44, 6, '7:00 - 7:10 AM'),
(5437, 44, 7, '5:00 - 5:10 PM'),
(5438, 44, 8, '8:00 - 8:10 AM'),
(5439, 44, 9, '9:00 AM'),
(5440, 44, 10, '8:00 - 8:10 AM'),
(5441, 157, 1, '4:20 - 4:30 AM'),
(5442, 157, 2, '7:20 - 7:30 AM'),
(5443, 157, 3, '8:20 - 8:30 AM'),
(5444, 157, 4, '7:20 - 7:30 AM'),
(5445, 157, 5, '4:20 - 4:30 AM'),
(5446, 157, 6, '7:20 - 7:30 AM'),
(5447, 157, 7, '5:20 - 5:30 PM'),
(5448, 157, 8, '8:20 - 8:30 AM'),
(5449, 157, 9, '9:00 AM'),
(5450, 157, 10, '8:20 - 8:30 AM'),
(5451, 604, 1, '4:40 - 4:50 AM'),
(5452, 604, 2, '7:40 - 7:50 AM'),
(5453, 604, 3, '8:40 - 8:50 AM'),
(5454, 604, 4, '7:40 - 7:50 AM'),
(5455, 604, 5, '4:40 - 4:50 AM'),
(5456, 604, 6, '7:40 - 7:50 AM'),
(5457, 604, 7, '5:40 - 5:50 PM'),
(5458, 604, 8, '8:40 - 8:50 AM'),
(5459, 604, 9, '9:00 AM'),
(5460, 604, 10, '8:40 - 8:50 AM'),
(5461, 309, 1, '4:20 - 4:30 AM'),
(5462, 309, 2, '7:20 - 7:30 AM'),
(5463, 309, 3, '8:20 - 8:30 AM'),
(5464, 309, 4, '7:20 - 7:30 AM'),
(5465, 309, 5, '4:20 - 4:30 AM'),
(5466, 309, 6, '7:20 - 7:30 AM'),
(5467, 309, 7, '5:20 - 5:30 PM'),
(5468, 309, 8, '8:20 - 8:30 AM'),
(5469, 309, 9, '9:00 AM'),
(5470, 309, 10, '8:20 - 8:30 AM'),
(5471, 263, 1, '4:20 - 4:30 AM'),
(5472, 263, 2, '7:20 - 7:30 AM'),
(5473, 263, 3, '8:20 - 8:30 AM'),
(5474, 263, 4, '7:20 - 7:30 AM'),
(5475, 263, 5, '4:20 - 4:30 AM'),
(5476, 263, 6, '7:20 - 7:30 AM'),
(5477, 263, 7, 'PENCIENTE'),
(5478, 263, 8, '8:20 - 8:30 AM'),
(5479, 263, 9, 'PENDIENTE'),
(5480, 263, 10, '8:20 - 8:30 AM'),
(5481, 85, 1, '4:00 - 4:10 AM'),
(5482, 85, 2, '7:00 - 7:10 AM'),
(5483, 85, 3, '8:00 - 8:10 AM'),
(5484, 85, 4, '7:00 - 7:10 AM'),
(5485, 85, 5, '4:00 - 4:10 AM'),
(5486, 85, 6, '7:00 - 7:10 AM'),
(5487, 85, 7, '5:00 - 5:10 PM'),
(5488, 85, 8, '8:00 - 8:10 AM'),
(5489, 85, 9, '9:00 AM'),
(5490, 85, 10, '8:00 - 8:10 AM'),
(5491, 45, 1, '4:00 - 4:10 AM'),
(5492, 45, 2, '7:00 - 7:10 AM'),
(5493, 45, 3, '8:00 - 8:10 AM'),
(5494, 45, 4, '7:00 - 7:10 AM'),
(5495, 45, 5, '4:00 - 4:10 AM'),
(5496, 45, 6, '7:00 - 7:10 AM'),
(5497, 45, 7, '5:00 - 5:10 PM'),
(5498, 45, 8, '8:00 - 8:10 AM'),
(5499, 45, 9, '9:00 AM'),
(5500, 45, 10, '8:00 - 8:10 AM'),
(5501, 310, 1, '4:10 - 4:20 AM'),
(5502, 310, 2, '7:10 - 7:20 AM'),
(5503, 310, 3, '8:10 - 8:20 AM'),
(5504, 310, 4, '7:10 - 7:20 AM'),
(5505, 310, 5, '4:10 - 4:20 AM'),
(5506, 310, 6, '7:10 - 7:20 AM'),
(5507, 310, 7, '5:10 - 5:20 PM'),
(5508, 310, 8, '8:10 - 8:20 AM'),
(5509, 310, 9, '9:00 AM'),
(5510, 310, 10, '8:10 - 8:20 AM'),
(5511, 493, 1, '4:40 - 4:50 AM'),
(5512, 493, 2, '7:40 - 7:50 AM'),
(5513, 493, 3, '8:40 - 8:50 AM'),
(5514, 493, 4, '7:40 - 7:50 AM'),
(5515, 493, 5, '4:40 - 4:50 AM'),
(5516, 493, 6, '7:40 - 7:50 AM'),
(5517, 493, 7, '5:40 - 5:50 PM'),
(5518, 493, 8, '8:40 - 8:50 AM'),
(5519, 493, 9, '9:00 QM'),
(5520, 493, 10, '8:40 - 8:50 AM'),
(5521, 159, 1, '4:30 - 4:40 AM'),
(5522, 159, 2, '7:30 - 7:40 AM'),
(5523, 159, 3, '8:30 - 8:40 AM'),
(5524, 159, 4, '7:30 - 7:40 AM'),
(5525, 159, 5, '4:30 - 4:40 AM'),
(5526, 159, 6, '7:30 - 7:40 AMP'),
(5527, 159, 7, '5:30 - 5:40 AM'),
(5528, 159, 8, '8:30 - 8:40 AM'),
(5529, 159, 9, '9:00 AM'),
(5530, 159, 10, '8:30 - 8:40 AM'),
(5531, 160, 1, '4:30 - 4:40 AM'),
(5532, 160, 2, '7:30 - 7:40 AM'),
(5533, 160, 3, '8:30 - 8:40 AM'),
(5534, 160, 4, '7:30 - 7:40 AM'),
(5535, 160, 5, '4:30 - 4:40 AM'),
(5536, 160, 6, '7:30 - 7:40 AM'),
(5537, 160, 7, '5:30 - 5:40 PM'),
(5538, 160, 8, '8:30 - 8:40 AM'),
(5539, 160, 9, '9:00 AM'),
(5540, 160, 10, '8:30 - 8:40 AM'),
(5541, 494, 1, '4:40 - 4:50 AM'),
(5542, 494, 2, '7:40 - 7:50 AM'),
(5543, 494, 3, '8:40 - 8:50 AM'),
(5544, 494, 4, '7:40 - 7:50 AM'),
(5545, 494, 5, '4:40 - 4:50 AM'),
(5546, 494, 6, '7:40 - 7:50 AM'),
(5547, 494, 7, '5:40 - 5:50 PM'),
(5548, 494, 8, '8:40 - 8:50 AM'),
(5549, 494, 9, '9:00 QM'),
(5550, 494, 10, '8:40 - 8:50 AM'),
(5551, 264, 1, '3:50 - 4:00 AM'),
(5552, 264, 2, '6:50 - 7:00 AM'),
(5553, 264, 3, '7:50 - 8:00 AM'),
(5554, 264, 4, '6:50 - 7:00 AM'),
(5555, 264, 5, '3:50 - 4:00 AM'),
(5556, 264, 6, '6:50 - 7:00 AM'),
(5557, 264, 7, '4:50 - 5:00 PM'),
(5558, 264, 8, '7:50 - 8:00 AM'),
(5559, 264, 9, '9:00 AM'),
(5560, 264, 10, '7:50 - 8:00 AM'),
(5561, 265, 1, '4:20 - 4:30 AM'),
(5562, 265, 2, '7:20 - 7:30 AM'),
(5563, 265, 3, '8:20 - 8:30 AM'),
(5564, 265, 4, '7:20 - 7:30 AM'),
(5565, 265, 5, '4:20 - 4:30 AM'),
(5566, 265, 6, '7:20 - 7:30 AM'),
(5567, 265, 7, '5:20 - 5:30 PM'),
(5568, 265, 8, '8:20 - 8:30 AM'),
(5569, 265, 9, '9:00 AM'),
(5570, 265, 10, '8:20 - 8:30 AM'),
(5571, 312, 1, '4:30 - 4:40 AM'),
(5572, 312, 2, '7:30 - 7:40 AM'),
(5573, 312, 3, '8:30 - 8:40 AM'),
(5574, 312, 4, '7:30 - 7:40 AM'),
(5575, 312, 5, '4:30 - 4:40 AM'),
(5576, 312, 6, '7:30 - 7:40 AM'),
(5577, 312, 7, '5:30 - 5:40 PM'),
(5578, 312, 8, '8:30 - 8:40 AM'),
(5579, 312, 9, '9:00 AM'),
(5580, 312, 10, '8:30 - 8:40 AM'),
(5581, 266, 1, '4:10 - 4:20 AM'),
(5582, 266, 2, '7:10 - 7:20 AM'),
(5583, 266, 3, '8:10 - 8:20 AM'),
(5584, 266, 4, '7:10 - 7:20 AM'),
(5585, 266, 5, '4:10 - 4:20 AM'),
(5586, 266, 6, '7:10 - 7:20 AM'),
(5587, 266, 7, '5:10 - 5:20 PM'),
(5588, 266, 8, '8:10 - 8:20 AM'),
(5589, 266, 9, '9:00 AM'),
(5590, 266, 10, '8:10 - 8:20 AM'),
(5591, 313, 1, '4:20 - 4:30 AM'),
(5592, 313, 2, '7:20 - 7:30 AM'),
(5593, 313, 3, '8:20 - 8:30 AM'),
(5594, 313, 4, '7:20 - 7:30 AM'),
(5595, 313, 5, '4:20 - 4:30 AM'),
(5596, 313, 6, '7:20 - 7:30 AM'),
(5597, 313, 7, '5:20 - 5:30 PM'),
(5598, 313, 8, '8:20 - 8:30 AM'),
(5599, 313, 9, '9:00 AM'),
(5600, 313, 10, '8:20 - 8:30 AM'),
(8299, 1, 19, 'EST. POBLADO'),
(8300, 2, 19, 'EST. POBLADO'),
(8301, 3, 19, 'EST. POBLADO'),
(8302, 4, 19, 'LLEGA AL 47 STREET'),
(8303, 5, 19, 'EST. POBLADO'),
(8304, 6, 19, '6:50 AM'),
(8305, 7, 19, 'EST. POBLADO'),
(8306, 8, 19, '7:00 - 7:10 AM'),
(8307, 9, 19, '7:00 - 7:10 AM'),
(8308, 10, 19, '7:00 - 7:10 AM'),
(8309, 11, 19, '7:00 - 7:10 AM'),
(8310, 12, 19, '7:00 - 7:10 AM'),
(8311, 13, 19, '7:00 - 7:10 AM'),
(8312, 14, 19, '7:00 - 7:10 AM'),
(8313, 15, 19, '7:00 - 7:10 AM'),
(8314, 16, 19, '7:00 - 7:10 AM'),
(8315, 17, 19, '7:00 - 7:10 AM'),
(8316, 18, 19, 'Pendiente'),
(8317, 19, 19, '7:00 - 7:10 AM'),
(8318, 20, 19, '7:00 A 7:10 AM'),
(8319, 21, 19, '7:00 - 7:10 AM'),
(8320, 22, 19, '7:00 - 7:10 AM'),
(8321, 23, 19, '7:00 - 7:10 AM'),
(8322, 24, 19, '7:00 - 7:10 AM'),
(8323, 25, 19, '7:00 - 7:10 AM'),
(8324, 26, 19, '7:00 - 7:10 AM'),
(8325, 27, 19, '7:00 - 7:10 AM'),
(8326, 28, 19, '7:00 - 7:10 AM'),
(8327, 29, 19, '7:00 - 7:10 AM'),
(8328, 30, 19, '7:00 - 7:10 AM'),
(8329, 31, 19, '7:00 - 7:10 AM'),
(8330, 32, 19, '7:00 - 7:10 AM'),
(8331, 33, 19, '7:00 - 7:10 AM'),
(8332, 34, 19, '7:00 - 7:10 AM'),
(8333, 35, 19, '7:00 - 7:10 AM'),
(8334, 36, 19, '7:00 - 7:10 AM'),
(8335, 37, 19, '7:00 - 7:10 AM'),
(8336, 38, 19, '7:00 - 7:10 AM'),
(8337, 39, 19, '7:00 - 7:10 AM'),
(8338, 40, 19, '7:00 - 7:10 AM'),
(8339, 41, 19, '7:00 - 7:10 AM'),
(8340, 42, 19, 'Pendiente'),
(8341, 43, 19, '7:00 - 7:10 AM'),
(8342, 44, 19, '7:00 - 7:10 AM'),
(8343, 45, 19, '7:00 - 7:10 AM'),
(8344, 46, 19, 'Pendiente'),
(8345, 47, 19, 'Pendiente'),
(8346, 48, 19, 'Pendiente'),
(8347, 49, 19, '7:00 - 7:10 AM'),
(8348, 50, 19, '7:00 - 7:10 AM'),
(8349, 51, 19, '7:00 - 7:10 AM'),
(8350, 52, 19, '7:00 - 7:10 AM'),
(8351, 53, 19, '7:00 - 7:10 AM'),
(8352, 54, 19, '7:00 - 7:10 AM'),
(8353, 55, 19, '7:00 - 7:10 AM'),
(8354, 56, 19, '7:00 - 7:10 AM'),
(8355, 57, 19, '7:00 - 7:10 AM'),
(8356, 58, 19, '7:00 - 7:10 AM'),
(8357, 59, 19, '7:00 - 7:10 AM'),
(8358, 60, 19, '7:00 - 7:10 AM'),
(8359, 61, 19, '7:00 - 7:10 AM'),
(8360, 62, 19, '7:00 - 7:10 AM'),
(8361, 63, 19, 'Pendiente'),
(8362, 64, 19, '7:00 A 7:10 AM'),
(8363, 65, 19, '7:00 - 7:10 AM'),
(8364, 66, 19, 'Pendiente'),
(8365, 67, 19, '7:00 - 7:10 AM'),
(8366, 68, 19, '7:00 - 7:10 AM'),
(8367, 69, 19, '7:10 - 7:20 AM'),
(8368, 70, 19, '7:10 - 7:20 AM'),
(8369, 71, 19, 'Pendiente'),
(8370, 72, 19, '7:00 - 7:10 AM'),
(8371, 73, 19, '7:00 - 7:10 AM'),
(8372, 74, 19, '7:00 - 7:10 AM'),
(8373, 75, 19, '7:00 - 7:10 AM'),
(8374, 76, 19, '7:00 - 7:10 AM'),
(8375, 77, 19, '7:00 - 7:10 AM'),
(8376, 78, 19, 'Pendiente'),
(8377, 79, 19, '7:00 - 7:10 AM'),
(8378, 80, 19, '7:00 A 7:10 AM'),
(8379, 81, 19, '7:00 - 7:10 AM'),
(8380, 82, 19, '7:00 - 7:10 AM'),
(8381, 83, 19, '7:00 - 7:10 AM'),
(8382, 84, 19, 'Pendiente'),
(8383, 85, 19, '7:00 - 7:10 AM'),
(8384, 86, 19, 'Pendiente'),
(8385, 87, 19, '7:00 - 7:10 AM'),
(8386, 88, 19, '7:10 - 7:20 AM'),
(8387, 89, 19, 'Pendiente'),
(8388, 90, 19, '7:20 - 7:30 AM'),
(8389, 91, 19, '7:20 - 7:30 AM'),
(8390, 92, 19, '7:30 - 7:40 AM'),
(8391, 93, 19, '7:10 - 7:20 AM'),
(8392, 94, 19, '7:20 - 7:30 AM'),
(8393, 95, 19, '7:30 - 7:40 AM'),
(8394, 96, 19, '7:20 - 7:30 AM'),
(8395, 97, 19, '7:20 - 7:30 AM'),
(8396, 98, 19, '7:30 - 7:40 AM'),
(8397, 99, 19, '7:10 - 7:20 AM'),
(8398, 100, 19, 'Pendiente'),
(8399, 101, 19, 'Pendiente'),
(8400, 102, 19, '7:20 - 7:30 AM'),
(8401, 103, 19, '7:20 - 7:30 AM'),
(8402, 104, 19, '7:30 - 7:40 AM'),
(8403, 105, 19, '7:30 - 7:40 AM'),
(8404, 106, 19, '7:20 - 7:30 AM'),
(8405, 107, 19, '7:20 - 7:30 AM'),
(8406, 108, 19, '7:10 - 7:20 AM'),
(8407, 109, 19, '8:10 - 8:20 AM'),
(8408, 110, 19, '7:10 - 7:20 AM'),
(8409, 111, 19, '7:20 - 7:30 AM'),
(8410, 112, 19, '7:30 - 7:40 AM'),
(8411, 113, 19, '7:30 - 7:40 AM'),
(8412, 114, 19, '7:30 - 7:40 AM'),
(8413, 115, 19, '7:30 - 7:40 AM'),
(8414, 116, 19, '7:30 - 7:40 AM'),
(8415, 117, 19, '7:30 - 7:40 AM'),
(8416, 118, 19, '7:10 - 7:20 AM'),
(8417, 119, 19, '7:20 - 7:30  AM'),
(8418, 120, 19, '8:10 - 8:20 AM'),
(8419, 121, 19, '7:40 - 7:50 AM'),
(8420, 122, 19, '7:20 - 7:30  AM'),
(8421, 123, 19, '7:20 - 7:30 AM'),
(8422, 124, 19, '7:20 - 7:30  AM'),
(8423, 125, 19, 'Pendiente'),
(8424, 126, 19, '7:20 - 7:30 AM'),
(8425, 127, 19, '7:40 - 7:50 AM'),
(8426, 128, 19, '7:10 - 7:20 AM'),
(8427, 129, 19, '7:30 - 7:40 AM'),
(8428, 130, 19, '7:30 - 7:40 AM'),
(8429, 131, 19, '7:20 - 7:30 AM'),
(8430, 132, 19, '7:20 - 7:30 AM'),
(8431, 133, 19, '7:20 - 7:30 AM'),
(8432, 134, 19, '7:20 - 7:30 AM'),
(8433, 135, 19, '7:20 - 7:30 AM'),
(8434, 136, 19, 'Pendiente'),
(8435, 137, 19, '7:20 - 7:30 AM'),
(8436, 138, 19, '7:20 - 7:30 AM'),
(8437, 139, 19, 'Pendiente'),
(8438, 140, 19, '7:10 - 7:20 AM'),
(8439, 141, 19, 'Pendiente'),
(8440, 142, 19, 'Pendiente'),
(8441, 143, 19, '7:20 - 7:30 AM'),
(8442, 144, 19, '7:10 - 7:20 AM'),
(8443, 145, 19, '7:30 - 7:40 AM'),
(8444, 146, 19, '7:30- 7:40 AM'),
(8445, 147, 19, '7:20 - 7:30 AM'),
(8446, 148, 19, '7:20 - 7:30 AM'),
(8447, 149, 19, 'Pendiente'),
(8448, 150, 19, '7:20 - 7:30 AM'),
(8449, 151, 19, '7:30 - 7:40 AM'),
(8450, 152, 19, '7:50 - 8:00 AM'),
(8451, 153, 19, 'Pendiente'),
(8452, 154, 19, '7:20 - 7:30 AM'),
(8453, 155, 19, '7:20 - 7:30 AM'),
(8454, 156, 19, 'Pendiente'),
(8455, 157, 19, '7:20 - 7:30 AM'),
(8456, 158, 19, 'Pendiente'),
(8457, 159, 19, '7:30 - 7:40 AM'),
(8458, 160, 19, '7:30 - 7:40 AM'),
(8459, 161, 19, 'Pendiente'),
(8460, 162, 19, 'Pendiente'),
(8461, 163, 19, 'Pendiente'),
(8462, 164, 19, 'Pendiente'),
(8463, 165, 19, 'Pendiente'),
(8464, 166, 19, 'Pendiente'),
(8465, 167, 19, 'Pendiente'),
(8466, 168, 19, '7:20 - 7:30 AM'),
(8467, 169, 19, '7:10 - 7:20 AM'),
(8468, 170, 19, 'Pendiente'),
(8469, 171, 19, '7:40 - 7:50 AM'),
(8470, 172, 19, '7:20 - 7:30 AM'),
(8471, 173, 19, '7:10 - 7:20 AM'),
(8472, 174, 19, 'Pendiente'),
(8473, 175, 19, '7:40 - 7:50 AM'),
(8474, 176, 19, '7:30 - 7:40 AM'),
(8475, 177, 19, 'Pendiente'),
(8476, 178, 19, '7:40 - 7:50 AM'),
(8477, 179, 19, '7:10 - 7:20 AM'),
(8478, 180, 19, '7:10 - 7:20 AM'),
(8479, 181, 19, '7:40 - 7:50 AM'),
(8480, 182, 19, '7:30 - 7:40 AM'),
(8481, 183, 19, '7:20 - 7:30 AM'),
(8482, 184, 19, 'Pendiente'),
(8483, 185, 19, '7:40 - 7:50 AM'),
(8484, 186, 19, '7:20 - 7:30 AM'),
(8485, 187, 19, '7:20 - 7:30 AM'),
(8486, 188, 19, 'Pendiente'),
(8487, 189, 19, '7:40 - 7:50 AM'),
(8488, 190, 19, '7:40 - 7:50 AM'),
(8489, 191, 19, '7:20 - 7:30 AM'),
(8490, 192, 19, '8:00 AM'),
(8491, 193, 19, '7:20 - 7:30 AM'),
(8492, 194, 19, '7:30 - 7:40 AM'),
(8493, 195, 19, '7:20 - 7:30 AM'),
(8494, 196, 19, '7:40 - 7:50 AM'),
(8495, 197, 19, '7:20 - 7:30 AM'),
(8496, 198, 19, '7:30 - 7:40 AM'),
(8497, 199, 19, '7:30 - 7:40 AM'),
(8498, 200, 19, '7:30 - 7:40 AM'),
(8499, 201, 19, 'Pendiente'),
(8500, 202, 19, 'Pendiente'),
(8501, 203, 19, '7:10 - 7:20 AM'),
(8502, 204, 19, '7:10 - 7:20 AM'),
(8503, 205, 19, '7:20 - 7:30 AM'),
(8504, 206, 19, '7:20 - 7:30 AM'),
(8505, 207, 19, '7:20 - 7:30 AM'),
(8506, 208, 19, '7:20 - 7:30 AM'),
(8507, 209, 19, '7:20 - 7:30 AM'),
(8508, 210, 19, '7:00 - 7:10 AM'),
(8509, 211, 19, 'PARQUE POBLADO 7:00 '),
(8510, 212, 19, 'Pendiente'),
(8511, 213, 19, '7:20 - 7:30 AM'),
(8512, 214, 19, '7:00 - 7:10 AM'),
(8513, 215, 19, '7:00 - 7:10 AM'),
(8514, 216, 19, '7:10 - 7:20  AM '),
(8515, 217, 19, '7:20 - 7:30 AM'),
(8516, 218, 19, '7:10 - 7:20  AM '),
(8517, 219, 19, '7:10 - 7:20  AM '),
(8518, 220, 19, 'Pendiente'),
(8519, 221, 19, '7:00 - 7:10 AM'),
(8520, 222, 19, '7:10 - 7:20  AM '),
(8521, 223, 19, '7:00 - 7:10 AM'),
(8522, 224, 19, '7:10 - 7:20  AM '),
(8523, 225, 19, '7:00 - 7:10 AM'),
(8524, 226, 19, '7:20 - 7:30 AM'),
(8525, 227, 19, '7:00 A 7:10 AM'),
(8526, 228, 19, '7:20 - 7:30 AM'),
(8527, 229, 19, '7:00 - 7:10 AM'),
(8528, 230, 19, '7:10 - 7:20 AM'),
(8529, 231, 19, '7:10 - 7:20 AM'),
(8530, 232, 19, '7:00 - 7:10 AM'),
(8531, 233, 19, '7:00 - 7:10 AM'),
(8532, 234, 19, '7:00 - 7:10 AM'),
(8533, 235, 19, '7:00 - 7:10 AM'),
(8534, 236, 19, '7:20 - 7:30 AM'),
(8535, 237, 19, '7:00 - 7:10 AM'),
(8536, 238, 19, '7:00 - 7:10 AM'),
(8537, 239, 19, '7:00 - 7:10 AM'),
(8538, 240, 19, '7:20 - 7:30 AM'),
(8539, 241, 19, '7:30 - 7:40 AM'),
(8540, 242, 19, '7:10 - 7:20 AM'),
(8541, 243, 19, '7:10 - 7:20 AM'),
(8542, 244, 19, '7:10 - 7:10 AM'),
(8543, 245, 19, '7:10 - 7:20 AM'),
(8544, 246, 19, '7:10 - 7:20 AM'),
(8545, 247, 19, '7:00 - 7:10 AM'),
(8546, 248, 19, '7:10 - 7:20 AM'),
(8547, 249, 19, '7:10 - 7:20 AM'),
(8548, 250, 19, '7:00 - 7:10 AM'),
(8549, 251, 19, '7:00 - 7:10 AM'),
(8550, 252, 19, '7:10 - 7:20 AM'),
(8551, 253, 19, '7:20 - 7:30 AM'),
(8552, 254, 19, '7:10 - 7:20 AM'),
(8553, 255, 19, '7:00 - 7:10 AM'),
(8554, 256, 19, '7:20 - 7:30 AM'),
(8555, 257, 19, '7:00 - 7:10 AM'),
(8556, 258, 19, '7:00 A 7:10 AM'),
(8557, 259, 19, '7:00 - 7:10 AM'),
(8558, 260, 19, '7:10 - 7:20 AM'),
(8559, 261, 19, '7:10 - 7:20 AM'),
(8560, 262, 19, '7:00 - 7:10 AM'),
(8561, 263, 19, '7:20 - 7:30 AM'),
(8562, 264, 19, '6:50 - 7:00 AM'),
(8563, 265, 19, '7:20 - 7:30 AM'),
(8564, 266, 19, '7:10 - 7:20 AM'),
(8565, 267, 19, 'Pendiente'),
(8566, 268, 19, '7:30 - 7:40 AM'),
(8567, 269, 19, '7:20 - 7:30 AM'),
(8568, 270, 19, '7:10 - 7:20 AM'),
(8569, 271, 19, '7:20 - 7:30 AM'),
(8570, 272, 19, '7:40 - 7:50 AM'),
(8571, 273, 19, '7:40 - 7:50 AM'),
(8572, 274, 19, '7:10 - 7:20 AM '),
(8573, 275, 19, '7:10 A 7:20 AM'),
(8574, 276, 19, '7:10 - 7:20 AM'),
(8575, 277, 19, '7:20 - 7:30 AM'),
(8576, 278, 19, '7:10 - 7:20 AM'),
(8577, 279, 19, '7:30 - 7:40 AM'),
(8578, 280, 19, '7:20 - 7:30AM'),
(8579, 281, 19, '7:20 - 7:30 AM'),
(8580, 282, 19, '7:10 - 7:20 AM'),
(8581, 283, 19, '7:10 - 7:20 AM'),
(8582, 284, 19, '7:20 - 7:30 AM'),
(8583, 285, 19, '7:10 - 7:20 AM'),
(8584, 286, 19, '7:20 - 7:30 AM'),
(8585, 287, 19, '7:10 - 7:20 AM'),
(8586, 288, 19, '7:40 - 7:50 AM'),
(8587, 289, 19, '7:20 - 7:30 AM'),
(8588, 290, 19, '7:20 - 7:30 AM'),
(8589, 291, 19, '7:10 - 7:20 AM'),
(8590, 292, 19, '7:30 - 7:40 AM'),
(8591, 293, 19, '7:20 A 7:30 AM'),
(8592, 294, 19, '7:30 - 7:40 AM'),
(8593, 295, 19, '7:30 - 7:40 AM'),
(8594, 296, 19, '7:20 - 7:30 AM'),
(8595, 297, 19, '7:10 - 7:20 AM'),
(8596, 298, 19, '7:20 - 7:30 AM'),
(8597, 299, 19, '7:00 - 7:10 AM'),
(8598, 300, 19, '7:20 - 7:30 AM'),
(8599, 301, 19, '7:30 - 7:40 AM'),
(8600, 302, 19, '7:40 - 7:50 AM'),
(8601, 303, 19, '7:00 - 7:10 AM'),
(8602, 304, 19, '7:10 - 7:20 AM'),
(8603, 305, 19, '7:30 - 7:40 AM'),
(8604, 306, 19, '7:20 - 7:30 AM'),
(8605, 307, 19, '7:30 - 7:40 AM'),
(8606, 308, 19, '7:20 - 7:30 AM'),
(8607, 309, 19, '7:20 - 7:30 AM'),
(8608, 310, 19, '7:10 - 7:20 AM'),
(8609, 311, 19, 'Pendiente'),
(8610, 312, 19, '7:30 - 7:40 AM'),
(8611, 313, 19, '7:20 - 7:30 AM'),
(8612, 314, 19, '7:10 - 7:20 AM'),
(8613, 315, 19, 'Pendiente'),
(8614, 316, 19, 'Pendiente'),
(8615, 317, 19, 'Pendiente'),
(8616, 318, 19, 'Pendiente'),
(8617, 319, 19, 'Pendiente'),
(8618, 320, 19, 'Pendiente'),
(8619, 321, 19, '7:00 - 7:10 AM'),
(8620, 322, 19, '7:20 - 7:30 AM'),
(8621, 323, 19, '7:30 - 7:40 AM'),
(8622, 324, 19, '7:20 - 7:30 AM'),
(8623, 325, 19, '7:30 - 7:40 AM'),
(8624, 326, 19, '7:00 - 7:10 AM'),
(8625, 327, 19, 'Pendiente'),
(8626, 328, 19, '7:10 - 7:20 AM'),
(8627, 329, 19, '7:30 - 7:40 AM'),
(8628, 330, 19, '7:20 - 7:30 AM'),
(8629, 331, 19, '7:20 - 7:30 AM'),
(8630, 332, 19, '7:20 - 7:30 AM'),
(8631, 333, 19, '7:30 - 7:40 AM'),
(8632, 334, 19, '7:30 - 7:40 AM'),
(8633, 335, 19, '7:20 - 7:30 AM'),
(8634, 336, 19, '7:30 - 7:40 AM'),
(8635, 337, 19, '7:20 AM'),
(8636, 338, 19, 'Pendiente'),
(8637, 339, 19, '7:30 - 7:40 AM'),
(8638, 340, 19, '7:30 - 7:40 AM'),
(8639, 341, 19, 'ESTACION FLORESTA'),
(8640, 342, 19, '7:10 - 7:20 AM'),
(8641, 343, 19, '7:30 - 7:40 AM'),
(8642, 344, 19, 'ESTACION FLORESTA'),
(8643, 345, 19, '7:20 - 7:30 AM'),
(8644, 346, 19, '7:30 - 7:40 AM'),
(8645, 347, 19, '7:10 - 7:20 AM'),
(8646, 348, 19, '7:30 - 7:40 AM'),
(8647, 349, 19, '7:30 - 7:40 AM'),
(8648, 350, 19, '7:10 - 7:20 AM'),
(8649, 351, 19, '7:20 - 7:30 AM'),
(8650, 352, 19, '7:20 - 7:30 AM'),
(8651, 353, 19, '7:20 - 7:30 AM'),
(8652, 354, 19, '7:20 - 7:30 AM'),
(8653, 355, 19, '7:20 - 7:30 AM'),
(8654, 356, 19, '7:10 - 7:20 AM'),
(8655, 357, 19, '7:20 - 7:30 AM'),
(8656, 358, 19, 'ESTACION FLORESTA'),
(8657, 359, 19, '7:20 - 7:30 AM'),
(8658, 360, 19, '7:30 - 7:40 AM'),
(8659, 361, 19, '7:10 - 7:20 AM'),
(8660, 362, 19, '7:20 - 7:30 AM'),
(8661, 363, 19, '7:10 - 7:20 AM'),
(8662, 364, 19, '7:20 - 7:30 AM'),
(8663, 365, 19, '7:20 - 7:30 AM'),
(8664, 366, 19, '7:20 - 7:30 AM'),
(8665, 367, 19, '7:30 - 7:40 AM'),
(8666, 368, 19, '7:10 - 7:20 AM '),
(8667, 369, 19, '7:30 - 7:40 AM'),
(8668, 370, 19, '7:30 - 7:40 AM'),
(8669, 371, 19, '7:10 - 7:20  AM '),
(8670, 372, 19, '7:20 - 7:30 AM'),
(8671, 373, 19, '7:20 - 7:30 AM'),
(8672, 374, 19, '7:30 - 7:40 AM'),
(8673, 375, 19, 'ESTACION FLORESTA'),
(8674, 376, 19, '7:20 - 7:30 AM'),
(8675, 377, 19, '7:40 - 7:50 AM'),
(8676, 378, 19, '7:20 - 7:30 AM'),
(8677, 379, 19, 'EST. FLORESTA'),
(8678, 380, 19, '7:20 - 7:30 AM'),
(8679, 381, 19, '7:30 - 7:40 AM'),
(8680, 382, 19, 'Pendiente'),
(8681, 383, 19, '7:20 - 7:30 AM'),
(8682, 384, 19, '7:20 - 7:30 AM'),
(8683, 385, 19, '7:20 - 7:30 AM'),
(8684, 386, 19, '7:20 - 7:30 AM'),
(8685, 387, 19, '7:30 - 7:40 AM'),
(8686, 388, 19, '7:00 - 7:10 AM'),
(8687, 389, 19, '7:30 - 7:40 AM'),
(8688, 390, 19, '7:30 - 7:40 AM'),
(8689, 391, 19, '7:10 - 7:20 AM'),
(8690, 392, 19, '7:20 - 7:30 AM'),
(8691, 393, 19, '7:20 - 7:30 AM'),
(8692, 394, 19, '7:10 - 7:20 AM'),
(8693, 395, 19, 'Pendiente'),
(8694, 396, 19, '7:30 - 7:40 AM'),
(8695, 397, 19, '7:00 - 7:10 AM'),
(8696, 398, 19, '7:20 - 7:30 AM'),
(8697, 399, 19, 'ESTACION FLORESTA'),
(8698, 400, 19, '7:20 - 7:30 AM'),
(8699, 401, 19, '7:50 - 8:00AM'),
(8700, 402, 19, '7:30 - 7:40 AM'),
(8701, 403, 19, '7:20 - 7:30 AM'),
(8702, 404, 19, '7:20 - 7:30 AM'),
(8703, 405, 19, '7:10 - 7:20 AM'),
(8704, 406, 19, '7:40 - 7:50AM'),
(8705, 407, 19, '7:20 - 7:30 AM'),
(8706, 408, 19, '7:30 - 7:40 AM'),
(8707, 409, 19, '7:40 - 7:50AM'),
(8708, 410, 19, '7:30 - 7:40 AM'),
(8709, 411, 19, '7:10 - 7:20 AM'),
(8710, 412, 19, '7:40 - 7:50 AM'),
(8711, 413, 19, '7:30 - 7:40 AM'),
(8712, 414, 19, '7:10 - 7:20 AM'),
(8713, 415, 19, '7:30 - 7:40 AM'),
(8714, 416, 19, '7:30 - 7:40 AM'),
(8715, 417, 19, '7:20 - 7:30 AM'),
(8716, 418, 19, '7:30 - 7:40 AM'),
(8717, 419, 19, '7:20 - 7:30 AM'),
(8718, 420, 19, '7:40 - 7:50 AM'),
(8719, 421, 19, '7:30 - 7:40 AM'),
(8720, 422, 19, '7:20 - 7:30 AM'),
(8721, 423, 19, '7:20 - 7:30 AM'),
(8722, 424, 19, '7:20 - 7:30 AM'),
(8723, 425, 19, '7:30 - 7:40 AM'),
(8724, 426, 19, '7:30 - 7:40 AM'),
(8725, 427, 19, '7:10 - 7:20 AM'),
(8726, 428, 19, '7:20 - 7:30 AM'),
(8727, 429, 19, '7:20 - 7:30  AM'),
(8728, 430, 19, '7:00 - 7:10 AM'),
(8729, 431, 19, '7:30 - 7:40 AM'),
(8730, 432, 19, '7:30 - 7:40 AM'),
(8731, 433, 19, '7:00 A 7:10 AM'),
(8732, 434, 19, '7:30 - 7:40 AM'),
(8733, 435, 19, '7:20 - 7:30  AM'),
(8734, 436, 19, '7:30 - 7:40 AM'),
(8735, 437, 19, '7:30 - 7:40 AM'),
(8736, 438, 19, '7:20 - 7:30 AM'),
(8737, 439, 19, 'Pendiente'),
(8738, 440, 19, '7:40 - 7:50 AM'),
(8739, 441, 19, '7:20 - 7:30 AM'),
(8740, 442, 19, '7:20 - 7:30 AM'),
(8741, 443, 19, '7:20 - 7:30 AM'),
(8742, 444, 19, '7:20 - 7:30 AM'),
(8743, 445, 19, '7:00 - 7:10 AM'),
(8744, 446, 19, '7:20 - 7:30 AM'),
(8745, 447, 19, '7:20 - 7:30 AM'),
(8746, 448, 19, 'Pendiente'),
(8747, 449, 19, '7:40 - 7:50 AM'),
(8748, 450, 19, '7:30 - 7:40 AM'),
(8749, 451, 19, 'Pendiente'),
(8750, 452, 19, '7:40 - 7:50 AM'),
(8751, 453, 19, '7:40 - 7:50 AM'),
(8752, 454, 19, '7:40 - 7:50 AM'),
(8753, 455, 19, '7:40 - 7:50 AM'),
(8754, 456, 19, '7:40 - 7:50 AM'),
(8755, 457, 19, '7:40 - 7:50 AM'),
(8756, 458, 19, '7:40 - 7:50 AM'),
(8757, 459, 19, '7:40 - 7:50 AM'),
(8758, 460, 19, '7:40 - 7:50 AM'),
(8759, 461, 19, '7:40 - 7:50 AM'),
(8760, 462, 19, '7:40 - 7:50 AM'),
(8761, 463, 19, '7:40 - 7:50 AM'),
(8762, 464, 19, '7:30 - 7:40 AM'),
(8763, 465, 19, '7:40 - 7:50 AM'),
(8764, 466, 19, '7:40 - 7:50 AM'),
(8765, 467, 19, '7:40 - 7:50 AM'),
(8766, 468, 19, '7:40 - 7:50 AM'),
(8767, 469, 19, '7:40 - 7:50 AM'),
(8768, 470, 19, '7:40 - 7:50 AM'),
(8769, 471, 19, '7:10 - 7:20  AM '),
(8770, 472, 19, '7:40 - 7:50 AM'),
(8771, 473, 19, '7:40 - 7:50 AM'),
(8772, 474, 19, '7:40 - 7:50 AM'),
(8773, 475, 19, 'Pendiente'),
(8774, 476, 19, '7:40 - 7:50 AM'),
(8775, 477, 19, '7:40 - 7:50 AM'),
(8776, 478, 19, '7:40 - 7:50 AM'),
(8777, 479, 19, '7:40 - 7:50 AM'),
(8778, 480, 19, '7:40 - 7:50 AM'),
(8779, 481, 19, '7:40 - 7:50 AM'),
(8780, 482, 19, '7:40 - 7:50 AM'),
(8781, 483, 19, '7:40 - 7:50 AM'),
(8782, 484, 19, '7:40 - 7:50 AM'),
(8783, 485, 19, '7:40 - 7:50 AM'),
(8784, 486, 19, '7:40 - 7:50 AM'),
(8785, 487, 19, '7:40 - 7:50 AM'),
(8786, 488, 19, '7:40 - 7:50 AM'),
(8787, 489, 19, '7:40 - 7:50 AM'),
(8788, 490, 19, '7:40 - 7:50 AM'),
(8789, 491, 19, '7:40 - 7:50 AM'),
(8790, 492, 19, '7:40 - 7:50 AM'),
(8791, 493, 19, '7:40 - 7:50 AM'),
(8792, 494, 19, '7:40 - 7:50 AM'),
(8793, 495, 19, '7:40 - 7:50 AM'),
(8794, 496, 19, '7:40 - 7:50 AM'),
(8795, 497, 19, '7:40 - 7:50 AM'),
(8796, 498, 19, '7:40 - 7:50 AM'),
(8797, 499, 19, '7:40 - 7:50 AM'),
(8798, 500, 19, '7:40 - 7:50 AM'),
(8799, 501, 19, '7:50 - 8:00AM'),
(8800, 502, 19, '7:40 - 7:50AM'),
(8801, 503, 19, '7:40 - 7:50AM'),
(8802, 504, 19, '7:40 - 7:50AM'),
(8803, 505, 19, '7:40 - 7:50AM'),
(8804, 506, 19, '7:40 - 7:50AM'),
(8805, 507, 19, '7:40 - 7:50AM'),
(8806, 508, 19, '7:40 - 7:50 AM'),
(8807, 509, 19, 'Pendiente'),
(8808, 510, 19, '7:20 - 7:30 AM'),
(8809, 511, 19, '7:40 - 7:50 AM'),
(8810, 512, 19, '7:40 - 7:50 AM'),
(8811, 513, 19, '7:40 - 7:50 AM'),
(8812, 514, 19, '7:40 - 7:50 AM'),
(8813, 515, 19, '7:40 - 7:50 AM'),
(8814, 516, 19, '7:40 - 7:50 AM'),
(8815, 517, 19, '7:40 - 7:50 AM'),
(8816, 518, 19, '7:40 - 7:50 AM'),
(8817, 519, 19, '7:40 - 7:50 AM'),
(8818, 520, 19, '7:40 - 7:50 AM'),
(8819, 521, 19, '7:40 - 7:50 AM'),
(8820, 522, 19, '7:40 - 7:50 AM'),
(8821, 523, 19, '7:40 - 7:50 AM'),
(8822, 524, 19, '7:40 - 7:50 AM'),
(8823, 525, 19, '7:40 - 7:50 AM'),
(8824, 526, 19, '7:40 - 7:50 AM'),
(8825, 527, 19, '7:40 - 7:50 AM'),
(8826, 528, 19, '7:40 - 7:50 AM'),
(8827, 529, 19, '7:40 - 7:50 AM'),
(8828, 530, 19, '7:40 - 7:50 AM'),
(8829, 531, 19, '7:40 - 7:50 AM'),
(8830, 532, 19, '7:40 - 7:50 AM'),
(8831, 533, 19, '7:40 - 7:50 AM'),
(8832, 534, 19, '7:40 - 7:50 AM'),
(8833, 535, 19, '7:40 - 7:50 AM'),
(8834, 536, 19, '7:40 - 7:50 AM'),
(8835, 537, 19, '7:20 - 7:30 AM'),
(8836, 538, 19, '7:40 - 7:50 AM'),
(8837, 539, 19, '7:40 - 7:50 AM'),
(8838, 540, 19, '7:50 - 8:00AM'),
(8839, 541, 19, 'Pendiente'),
(8840, 542, 19, '7:40 - 7:50AM'),
(8841, 543, 19, 'LLEGA AL 47 STREET'),
(8842, 544, 19, '8:00 - 8:10 AM'),
(8843, 545, 19, '7:40 - 7:50AM'),
(8844, 546, 19, '7:40 - 7:50AM'),
(8845, 547, 19, 'LLEGA AL 47 STREET'),
(8846, 548, 19, '7:40 - 7:50AM'),
(8847, 549, 19, '47 STREET'),
(8848, 550, 19, '47 STREET'),
(8849, 551, 19, 'Pendiente'),
(8850, 552, 19, '8:20 - 8:30 AM'),
(8851, 553, 19, '47 STREET'),
(8852, 554, 19, '7:40 - 7:50 AM'),
(8853, 555, 19, '7:40 - 7:50 AM'),
(8854, 556, 19, '47 STREET'),
(8855, 557, 19, '7:40 - 7:50 AM'),
(8856, 558, 19, '47 STREET'),
(8857, 559, 19, 'LLEGA AL 47 STREET'),
(8858, 560, 19, '8:00 - 8:10 AM'),
(8859, 561, 19, 'LLEGA AL 47 STREET'),
(8860, 562, 19, '7:40 - 7:50 AM'),
(8861, 563, 19, '7:40 - 7:50 AM'),
(8862, 564, 19, '7:20 - 7:30 AM'),
(8863, 565, 19, '7:40 - 7:50 AM'),
(8864, 566, 19, '7:40 - 7:50 AM'),
(8865, 567, 19, '7:40 - 7:50 AM'),
(8866, 568, 19, 'LLEGAR AL HOTEL 47 S'),
(8867, 569, 19, '47 STREET 7:40 AM'),
(8868, 570, 19, '7:40 - 7:50 AM'),
(8869, 571, 19, '7:40 - 7:50 AM'),
(8870, 572, 19, '8:30 - 8:40 AM'),
(8871, 573, 19, '47 STREET'),
(8872, 574, 19, '7:40 - 7:50 AM'),
(8873, 575, 19, '47 STREET'),
(8874, 576, 19, '7:30 - 7:40 AM'),
(8875, 577, 19, '7:40 - 7:50 AM'),
(8876, 578, 19, '47 STREET'),
(8877, 579, 19, 'LLEGA AL 47 STREET'),
(8878, 580, 19, '8:10 AM'),
(8879, 581, 19, 'Pendiente'),
(8880, 582, 19, '7:40 - 7:50 AM'),
(8881, 583, 19, '7:40 - 7:50 AM'),
(8882, 584, 19, '7:50 - 8:00 AM'),
(8883, 585, 19, '7:40 - 7:50 AM'),
(8884, 586, 19, '7:40 - 7:50 AM'),
(8885, 587, 19, '7:40 - 7:50 AM'),
(8886, 588, 19, 'Pendiente'),
(8887, 589, 19, 'Pendiente'),
(8888, 590, 19, 'Pendiente'),
(8889, 591, 19, '7:40 - 7:50 AM'),
(8890, 592, 19, '7:10 - 7:20 AM'),
(8891, 593, 19, '7:40 - 7:50 AM'),
(8892, 594, 19, '7:40 - 7:50 AM'),
(8893, 595, 19, '7:40 - 7:50 AM'),
(8894, 596, 19, '7:40 - 7:50 AM'),
(8895, 597, 19, '7:40 - 7:50 AM'),
(8896, 598, 19, '7:40 - 7:50 AM'),
(8897, 599, 19, '7:40 - 7:50 AM'),
(8898, 600, 19, '7:40 - 7:50 AM'),
(8899, 601, 19, '7:40 - 7:50 AM'),
(8900, 602, 19, '7:30 - 7:40 AM'),
(8901, 603, 19, '7:40 - 7:50 AM'),
(8902, 604, 19, '7:40 - 7:50 AM'),
(8903, 605, 19, 'Pendiente'),
(8904, 606, 19, 'Pendiente'),
(8905, 607, 19, '8:20 - 8:30 AM '),
(8906, 608, 19, 'Pendiente'),
(8907, 609, 19, 'PENDIENTE'),
(8908, 610, 19, 'PENDIENTE'),
(8909, 611, 19, 'Pendiente'),
(8910, 612, 19, 'PENDIENTE'),
(8911, 613, 19, '7:10 - 7:20 AM'),
(8912, 614, 19, 'EST. POBLADO'),
(8913, 615, 19, 'PENDIENTE'),
(8914, 616, 19, 'Pendiente'),
(8915, 617, 19, 'Pendiente'),
(8916, 618, 19, 'Pendiente'),
(8917, 619, 19, 'EST. POBLADO'),
(8918, 620, 19, 'EST. POBLADO'),
(8919, 621, 19, 'EST. POBLADO'),
(8920, 622, 19, 'EST. POBLADO'),
(8921, 623, 19, 'EST. POBLADO'),
(8922, 624, 19, 'EST. POBLADO'),
(8923, 625, 19, 'EST. POBLADO'),
(8924, 626, 19, 'EST. POBLADO'),
(8925, 627, 19, 'EST. POBLADO');

-- --------------------------------------------------------

--
-- Table structure for table `logs_sistema`
--

DROP TABLE IF EXISTS `logs_sistema`;
CREATE TABLE IF NOT EXISTS `logs_sistema` (
  `Id_Log` bigint UNSIGNED NOT NULL AUTO_INCREMENT,
  `Nivel` enum('INFO','WARNING','ERROR','CRITICAL') CHARACTER SET utf8mb4 COLLATE utf8mb4_unicode_ci NOT NULL DEFAULT 'INFO',
  `Descripcion` text CHARACTER SET utf8mb4 COLLATE utf8mb4_unicode_ci,
  `Modulo` varchar(100) CHARACTER SET utf8mb4 COLLATE utf8mb4_unicode_ci DEFAULT NULL,
  `Id_Usuario` bigint UNSIGNED DEFAULT NULL,
  `Fecha_Registro` datetime DEFAULT CURRENT_TIMESTAMP,
  PRIMARY KEY (`Id_Log`),
  KEY `Id_Usuario` (`Id_Usuario`),
  KEY `Nivel` (`Nivel`)
) ENGINE=InnoDB DEFAULT CHARSET=utf8mb4 COLLATE=utf8mb4_unicode_ci;

-- --------------------------------------------------------

--
-- Table structure for table `mensajes`
--

DROP TABLE IF EXISTS `mensajes`;
CREATE TABLE IF NOT EXISTS `mensajes` (
  `Id_Mensaje` bigint UNSIGNED NOT NULL AUTO_INCREMENT,
  `Id_Emisor` bigint UNSIGNED DEFAULT NULL,
  `Emisor` varchar(255) CHARACTER SET utf8mb4 COLLATE utf8mb4_unicode_ci DEFAULT NULL,
  `Titulo` varchar(255) CHARACTER SET utf8mb4 COLLATE utf8mb4_unicode_ci DEFAULT NULL,
  `Cuerpo` text CHARACTER SET utf8mb4 COLLATE utf8mb4_unicode_ci,
  `Prioridad` enum('BAJA','MEDIA','ALTA') CHARACTER SET utf8mb4 COLLATE utf8mb4_unicode_ci DEFAULT 'MEDIA',
  `Fecha_Envio` datetime DEFAULT NULL,
  PRIMARY KEY (`Id_Mensaje`),
  KEY `Id_Emisor` (`Id_Emisor`)
) ENGINE=InnoDB DEFAULT CHARSET=utf8mb4 COLLATE=utf8mb4_unicode_ci;

-- --------------------------------------------------------

--
-- Table structure for table `mensaje_destinatario`
--

DROP TABLE IF EXISTS `mensaje_destinatario`;
CREATE TABLE IF NOT EXISTS `mensaje_destinatario` (
  `Id_Destinatario` bigint UNSIGNED NOT NULL AUTO_INCREMENT,
  `Receptor` bigint UNSIGNED DEFAULT NULL,
  `Id_Mensaje` bigint UNSIGNED DEFAULT NULL,
  `Leido` tinyint(1) DEFAULT '0',
  PRIMARY KEY (`Id_Destinatario`),
  KEY `Receptor` (`Receptor`),
  KEY `Id_Mensaje` (`Id_Mensaje`)
) ENGINE=InnoDB DEFAULT CHARSET=utf8mb4 COLLATE=utf8mb4_unicode_ci;

-- --------------------------------------------------------

--
-- Table structure for table `modulos`
--

DROP TABLE IF EXISTS `modulos`;
CREATE TABLE IF NOT EXISTS `modulos` (
  `Id_Modulo` bigint UNSIGNED NOT NULL AUTO_INCREMENT,
  `Nombre_Modulo` varchar(100) CHARACTER SET utf8mb4 COLLATE utf8mb4_unicode_ci NOT NULL,
  `Codigo_Modulo` varchar(50) CHARACTER SET utf8mb4 COLLATE utf8mb4_unicode_ci NOT NULL,
  `Descripcion` varchar(255) CHARACTER SET utf8mb4 COLLATE utf8mb4_unicode_ci DEFAULT NULL,
  `Icono` varchar(50) CHARACTER SET utf8mb4 COLLATE utf8mb4_unicode_ci DEFAULT NULL,
  `Ruta` varchar(255) CHARACTER SET utf8mb4 COLLATE utf8mb4_unicode_ci DEFAULT NULL,
  `Orden` int DEFAULT '0',
  `Activo` tinyint(1) DEFAULT '1',
  PRIMARY KEY (`Id_Modulo`),
  UNIQUE KEY `ux_modulos_codigo` (`Codigo_Modulo`)
) ENGINE=InnoDB AUTO_INCREMENT=13 DEFAULT CHARSET=utf8mb4 COLLATE=utf8mb4_unicode_ci;

--
-- Dumping data for table `modulos`
--

INSERT INTO `modulos` (`Id_Modulo`, `Nombre_Modulo`, `Codigo_Modulo`, `Descripcion`, `Icono`, `Ruta`, `Orden`, `Activo`) VALUES
(1, 'Inicio', 'INICIO', NULL, NULL, NULL, 1, 1),
(2, 'Historial', 'HISTORIAL', NULL, NULL, NULL, 2, 1),
(3, 'Informes', 'INFORMES', NULL, NULL, NULL, 3, 1),
(4, 'Reservas', 'RESERVAS', NULL, NULL, NULL, 4, 1),
(5, 'Transfers', 'TRANSFERS', NULL, NULL, NULL, 5, 1),
(6, 'Tours', 'TOURS', NULL, NULL, NULL, 6, 1),
(7, 'Puntos de Encuentro', 'PUNTOS', NULL, NULL, NULL, 7, 1),
(8, 'Programacin', 'PROGRAMACION', NULL, NULL, NULL, 8, 1),
(9, 'Configuracin', 'CONFIGURACION', NULL, NULL, NULL, 9, 1),
(10, 'Comisiones', 'COMISIONES', NULL, NULL, NULL, 10, 1),
(11, 'Seguros', 'SEGUROS', NULL, NULL, NULL, 11, 1),
(12, 'Pagos', 'PAGOS', NULL, NULL, NULL, 12, 1);

-- --------------------------------------------------------

--
-- Table structure for table `monedas`
--

DROP TABLE IF EXISTS `monedas`;
CREATE TABLE IF NOT EXISTS `monedas` (
  `Id_Moneda` bigint UNSIGNED NOT NULL AUTO_INCREMENT,
  `Codigo` varchar(10) CHARACTER SET utf8mb4 COLLATE utf8mb4_unicode_ci NOT NULL,
  `Nombre_Moneda` varchar(100) CHARACTER SET utf8mb4 COLLATE utf8mb4_unicode_ci DEFAULT NULL,
  PRIMARY KEY (`Id_Moneda`),
  UNIQUE KEY `ux_monedas_codigo` (`Codigo`)
) ENGINE=InnoDB AUTO_INCREMENT=4 DEFAULT CHARSET=utf8mb4 COLLATE=utf8mb4_unicode_ci;

--
-- Dumping data for table `monedas`
--

INSERT INTO `monedas` (`Id_Moneda`, `Codigo`, `Nombre_Moneda`) VALUES
(1, 'COP', 'Peso colombiano'),
(2, 'USD', 'Dlar estadounidense'),
(3, 'EUR', 'Euro');

-- --------------------------------------------------------

--
-- Table structure for table `pagos_reservas`
--

DROP TABLE IF EXISTS `pagos_reservas`;
CREATE TABLE IF NOT EXISTS `pagos_reservas` (
  `Id_Pago` bigint UNSIGNED NOT NULL AUTO_INCREMENT,
  `Id_Reserva` varchar(20) CHARACTER SET utf8mb4 COLLATE utf8mb4_unicode_ci NOT NULL,
  `Monto` decimal(12,2) NOT NULL,
  `Tipo` varchar(100) CHARACTER SET utf8mb4 COLLATE utf8mb4_unicode_ci DEFAULT NULL,
  `Fecha_Pago` datetime DEFAULT NULL,
  `Observaciones` text CHARACTER SET utf8mb4 COLLATE utf8mb4_unicode_ci,
  `Ruta_Comprobante` varchar(50) CHARACTER SET utf8mb4 COLLATE utf8mb4_unicode_ci NOT NULL,
  PRIMARY KEY (`Id_Pago`),
  KEY `Id_Reserva` (`Id_Reserva`)
) ENGINE=InnoDB AUTO_INCREMENT=36 DEFAULT CHARSET=utf8mb4 COLLATE=utf8mb4_unicode_ci;

--
-- Dumping data for table `pagos_reservas`
--

INSERT INTO `pagos_reservas` (`Id_Pago`, `Id_Reserva`, `Monto`, `Tipo`, `Fecha_Pago`, `Observaciones`, `Ruta_Comprobante`) VALUES
(2, 'TG54289', 218000.00, 'Pago Completo', '2025-11-12 05:20:46', NULL, 'uploads/reservas/TG54289/comprobante_TG54289.pdf'),
(17, 'TG16121', 1199000.00, 'Pago Directo', '2025-11-13 02:04:14', NULL, 'N/A'),
(18, 'RSV1002', 557000.00, 'Pago Directo', '2025-12-14 16:27:05', NULL, 'N/A'),
(19, 'TG87479', 535000.00, 'Pago Completo', '2025-12-17 00:04:19', NULL, 'uploads/reservas/TG87479/comprobante_TG87479.pdf'),
(20, 'TRC63407', 535000.00, 'Pago Directo', '2025-12-17 02:43:50', NULL, 'N/A'),
(21, 'TRC80570', 535000.00, 'Pago Directo', '2025-12-17 02:45:16', NULL, 'N/A'),
(22, 'TRC46725', 535000.00, 'Pago Directo', '2025-12-17 02:49:21', NULL, 'N/A'),
(23, 'TRC35269', 525000.00, 'Pago Directo', '2025-12-17 03:03:32', NULL, 'N/A'),
(24, 'TRC23330', 525000.00, 'Pago Directo', '2025-12-17 03:04:19', NULL, 'N/A'),
(25, 'THN19735', 535000.00, 'Pago Directo', '2025-12-17 03:21:34', NULL, 'N/A'),
(26, 'TRC19954', 525000.00, 'Pago Directo', '2025-12-17 03:22:57', NULL, 'N/A'),
(27, 'TRC49243', 525000.00, 'Pago Directo', '2025-12-17 03:24:06', NULL, 'N/A'),
(28, 'THN79604', 535000.00, 'Pago Directo', '2025-12-17 03:25:26', NULL, 'N/A'),
(29, 'TSA31308', 535000.00, 'Pago Directo', '2025-12-17 03:27:15', NULL, 'N/A'),
(30, 'THN46505', 535000.00, 'Pago Directo', '2025-12-17 03:31:58', NULL, 'N/A'),
(31, 'CTG64816', 535000.00, 'Pago Directo', '2025-12-17 03:35:17', NULL, 'N/A'),
(32, 'TS38497', 535000.00, 'Pago Directo', '2025-12-17 03:38:39', NULL, 'N/A'),
(33, 'TDL74991', 535000.00, 'Pago Directo', '2025-12-17 03:41:21', NULL, 'N/A'),
(34, 'THN42155', 525000.00, 'Pago Directo', '2025-12-17 03:54:51', NULL, 'N/A'),
(35, 'CTG96919', 525000.00, 'Pago Directo', '2025-12-17 03:56:45', NULL, 'N/A');

-- --------------------------------------------------------

--
-- Table structure for table `pagos_transfers`
--

DROP TABLE IF EXISTS `pagos_transfers`;
CREATE TABLE IF NOT EXISTS `pagos_transfers` (
  `Id_Pago` bigint UNSIGNED NOT NULL AUTO_INCREMENT,
  `Id_Transfer` bigint UNSIGNED NOT NULL,
  `Monto` decimal(12,2) NOT NULL,
  `Metodo` varchar(100) CHARACTER SET utf8mb4 COLLATE utf8mb4_unicode_ci DEFAULT NULL,
  `Fecha_Pago` datetime DEFAULT NULL,
  `Estado` varchar(50) CHARACTER SET utf8mb4 COLLATE utf8mb4_unicode_ci DEFAULT NULL,
  `Observaciones` text CHARACTER SET utf8mb4 COLLATE utf8mb4_unicode_ci,
  `Pago_Comprobante` varchar(50) CHARACTER SET utf8mb4 COLLATE utf8mb4_unicode_ci NOT NULL,
  PRIMARY KEY (`Id_Pago`),
  KEY `Id_Transfer` (`Id_Transfer`)
) ENGINE=InnoDB DEFAULT CHARSET=utf8mb4 COLLATE=utf8mb4_unicode_ci;

-- --------------------------------------------------------

--
-- Table structure for table `pasajeros`
--

DROP TABLE IF EXISTS `pasajeros`;
CREATE TABLE IF NOT EXISTS `pasajeros` (
  `Id_Pasajero` bigint UNSIGNED NOT NULL AUTO_INCREMENT,
  `Id_Reserva` varchar(20) CHARACTER SET utf8mb4 COLLATE utf8mb4_unicode_ci NOT NULL,
  `Nombre_Pasajero` varchar(255) CHARACTER SET utf8mb4 COLLATE utf8mb4_unicode_ci NOT NULL,
  `DNI` varchar(50) CHARACTER SET utf8mb4 COLLATE utf8mb4_unicode_ci DEFAULT NULL,
  `Telefono_Pasajero` varchar(50) CHARACTER SET utf8mb4 COLLATE utf8mb4_unicode_ci DEFAULT NULL,
  `Tipo_Pasajero` enum('ADULTO','NINO','INFANTE') CHARACTER SET utf8mb4 COLLATE utf8mb4_unicode_ci DEFAULT 'ADULTO',
  `Precio_Tour` decimal(10,0) NOT NULL DEFAULT '0',
  `Precio_Pasajero` decimal(10,0) NOT NULL DEFAULT '0',
  `Comision` decimal(10,0) NOT NULL DEFAULT '0',
  `Id_Punto` bigint UNSIGNED DEFAULT NULL,
  `Confirmacion` tinyint(1) DEFAULT '0',
  PRIMARY KEY (`Id_Pasajero`),
  KEY `Id_Reserva` (`Id_Reserva`),
  KEY `Id_Punto` (`Id_Punto`)
) ENGINE=InnoDB AUTO_INCREMENT=899 DEFAULT CHARSET=utf8mb4 COLLATE=utf8mb4_unicode_ci;

--
-- Dumping data for table `pasajeros`
--

INSERT INTO `pasajeros` (`Id_Pasajero`, `Id_Reserva`, `Nombre_Pasajero`, `DNI`, `Telefono_Pasajero`, `Tipo_Pasajero`, `Precio_Tour`, `Precio_Pasajero`, `Comision`, `Id_Punto`, `Confirmacion`) VALUES
(4, 'TG54289', '', NULL, NULL, 'ADULTO', 109000, 109000, 0, 8, 0),
(5, 'TG54289', '', NULL, NULL, 'NINO', 99000, 99000, 0, 8, 0),
(6, 'TG54289', '', NULL, NULL, 'INFANTE', 10000, 10000, 0, 8, 0),
(761, 'TG16121', '2', '456', NULL, 'NINO', 99000, 99000, 23000, 8, 0),
(762, 'TG16121', '3', '789', NULL, 'INFANTE', 10000, 10000, 0, 8, 0),
(763, 'TG16121', '', NULL, NULL, 'ADULTO', 109000, 109000, 23000, 8, 0),
(764, 'TG16121', '', NULL, NULL, 'ADULTO', 109000, 109000, 23000, 8, 0),
(765, 'TG16121', '', NULL, NULL, 'ADULTO', 109000, 109000, 23000, 8, 0),
(766, 'TG16121', '', NULL, NULL, 'ADULTO', 109000, 109000, 23000, 8, 0),
(767, 'TG16121', '', NULL, NULL, 'ADULTO', 109000, 109000, 23000, 8, 0),
(768, 'TG16121', '', NULL, NULL, 'ADULTO', 109000, 109000, 23000, 8, 0),
(769, 'TG16121', '', NULL, NULL, 'ADULTO', 109000, 109000, 23000, 8, 0),
(770, 'TG16121', '', NULL, NULL, 'ADULTO', 109000, 109000, 23000, 8, 0),
(771, 'TG16121', '', NULL, NULL, 'ADULTO', 109000, 109000, 23000, 8, 0),
(772, 'TG16121', '', NULL, NULL, 'ADULTO', 109000, 109000, 23000, 8, 0),
(773, 'RSV1001', 'Pedro Alvarez', '10000001', '3201111111', 'ADULTO', 229000, 229000, 0, 1, 1),
(774, 'RSV1001', 'Lucia Alvarez', '10000002', '3201111112', 'NINO', 99000, 99000, 0, 1, 1),
(778, 'RSV1003', 'Miguel Torres', '10000006', '3203333331', 'ADULTO', 229000, 229000, 0, 3, 1),
(779, 'RSV1004', 'Ana Ruiz', '10000007', '3204444441', 'ADULTO', 229000, 229000, 0, 4, 1),
(780, 'RSV1004', 'Luis Ruiz', '10000008', '3204444442', 'NINO', 99000, 99000, 0, 4, 1),
(781, 'RSV1004', 'Valeria Ruiz', '10000009', '3204444443', 'NINO', 99000, 99000, 0, 4, 1),
(782, 'RSV1005', 'Camila Gomez', '10000010', '3205555551', 'ADULTO', 229000, 229000, 0, 5, 1),
(783, 'RSV1006', 'Esteban Lopez', '10000011', '3206666661', 'ADULTO', 229000, 229000, 0, 6, 1),
(784, 'RSV1007', 'Juliana Restrepo', '10000012', '3207777771', 'ADULTO', 229000, 229000, 0, 7, 1),
(785, 'RSV1008', 'Sebastian Cardona', '10000013', '3208888881', 'ADULTO', 229000, 229000, 0, 8, 1),
(786, 'RSV1008', 'Paula Cardona', '10000014', '3208888882', 'NINO', 99000, 99000, 0, 8, 1),
(787, 'RSV1009', 'Ricardo Giraldo', '10000015', '3209999991', 'ADULTO', 229000, 229000, 0, 9, 1),
(788, 'RSV1010', 'Natalia Zapata', '10000016', '3210000001', 'ADULTO', 229000, 229000, 0, 10, 1),
(789, 'RSV1011', 'Andres Castao', '10000017', '3211111111', 'ADULTO', 229000, 229000, 0, 1, 1),
(790, 'RSV1012', 'Camila Salazar', '10000018', '3212222221', 'ADULTO', 229000, 229000, 0, 2, 1),
(791, 'RSV1012', 'Felipe Salazar', '10000019', '3212222222', 'NINO', 99000, 99000, 0, 2, 1),
(792, 'RSV1013', 'Felipe Restrepo', '10000020', '3213333331', 'ADULTO', 229000, 229000, 0, 3, 1),
(793, 'RSV1014', 'Daniela Mejia', '10000021', '3214444441', 'ADULTO', 229000, 229000, 0, 4, 1),
(794, 'RSV1015', 'Esteban Villa', '10000022', '3215555551', 'ADULTO', 229000, 229000, 0, 5, 1),
(795, 'RSV1016', 'Juliana Hoyos', '10000023', '3216666661', 'ADULTO', 229000, 229000, 0, 6, 1),
(796, 'RSV1017', 'Sebastian Cano', '10000024', '3217777771', 'ADULTO', 229000, 229000, 0, 7, 1),
(797, 'RSV1018', 'Paula Cardona', '10000025', '3218888881', 'ADULTO', 229000, 229000, 0, 8, 1),
(798, 'RSV1019', 'Ricardo Giraldo', '10000026', '3219999991', 'ADULTO', 229000, 229000, 0, 9, 1),
(799, 'RSV1020', 'Natalia Zapata', '10000027', '3220000001', 'ADULTO', 229000, 229000, 0, 10, 1),
(800, 'RSV1002', 'Juanita Perez', '10000003', '3202222221', 'ADULTO', 0, 229000, 23000, 2, 1),
(801, 'RSV1002', 'Carlos Perez', '10000004', '3202222222', 'NINO', 0, 99000, 23000, 2, 1),
(802, 'RSV1002', 'Sofia Perez', '10000005', '3202222223', 'ADULTO', 0, 229000, 23000, 2, 1),
(803, 'TG87479', '', NULL, NULL, 'ADULTO', 109000, 109000, 23000, 121, 0),
(804, 'TG87479', '', NULL, NULL, 'NINO', 99000, 99000, 23000, 121, 0),
(805, 'TG87479', '', NULL, NULL, 'NINO', 99000, 99000, 23000, 121, 0),
(806, 'TG87479', '', NULL, NULL, 'ADULTO', 109000, 109000, 23000, 121, 0),
(807, 'TG87479', '', NULL, NULL, 'INFANTE', 10000, 10000, 0, 121, 0),
(808, 'TG87479', '', NULL, NULL, 'ADULTO', 109000, 109000, 23000, 121, 0),
(809, 'TRC63407', '', NULL, NULL, 'ADULTO', 109000, 109000, 23000, 121, 0),
(810, 'TRC63407', '', NULL, NULL, 'NINO', 99000, 99000, 23000, 121, 0),
(811, 'TRC63407', '', NULL, NULL, 'NINO', 99000, 99000, 23000, 121, 0),
(812, 'TRC63407', '', NULL, NULL, 'ADULTO', 109000, 109000, 23000, 121, 0),
(813, 'TRC63407', '', NULL, NULL, 'INFANTE', 10000, 10000, 0, 121, 0),
(814, 'TRC63407', '', NULL, NULL, 'ADULTO', 109000, 109000, 23000, 121, 0),
(815, 'TRC80570', '', NULL, NULL, 'ADULTO', 109000, 109000, 23000, 121, 0),
(816, 'TRC80570', '', NULL, NULL, 'NINO', 99000, 99000, 23000, 121, 0),
(817, 'TRC80570', '', NULL, NULL, 'NINO', 99000, 99000, 23000, 121, 0),
(818, 'TRC80570', '', NULL, NULL, 'ADULTO', 109000, 109000, 23000, 121, 0),
(819, 'TRC80570', '', NULL, NULL, 'INFANTE', 10000, 10000, 0, 121, 0),
(820, 'TRC80570', '', NULL, NULL, 'ADULTO', 109000, 109000, 23000, 121, 0),
(821, 'TRC46725', '', NULL, NULL, 'ADULTO', 109000, 109000, 23000, 121, 0),
(822, 'TRC46725', '', NULL, NULL, 'NINO', 99000, 99000, 23000, 121, 0),
(823, 'TRC46725', '', NULL, NULL, 'NINO', 99000, 99000, 23000, 121, 0),
(824, 'TRC46725', '', NULL, NULL, 'ADULTO', 109000, 109000, 23000, 121, 0),
(825, 'TRC46725', '', NULL, NULL, 'INFANTE', 10000, 10000, 0, 121, 0),
(826, 'TRC46725', '', NULL, NULL, 'ADULTO', 109000, 109000, 23000, 121, 0),
(827, 'TRC35269', '', NULL, NULL, 'ADULTO', 229000, 109000, 24000, 121, 0),
(828, 'TRC35269', '', NULL, NULL, 'NINO', 229000, 99000, 24000, 121, 0),
(829, 'TRC35269', '', NULL, NULL, 'NINO', 229000, 99000, 24000, 121, 0),
(830, 'TRC35269', '', NULL, NULL, 'ADULTO', 229000, 109000, 24000, 121, 0),
(831, 'TRC35269', '', NULL, NULL, 'ADULTO', 229000, 109000, 24000, 121, 0),
(832, 'TRC23330', '', NULL, NULL, 'ADULTO', 229000, 109000, 24000, 121, 0),
(833, 'TRC23330', '', NULL, NULL, 'NINO', 229000, 99000, 24000, 121, 0),
(834, 'TRC23330', '', NULL, NULL, 'NINO', 229000, 99000, 24000, 121, 0),
(835, 'TRC23330', '', NULL, NULL, 'ADULTO', 229000, 109000, 24000, 121, 0),
(836, 'TRC23330', '', NULL, NULL, 'ADULTO', 229000, 109000, 24000, 121, 0),
(837, 'THN19735', '', NULL, NULL, 'ADULTO', 109000, 109000, 23000, 121, 0),
(838, 'THN19735', '', NULL, NULL, 'ADULTO', 99000, 99000, 23000, 121, 0),
(839, 'THN19735', '', NULL, NULL, 'ADULTO', 99000, 99000, 23000, 121, 0),
(840, 'THN19735', '', NULL, NULL, 'ADULTO', 109000, 109000, 23000, 121, 0),
(841, 'THN19735', '', NULL, NULL, 'NINO', 10000, 10000, 0, 121, 0),
(842, 'THN19735', '', NULL, NULL, 'ADULTO', 109000, 109000, 23000, 121, 0),
(843, 'TRC19954', '', NULL, NULL, 'ADULTO', 109000, 109000, 23000, 121, 0),
(844, 'TRC19954', '', NULL, NULL, 'NINO', 99000, 99000, 23000, 121, 0),
(845, 'TRC19954', '', NULL, NULL, 'NINO', 99000, 99000, 23000, 121, 0),
(846, 'TRC19954', '', NULL, NULL, 'ADULTO', 109000, 109000, 23000, 121, 0),
(847, 'TRC19954', '', NULL, NULL, 'ADULTO', 109000, 109000, 23000, 121, 0),
(848, 'TRC49243', '', NULL, NULL, 'ADULTO', 109000, 109000, 23000, 121, 0),
(849, 'TRC49243', '', NULL, NULL, 'NINO', 99000, 99000, 23000, 121, 0),
(850, 'TRC49243', '', NULL, NULL, 'NINO', 99000, 99000, 23000, 121, 0),
(851, 'TRC49243', '', NULL, NULL, 'ADULTO', 109000, 109000, 23000, 121, 0),
(852, 'TRC49243', '', NULL, NULL, 'ADULTO', 109000, 109000, 23000, 121, 0),
(853, 'THN79604', '', NULL, NULL, 'ADULTO', 109000, 109000, 23000, 121, 0),
(854, 'THN79604', '', NULL, NULL, 'ADULTO', 99000, 99000, 23000, 121, 0),
(855, 'THN79604', '', NULL, NULL, 'ADULTO', 99000, 99000, 23000, 121, 0),
(856, 'THN79604', '', NULL, NULL, 'ADULTO', 109000, 109000, 23000, 121, 0),
(857, 'THN79604', '', NULL, NULL, 'NINO', 10000, 10000, 0, 121, 0),
(858, 'THN79604', '', NULL, NULL, 'ADULTO', 109000, 109000, 23000, 121, 0),
(859, 'TSA31308', '', NULL, NULL, 'ADULTO', 109000, 109000, 23000, 121, 0),
(860, 'TSA31308', '', NULL, NULL, 'NINO', 99000, 99000, 23000, 121, 0),
(861, 'TSA31308', '', NULL, NULL, 'NINO', 99000, 99000, 23000, 121, 0),
(862, 'TSA31308', '', NULL, NULL, 'ADULTO', 109000, 109000, 23000, 121, 0),
(863, 'TSA31308', '', NULL, NULL, 'INFANTE', 10000, 10000, 0, 121, 0),
(864, 'TSA31308', '', NULL, NULL, 'ADULTO', 109000, 109000, 23000, 121, 0),
(865, 'THN46505', '', NULL, NULL, 'ADULTO', 109000, 109000, 23000, 121, 0),
(866, 'THN46505', '', NULL, NULL, 'ADULTO', 99000, 99000, 23000, 121, 0),
(867, 'THN46505', '', NULL, NULL, 'ADULTO', 99000, 99000, 23000, 121, 0),
(868, 'THN46505', '', NULL, NULL, 'ADULTO', 109000, 109000, 23000, 121, 0),
(869, 'THN46505', '', NULL, NULL, 'NINO', 10000, 10000, 0, 121, 0),
(870, 'THN46505', '', NULL, NULL, 'ADULTO', 109000, 109000, 23000, 121, 0),
(871, 'CTG64816', '', NULL, NULL, 'ADULTO', 109000, 109000, 24000, 121, 0),
(872, 'CTG64816', '', NULL, NULL, 'ADULTO', 99000, 99000, 24000, 121, 0),
(873, 'CTG64816', '', NULL, NULL, 'ADULTO', 99000, 99000, 24000, 121, 0),
(874, 'CTG64816', '', NULL, NULL, 'ADULTO', 109000, 109000, 24000, 121, 0),
(875, 'CTG64816', '', NULL, NULL, 'ADULTO', 10000, 10000, 24000, 121, 0),
(876, 'CTG64816', '', NULL, NULL, 'ADULTO', 109000, 109000, 24000, 121, 0),
(877, 'TS38497', '', NULL, NULL, 'ADULTO', 109000, 109000, 15000, 121, 0),
(878, 'TS38497', '', NULL, NULL, 'ADULTO', 99000, 99000, 15000, 121, 0),
(879, 'TS38497', '', NULL, NULL, 'ADULTO', 99000, 99000, 15000, 121, 0),
(880, 'TS38497', '', NULL, NULL, 'ADULTO', 109000, 109000, 15000, 121, 0),
(881, 'TS38497', '', NULL, NULL, 'ADULTO', 10000, 10000, 15000, 121, 0),
(882, 'TS38497', '', NULL, NULL, 'ADULTO', 109000, 109000, 15000, 121, 0),
(883, 'TDL74991', '', NULL, NULL, 'ADULTO', 109000, 109000, 12000, 121, 0),
(884, 'TDL74991', '', NULL, NULL, 'ADULTO', 99000, 99000, 12000, 121, 0),
(885, 'TDL74991', '', NULL, NULL, 'ADULTO', 99000, 99000, 12000, 121, 0),
(886, 'TDL74991', '', NULL, NULL, 'ADULTO', 109000, 109000, 12000, 121, 0),
(887, 'TDL74991', '', NULL, NULL, 'ADULTO', 10000, 10000, 12000, 121, 0),
(888, 'TDL74991', '', NULL, NULL, 'ADULTO', 109000, 109000, 12000, 121, 0),
(889, 'THN42155', '', NULL, NULL, 'ADULTO', 229000, 109000, 24000, 121, 0),
(890, 'THN42155', '', NULL, NULL, 'ADULTO', 229000, 99000, 24000, 121, 0),
(891, 'THN42155', '', NULL, NULL, 'ADULTO', 229000, 99000, 24000, 121, 0),
(892, 'THN42155', '', NULL, NULL, 'ADULTO', 229000, 109000, 24000, 121, 0),
(893, 'THN42155', '', NULL, NULL, 'ADULTO', 229000, 109000, 24000, 121, 0),
(894, 'CTG96919', '', NULL, NULL, 'ADULTO', 229000, 109000, 24000, 121, 0),
(895, 'CTG96919', '', NULL, NULL, 'ADULTO', 229000, 99000, 24000, 121, 0),
(896, 'CTG96919', '', NULL, NULL, 'ADULTO', 229000, 99000, 24000, 121, 0),
(897, 'CTG96919', '', NULL, NULL, 'ADULTO', 229000, 109000, 24000, 121, 0),
(898, 'CTG96919', '', NULL, NULL, 'ADULTO', 229000, 109000, 24000, 121, 0);

-- --------------------------------------------------------

--
-- Table structure for table `permisos`
--

DROP TABLE IF EXISTS `permisos`;
CREATE TABLE IF NOT EXISTS `permisos` (
  `Id_Permiso` bigint UNSIGNED NOT NULL AUTO_INCREMENT,
  `Id_Modulo` bigint UNSIGNED NOT NULL,
  `Accion` varchar(50) CHARACTER SET utf8mb4 COLLATE utf8mb4_unicode_ci NOT NULL,
  `Codigo_Permiso` varchar(100) CHARACTER SET utf8mb4 COLLATE utf8mb4_unicode_ci NOT NULL,
  `Descripcion` varchar(255) CHARACTER SET utf8mb4 COLLATE utf8mb4_unicode_ci DEFAULT NULL,
  PRIMARY KEY (`Id_Permiso`),
  UNIQUE KEY `ux_permisos_codigo` (`Codigo_Permiso`),
  KEY `idx_permisos_modulo` (`Id_Modulo`)
) ENGINE=InnoDB AUTO_INCREMENT=41 DEFAULT CHARSET=utf8mb4 COLLATE=utf8mb4_unicode_ci;

--
-- Dumping data for table `permisos`
--

INSERT INTO `permisos` (`Id_Permiso`, `Id_Modulo`, `Accion`, `Codigo_Permiso`, `Descripcion`) VALUES
(1, 1, 'LEER', 'INICIO.LEER', 'Acceder a Inicio'),
(2, 1, 'ACTUALIZAR_AFORO', 'INICIO.ACTUALIZAR_AFORO', 'Actualizar aforos'),
(3, 2, 'LEER', 'HISTORIAL.LEER', 'Ver historial'),
(4, 3, 'LEER', 'INFORMES.LEER', 'Ver informes'),
(5, 4, 'LEER', 'RESERVAS.LEER', 'Ver reservas'),
(6, 4, 'CREAR', 'RESERVAS.CREAR', 'Crear reservas'),
(7, 4, 'ACTUALIZAR', 'RESERVAS.ACTUALIZAR', 'Actualizar reservas'),
(8, 4, 'ELIMINAR', 'RESERVAS.ELIMINAR', 'Eliminar reservas'),
(9, 5, 'LEER', 'TRANSFERS.LEER', 'Ver transfers'),
(10, 5, 'CREAR', 'TRANSFERS.CREAR', 'Crear transfers'),
(11, 5, 'ACTUALIZAR', 'TRANSFERS.ACTUALIZAR', 'Actualizar transfers'),
(12, 5, 'ELIMINAR', 'TRANSFERS.ELIMINAR', 'Eliminar transfers'),
(13, 6, 'LEER', 'TOURS.LEER', 'Ver tours'),
(14, 6, 'CREAR', 'TOURS.CREAR', 'Crear tours'),
(15, 6, 'ACTUALIZAR', 'TOURS.ACTUALIZAR', 'Actualizar tours'),
(16, 6, 'ELIMINAR', 'TOURS.ELIMINAR', 'Eliminar tours'),
(17, 7, 'LEER', 'PUNTOS.LEER', 'Ver puntos'),
(18, 7, 'CREAR', 'PUNTOS.CREAR', 'Crear puntos'),
(19, 7, 'ACTUALIZAR', 'PUNTOS.ACTUALIZAR', 'Actualizar puntos'),
(20, 7, 'ELIMINAR', 'PUNTOS.ELIMINAR', 'Eliminar puntos'),
(21, 8, 'LEER', 'PROGRAMACION.LEER', 'Ver listados/programacin'),
(22, 8, 'CREAR', 'PROGRAMACION.CREAR', 'Crear listados/programacin'),
(23, 8, 'ACTUALIZAR', 'PROGRAMACION.ACTUALIZAR', 'Actualizar listados/programacin'),
(24, 8, 'ELIMINAR', 'PROGRAMACION.ELIMINAR', 'Eliminar listados/programacin'),
(25, 9, 'LEER', 'USUARIOS.LEER', 'Ver usuarios'),
(26, 9, 'CREAR', 'USUARIOS.CREAR', 'Crear usuarios'),
(27, 9, 'ACTUALIZAR', 'USUARIOS.ACTUALIZAR', 'Actualizar usuarios'),
(28, 9, 'ELIMINAR', 'USUARIOS.ELIMINAR', 'Eliminar usuarios'),
(29, 10, 'LEER', 'COMISIONES.LEER', 'Ver comisiones'),
(30, 10, 'CREAR', 'COMISIONES.CREAR', 'Crear comisiones'),
(31, 10, 'ACTUALIZAR', 'COMISIONES.ACTUALIZAR', 'Actualizar comisiones'),
(32, 10, 'ELIMINAR', 'COMISIONES.ELIMINAR', 'Eliminar comisiones'),
(33, 11, 'LEER', 'SEGUROS.LEER', 'Ver seguros'),
(34, 11, 'CREAR', 'SEGUROS.CREAR', 'Crear seguros'),
(35, 11, 'ACTUALIZAR', 'SEGUROS.ACTUALIZAR', 'Actualizar seguros'),
(36, 11, 'ELIMINAR', 'SEGUROS.ELIMINAR', 'Eliminar seguros'),
(37, 12, 'LEER', 'PAGOS.LEER', 'Ver pagos'),
(38, 12, 'CREAR', 'PAGOS.CREAR', 'Registrar pagos'),
(39, 12, 'ACTUALIZAR', 'PAGOS.ACTUALIZAR', 'Actualizar pagos'),
(40, 12, 'ELIMINAR', 'PAGOS.ELIMINAR', 'Eliminar pagos');

-- --------------------------------------------------------

--
-- Table structure for table `planes_tours`
--

DROP TABLE IF EXISTS `planes_tours`;
CREATE TABLE IF NOT EXISTS `planes_tours` (
  `Id_Plan` bigint UNSIGNED NOT NULL AUTO_INCREMENT,
  `Id_Tour` bigint UNSIGNED NOT NULL,
  `Nombre_Plan` varchar(255) CHARACTER SET utf8mb4 COLLATE utf8mb4_unicode_ci DEFAULT NULL,
  PRIMARY KEY (`Id_Plan`),
  KEY `Id_Tour` (`Id_Tour`)
) ENGINE=InnoDB AUTO_INCREMENT=14 DEFAULT CHARSET=utf8mb4 COLLATE=utf8mb4_unicode_ci;

--
-- Dumping data for table `planes_tours`
--

INSERT INTO `planes_tours` (`Id_Plan`, `Id_Tour`, `Nombre_Plan`) VALUES
(1, 1, 'Plan bsico'),
(3, 3, 'Plan bsico'),
(4, 4, 'Plan bsico'),
(5, 5, 'Plan bsico'),
(6, 6, 'Plan bsico'),
(7, 7, 'Plan bsico'),
(8, 8, 'Plan bsico'),
(9, 9, 'Plan bsico'),
(10, 10, 'Plan bsico'),
(12, 19, 'Plan bsico'),
(13, 2, 'Plan bsico');

-- --------------------------------------------------------

--
-- Table structure for table `puntos`
--

DROP TABLE IF EXISTS `puntos`;
CREATE TABLE IF NOT EXISTS `puntos` (
  `Id_Punto` bigint UNSIGNED NOT NULL AUTO_INCREMENT,
  `Nombre_Punto` varchar(255) CHARACTER SET utf8mb4 COLLATE utf8mb4_unicode_ci NOT NULL,
  `Sector` varchar(100) CHARACTER SET utf8mb4 COLLATE utf8mb4_unicode_ci DEFAULT NULL,
  `Direccion` varchar(255) CHARACTER SET utf8mb4 COLLATE utf8mb4_unicode_ci DEFAULT NULL,
  `Latitud` decimal(10,7) DEFAULT NULL,
  `Longitud` decimal(10,7) DEFAULT NULL,
  PRIMARY KEY (`Id_Punto`)
) ENGINE=InnoDB AUTO_INCREMENT=632 DEFAULT CHARSET=utf8mb4 COLLATE=utf8mb4_unicode_ci;

--
-- Dumping data for table `puntos`
--

INSERT INTO `puntos` (`Id_Punto`, `Nombre_Punto`, `Sector`, `Direccion`, `Latitud`, `Longitud`) VALUES
(1, 'SIXTINA PLAZA', 'ITAGUI', 'Cra. 50A #83-29', 6.1896737, -75.5917951),
(2, 'PORTAL DE CASA VERDE', 'ITAGUI', 'Cra. 50A #23 Int 201', 6.1597188, -75.6233133),
(3, 'PORTAL CENTRAL', 'ITAGUI', 'Cl. 85 #52-25', 6.1917643, -75.5926389),
(4, 'MEDELLIN CENTRAL', 'ITAGUI', 'Cra. 45 #48-', 6.2464138, -75.5653755),
(5, 'IBIS ITAGUI', 'ITAGUI', 'Cl. 50 #40 17', 6.1646639, -75.6062845),
(6, 'ESTACION POBLADO', 'POBLADO', 'None', 6.2129433, -75.5771600),
(7, 'CIELO AZUL', 'ITAGUI', 'Cl. 85 #50 a41', 6.1907882, -75.5915537),
(8, 'INTERNATIONAL HOSTEL', 'POBLADO', 'Cl. 14 #43f-49', 6.2150312, -75.5733688),
(9, 'EL VIAJERO', 'POBLADO', 'Cl 11A #43D -11', 6.2130947, -75.5720846),
(10, 'CO LINK HOUSE', 'POBLADO', 'Cl 11A #43d-54', 6.2133672, -75.5721563),
(11, 'CHARLIE PALACE HOSTEL', 'POBLADO', 'Cl 11A #43F-24', 6.2138317, -75.5737007),
(12, 'CASA NOSTRA', 'POBLADO', 'Cra. 35 #8a-17', 6.2077426, -75.5660620),
(13, 'CASA ESTACION', 'POBLADO', 'Cl. 12 #43d-37', 6.2137426, -75.5718967),
(14, 'CASA 10', 'POBLADO', 'Cl. 11 #43b-71', 6.2125043, -75.5716143),
(15, 'BOTANICA MANILA BY HOUSY HOST', 'POBLADO', 'Cra. 43B #12-101', 6.2143919, -75.5707904),
(16, 'BLINK', 'POBLADO', 'Cl. 12 #43b-68', 6.2138003, -75.5711160),
(17, 'BE OKAY HOSTEL', 'POBLADO', 'Cra. 43E #12-11', 6.2142011, -75.5726864),
(18, 'BANDIDO Hstl & Drinks', 'POBLADO', 'Calle 11a # 43d-46', 6.2133074, -75.5720860),
(19, 'AIR GUEST HOUSE', 'POBLADO', 'Cra 43D #12-22', 6.2138292, -75.5713768),
(20, 'ELEMONT', 'POBLADO', 'Cl. 13 #43 d 43', 6.2141722, -75.5717886),
(21, 'LOS PATIOS HOSTEL BOUTIQUE', 'POBLADO', 'Cra. 43E #11 - 40', 6.2133359, -75.5729395),
(22, 'LEKKERS', 'POBLADO', 'Cl 11A #43e-38', 6.2138512, -75.5731057),
(23, 'LOS PATIOS SUITE HOSTEL', 'POBLADO', 'Cl 11A #43e 50', 6.2137813, -75.5733056),
(24, 'POBLADO LUXURY SUITES', 'POBLADO', 'Cra. 43F #11a19', 6.2140260, -75.5733020),
(25, 'WELLCOMM SPA', 'POBLADO', 'Cra. 43E #11-37', 6.2133000, -75.5730746),
(26, 'LA FAMILIA HOSTEL - MANILA', 'POBLADO', 'Cl 11A #43d-86', 6.2135022, -75.5723813),
(27, 'CASA PRIMAVERA HOSTAL', 'POBLADO', 'Cl. 12 #43b - 65', 6.2136016, -75.5713173),
(28, 'HOSPEDAJE MEDELLIN', 'POBLADO', 'Tv. 32B #74b-24', 6.2355460, -75.5941304),
(29, 'ZAGUAN DE MANILA', 'POBLADO', 'Cl. 13 #43d-79', 6.2144580, -75.5720340),
(30, 'ZAMA ROOM HOTEL', 'POBLADO', 'Cl. 13 #43d-29', 6.2143645, -75.5717354),
(31, 'CASA CLANDESTINA', 'POBLADO', 'Cl. 13 #43D-40', 6.2146012, -75.5717609),
(32, 'MANILA HOUSE | CALLE 14 #43B-151', 'POBLADO', 'Cl. 14 # 43B-151', 6.2148213, -75.5721046),
(33, 'HOTEL BOUTIQUE MOHK', 'POBLADO', 'CRR 43 B # 11-18 ', 6.2121281, -75.5706549),
(34, 'LA CASA DE NELLY MEDELLIN', 'POBLADO', 'Cra 43C #10 23', 6.2116950, -75.5719430),
(35, 'UTOPIS | CARRERA 43E #11-46', 'POBLADO', 'CARRERA 43E #11-46', 6.2131228, -75.5729297),
(36, 'I BELIVE ALL SUITE', 'POBLADO', 'None', 6.2139135, -75.5722661),
(37, 'MASCOMUNAL HOSTEL', 'POBLADO', 'Cra. 43E #11-47', 6.2134506, -75.5731469),
(38, 'VIDA HOSTEL | CALLE 11A #43B-96', 'POBLADO', 'Cl 11A #43B-96', 6.2130363, -75.5714192),
(39, 'HOTEL HEISS | CARRERA 43F # 14-60', 'POBLADO', 'Cra. 43F # 14-60', 6.2156803, -75.5725814),
(40, 'BOTANICA CASA HOTEL CALLE 10', 'POBLADO', 'Cra 43C #10 39', 6.2118908, -75.5719218),
(41, 'VIDA HOSTEL | CALLE 11A #43B-96', 'POBLADO', 'Cl 11A #43B-96', 6.2118162, -75.5719540),
(42, 'INTERNATIONAL HOTEL MEDELLIN / BALCON PAISA SAS', 'POBLADO', 'Cl. 14 #43f-49', 6.2152193, -75.5733218),
(43, 'SOLEI LOFT', 'POBLADO', 'Cl. 12 #43e-45', 6.2142365, -75.5731495),
(44, 'MOABI HOTEL', 'POBLADO', 'Cra. 43B #12 -147', 6.2147967, -75.5708373),
(45, 'STRATASIX HOTEL BOUTIQUE', 'POBLADO', 'Cl. 13 #43D-58', 6.2144443, -75.5718894),
(46, 'CALLE 14 #43F-39', 'POBLADO', 'Cl. 14 # 43F-39', 6.2151068, -75.5733006),
(47, 'CARRERA 43E #11-46', 'POBLADO', 'Cra. 43E # 11-46', 6.2131206, -75.5729317),
(48, 'BALCON PAISA SAS', 'POBLADO', 'Cl. 14 #43f-49', 6.2152193, -75.5733218),
(49, 'VITA HOTEL BOUTIQUE', 'POBLADO', 'Cra 43D #13-26', 6.2145591, -75.5712346),
(50, 'THE SUGAR CANE', 'POBLADO', 'Cl. 12 #43e 17', 6.2139382, -75.5729606),
(51, 'THE SOMOS BOLD', 'LAURELES', 'Cl. 14 #43b - 57', 6.2148066, -75.5715119),
(52, 'ROYAL LIVING', 'POBLADO', 'Cra. 43B #12 - 21', 6.2137277, -75.5706358),
(53, 'PURPLE MONKEY', 'POBLADO', 'Cl. 12 #43D-94', 6.2139629, -75.5723010),
(54, 'LIVING POBLADO', 'POBLADO', 'Cra. 48 #11B SUR - 24', 6.1954546, -75.5788819),
(55, 'POBLADO GUEST HOUSE', 'POBLADO', 'Calle 11a #43f16', 6.2138684, -75.5736659),
(56, 'PARCEROS MED HOSTEL', 'POBLADO', 'Cra. 43B #1498', 6.2157864, -75.5707535),
(57, 'NOMADA ORIGEN', 'POBLADO', 'Cl 11A #43D-117', 6.2134716, -75.5727953),
(58, 'NODO HOSTEL', 'POBLADO', 'Cra. 43E # 11 -28', 6.2131535, -75.5728816),
(59, 'NOAH HOSTEL', 'POBLADO', 'Cra. 43E #12-11', 6.2143984, -75.5727294),
(60, 'MEDALLO CITY', 'POBLADO', 'None', 6.2136173, -75.5737408),
(61, 'MANILA HOTEL BOUTIQUE', 'POBLADO', 'Cra 43D #11a-10 C4', 6.2132633, -75.5716645),
(62, 'MALAIKA MANILA', 'POBLADO', 'Cl. 12 #43f-17', 6.2143064, -75.5735095),
(63, 'Hostal Machu Picchu Medelln', 'POBLADO', 'Cl 11A #43e-25', 6.2136359, -75.5732561),
(64, 'LUUM GUEST HOUSE', 'POBLADO', 'Cl. 13 #43d-33', 6.2144079, -75.5717795),
(65, 'LANDMARK', 'POBLADO', 'Cl. 14 #43D 85', 6.2149924, -75.5720252),
(66, 'LA MARTINA BOUTIQUE HOTEL', 'POBLADO', 'Cl. 13 #43d-30', 6.2145045, -75.5716929),
(67, 'TOC TOC', 'POBLADO', 'Cl 10 #43C-33', 6.2086756, -75.5648006),
(68, 'STAY LA 10', 'POBLADO', 'Cl 10 # 43 C-33', 6.2113491, -75.5723400),
(69, 'REFUGIO DEL JAGUAR', 'POBLADO', 'Cra. 43B #10 - 41', 6.2114134, -75.5711167),
(70, 'RECUERDOS DE MI TIERRA', 'POBLADO', 'Cra. 43A #10-73', 6.2116974, -75.5709405),
(71, 'Poblado Park Guest House', 'POBLADO', 'Cl. 8 # 43A 59', 6.2094105, -75.5716711),
(72, 'PANELA HOSTEL', 'POBLADO', 'Cl. 9 #43b68', 6.2106435, -75.5720151),
(73, 'ORANGE SUITE', 'POBLADO', 'Cl. 8 #43c-37', 6.2099827, -75.5728926),
(74, 'MASAYA', 'POBLADO', 'Cl. 8 # 43A-89', 6.2095575, -75.5721189),
(75, 'LOYDS', 'POBLADO', 'Cl. 7D #43A - 130', 6.2089756, -75.5725993),
(76, 'EL CIELO', 'POBLADO', 'Cl. 7D #43c36', 6.2092898, -75.5731315),
(77, 'CONEJOS Y CONEJAS', 'POBLADO', 'Cl 10 #43c89 43c89', 6.2116371, -75.5727640),
(78, '79 HOTEL poblado', 'POBLADO', 'Cra. 43B #10-79', 6.2117942, -75.5709096),
(79, 'MAIDY LUXURY', 'POBLADO', 'Cl 10 #43F-36', 6.2128909, -75.5746018),
(80, 'ZELVA NEGRA', 'POBLADO', 'Cra. 43B #10-38', 6.2114249, -75.5708532),
(81, 'LUUM HOTEL BOUTIQUE', 'POBLADO', 'Cra 43C #7 d - 25', 6.2093384, -75.5727991),
(82, 'NIDO SKY', 'POBLADO', 'Cl. 9 #43c - 56', 6.2108707, -75.5729600),
(83, 'JARDINES DE ASTORGA', 'POBLADO', 'Cl. 7D #43C  134', 6.2091843, -75.5727927),
(84, 'GOLDEN VALLEY HOTEL ', 'POBLADO', 'Cl. 9 #43c-36', 6.2108220, -75.5725582),
(85, 'MILA HOSTEL', 'POBLADO', 'cra43c # 10-23', 6.2115672, -75.5721041),
(86, 'Hotel Tik by Bernalo Hotels', 'POBLADO', 'Cra. 43B #9-15', 6.2105021, -75.5714884),
(87, 'PARQUE DEL POBLADO', 'POBLADO', 'Cl 10 # 43a - 11', 6.2106872, -75.5708612),
(88, 'ZONA A', 'LAURELES', 'Cl. 10b #37-69', 6.2108987, -75.5668665),
(89, 'YOLO HOSTEL MEDELLN - PROVENZA', 'LAURELES', 'Cra. 32d #7a-77', 6.2074485, -75.5638584),
(90, 'VIKTORY BOUTIQUE', 'POBLADO', 'Cra. 36 #8A - 81', 6.2085425, -75.5664990),
(91, 'VELER', 'POBLADO', 'Cra. 36 #8A-33', 6.2079081, -75.5666155),
(92, 'URBAN ESTUDIOS', 'POBLADO', 'Cra. 25 #7A-224 ', 6.2066127, -75.5546927),
(93, 'TORRE POBLADO', 'POBLADO', 'Cra. 42 #9-28', 6.2098662, -75.5695793),
(94, 'TOPA HOUSE', 'POBLADO', 'Cra 39, Parque Lleras #8-55', 6.2086233, -75.5683319),
(95, 'TLC INN MY HOME', 'POBLADO', 'Carrera 34 # 7-53', 6.2065677, -75.5649532),
(96, 'TIGER PAW', 'POBLADO', 'Cra. 36 #10-49', 6.2095372, -75.5659704),
(97, 'FRIENDS TO BE', 'POBLADO', 'Cra. 36 #10-43', 6.2093456, -75.5659136),
(98, 'THE SOMOS FLATS PROVENZA', 'LAURELES', 'Cra. 34 #7 903', 6.2071217, -75.5648902),
(99, 'THE SOMOS BEATS', 'POBLADO', 'Cl 10A #40-19', 6.2106811, -75.5679957),
(100, 'THE GARDEN LLERAS 10', 'POBLADO', 'Cl 10 #40-47', 6.2100317, -75.5685183),
(101, 'THE CHARLEE HOTEL', 'POBLADO', 'Cl. 9A #37-16', 6.2091715, -75.5669881),
(102, 'STAY PROVENZA', 'POBLADO', 'Cra. 36 #10-43', 6.2093870, -75.5659108),
(103, 'STANZA', 'POBLADO', 'Cra. 35 #7 38', 6.2067713, -75.5653869),
(104, 'SPRING CITY HOSTEL', 'POBLADO', 'Cra. 34 #11b34', 6.2131579, -75.5639913),
(105, 'SOY LOCAL PROVENZA', 'POBLADO', 'Cra. 34 #8A-24', 6.2083990, -75.5650337),
(106, 'SOY LOCAL PRIMAVERA', 'POBLADO', 'Cl 10A #37-19', 6.2101383, -75.5668307),
(107, 'SELVARIO 36', 'POBLADO', 'Cra. 36 #8A 39', 6.2082095, -75.5665922),
(108, 'SELIS', 'POBLADO', 'Cra. 41 #9-12', 6.2095150, -75.5688849),
(109, 'SANTIAGO DE ARMA', 'RIONEGRO', 'Aeropuerto Jos Mara Cordova - Llanogrande, Rionegro, Antioquia', 6.1773251, -75.4377315),
(110, 'ROSE STREET', 'POBLADO', 'Cra. 37a #8-43', 6.2081029, -75.5677833),
(111, 'QUINTA LADERA', 'POBLADO', 'Cl 5g #32-190', 6.2048835, -75.5640918),
(112, 'PROVENZA LOFTS', 'POBLADO', 'Cra. 36 #10 - 67', 6.2097134, -75.5658074),
(113, 'PRIMAVERA ZERO', 'POBLADO', 'Cra. 34 #7 - 59', 6.2067847, -75.5650305),
(114, 'PREMIUM REAL', 'POBLADO', 'Cra. 32 #N 10 - 121', 6.2098895, -75.5623114),
(115, 'PATIO DEL MUNDO', 'POBLADO', 'Cl 5g #3249', 6.2041041, -75.5633403),
(116, 'PARK 10', 'POBLADO', 'Cra. 36b #11-12', 6.2121372, -75.5653191),
(117, 'PARADISE LLERAS', 'POBLADO', 'Cra. 34 #8A 23', 6.2080424, -75.5652183),
(118, 'ORIGEN HOTEL BOUTIQUE', 'POBLADO', 'Cra. 37a #8A 33', 6.2085452, -75.5674415),
(119, 'NEW MEMPHIS HOSTAL', 'POBLADO', 'Cra. 36 #8A-103', 6.2086199, -75.5663643),
(120, 'MOVICH LAS LOMAS', 'RIONEGRO', 'Glorieta Aeropuerto Jos Mara Crdova, Rionegro, Antioquia', 6.1726933, -75.4353818),
(121, 'MORGANA', 'POBLADO', 'Cra. 31 #16 221', 6.2178721, -75.5614844),
(122, 'MOET', 'POBLADO', 'Cl 10 #35 - 29 ', 6.2089345, -75.5659446),
(123, 'MARQUEE', 'POBLADO', 'Cra. 38 #9A-13', 6.2093659, -75.5676358),
(124, 'MERLOTT LLERAS', 'POBLADO', 'Cra. 37 # 10-38', 6.2097715, -75.5663691),
(125, 'MALAIKA HOSTAL', 'POBLADO', 'Cra. 36 #8a-32', 6.2081391, -75.5663535),
(126, 'MADEIRO', 'POBLADO', 'Cra. 37 #10a-20', 6.2103174, -75.5661174),
(127, 'LQ LA QUINTA', 'POBLADO', 'Cl. 26 #38-2 a 38-62', 6.2249419, -75.5656512),
(128, 'LOUP', 'POBLADO', 'Cl 10 #38-35', 6.2096312, -75.5677149),
(129, 'LOMAS 10', 'POBLADO', 'Cl. 11B #31A - 172', 6.2126075, -75.5634273),
(130, 'LOMA VERDE', 'POBLADO', 'Cl. 11 #30A 117', 6.2114216, -75.5607325),
(131, 'LLERAS SUITE', 'POBLADO', 'Cl. 8 #3743', 6.2074324, -75.5675818),
(132, 'LLERAS PREMIUM', 'POBLADO', 'Cra. 40 #9A - 8', 6.2094795, -75.5679920),
(133, 'LLERAS PARK CONCEPT', 'POBLADO', 'Cra. 38 #8-83', 6.2085417, -75.5678812),
(134, 'LLERAS GREEN', 'POBLADO', 'Cl. 9 #40-30', 6.2093285, -75.5685988),
(135, 'LLERAS EXPRESS', 'POBLADO', 'Cra. 38 #10-33', 6.2100214, -75.5674086),
(136, 'HOSTEL LLERAS CALLE 8', 'POBLADO', 'Cl. 8 #37A - 59', 6.2078526, -75.5682615),
(137, 'LLERAS 10', 'POBLADO', 'Cl 10 #40-61', 6.2099968, -75.5686470),
(138, 'LETTERA', 'POBLADO', 'Cl. 5f #30 73', 6.2027463, -75.5624645),
(139, 'Las Rosas Hotel Boutique', 'POBLADO', 'Cra 33 #nro 5g-73', 6.2055004, -75.5640789),
(140, 'LA FAMILIA HOSTAL', 'POBLADO', 'Cl 11A #43d-86', 6.2135982, -75.5724349),
(141, 'La Campana Hotel Boutique', 'POBLADO', 'None', 6.2118888, -75.5626125),
(142, 'JOE & JOE MEDELLIN ', 'POBLADO', 'Cra. 35 #10-75', 6.2095805, -75.5655823),
(143, 'HOSTAL JARDIN DE PROVENZA', 'LAURELES', 'Cra. 35 #8A - 58', 6.2083558, -75.5656219),
(144, 'THE GARDEN LLERAS ', 'POBLADO', 'None', 0.0000000, 0.0000000),
(145, 'LEVIU', 'POBLADO', 'Cl. 11B #31A-186', 6.2127255, -75.5635800),
(146, 'PROVENZA MEDELLIN BOUTIQUE', 'POBLADO', 'Cra. 34 #8a 23', 6.2083569, -75.5653305),
(147, 'APARTEMENTOS LLERAS 10A', 'POBLADO', 'Cl 10A # 40 - 18', 6.2106393, -75.5679340),
(148, 'GLOW', 'POBLADO', 'Cra. 36 #8a-61', 6.2081946, -75.5666131),
(149, 'MARQUEE HOTEL', 'POBLADO', 'Cra. 38 #9A-13', 6.2093339, -75.5676143),
(150, 'TRIBE MEDELLIN', 'POBLADO', 'Cra. 35 #10-75', 6.2097153, -75.5656028),
(151, 'BOUTIQUE PROVENZA', 'POBLADO', 'None', 0.0000000, 0.0000000),
(152, 'ISAK HOTEL Y GOLF', 'RIONEGRO', 'Mts Del Rompoy, Va Aeropuerto-Sajonia, A 500, Rionegro, Antioquia', 6.1794100, -75.4407806),
(153, 'SOCIATEL MEDELLIN', 'POBLADO', 'Cra. 32d #9 - 17', 6.2079051, -75.5641401),
(154, 'PROVENZA GARDEN', 'POBLADO', 'Cra. 35 #7-58', 6.2069173, -75.5654904),
(155, 'EUROPA SUITES MEDELLIN', 'POBLADO', 'Cra. 38 #8-55', 6.2083069, -75.5680154),
(156, 'ONE APARTMENTS POBLADO / la ubicacin dice estar en laureles ', 'POBLADO/laureeles ', 'Cq. 5 #70 40', 6.2473004, -75.5896080),
(157, 'LIN BOUTIQUE HOTEL BY HOUSY HOST', 'POBLADO', 'Cl 10A #38-26', 6.2106868, -75.5673358),
(158, 'EDIFICIO 5G LOFT | CALLE 10B #37-40 / SOHO Lofts', 'POBLADO', 'Cl. 10b #37-40', 6.2108780, -75.5665633),
(159, 'EDIFICIO YERBABUENA', 'POBLADO', 'Cl. 11 #30a-110', 6.2116367, -75.5608580),
(160, 'AUTENTHICO PROVENZA HOTEL MEDELLIN', 'POBLADO', 'Cl. 6 #32 - 144', 6.2056569, -75.5637851),
(161, 'HUNTERS CONCEPT HOTEL', 'POBLADO', 'Cl 10 # 36 - 37', 6.2091611, -75.5663921),
(162, 'MALAKI HOTEL BOUTIQUE MEDELLIN', 'BARRIO COLOMBIA', 'Cra 43G #28-42', 6.2282468, -75.5708487),
(163, 'CARRERA 31 #16-189', 'POBLADO', 'Cra. 31 #16-189', 6.2169061, -75.5615090),
(164, 'InterContinental Medellin - Movich, an IHG Hotel', 'POBLADO', 'Calle 16, Variante #28-51', 6.2137744, -75.5582249),
(165, 'HOTEL DIEZDiez Hotel Categora Colombia', 'POBLADO', 'Cl 10A #34-11', 6.2092870, -75.5652560),
(166, 'The Art Hotel Medellin', 'POBLADO', 'Cra. 41 #9-31', 6.2098149, -75.5690527),
(167, 'HOTEL HELENE', 'POBLADO', 'Cra. 40 #No. 10 A -29', 6.2107816, -75.5677429),
(168, 'HAVEN A DESIGN', 'POBLADO', 'Cl 10A #36 -29', 6.2098669, -75.5660683),
(169, 'HASHTAG 98', 'POBLADO', 'Cra. 41 # 10 - 23', 6.2106447, -75.5687439),
(170, 'Hotel Greenview Medellin', 'POBLADO', 'Cl. 14 #30 144', 6.2146437, -75.5618042),
(171, 'FORESTA', 'POBLADO', 'Cra. 25 #10-25', 6.2086656, -75.5551134),
(172, 'FLORENCIA PLAZA', 'POBLADO', 'Cra. 41a #10-41', 6.2106586, -75.5692134),
(173, 'FENCE', 'POBLADO', 'Cl 10 #40-62', 6.2102203, -75.5686019),
(174, 'Epic Boutique Hotel Medelln', 'POBLADO', 'Cra. 37a #8a 38', 6.2086123, -75.5672087),
(175, 'ENERGY LIVING', 'POBLADO', 'Cra. 30 #10-225', 6.2112795, -75.5592283),
(176, 'ELEMENT', 'POBLADO', 'Cra. 34 #71 - 01', 6.2067828, -75.5650564),
(177, 'Hotel El Zarzo Medelln', 'POBLADO', 'Cra. 38 #10 A 29', 6.2108928, -75.5669981),
(178, 'ECOHUB', 'POBLADO', 'Cl. 14 #30 -170', 6.2145072, -75.5619930),
(179, 'DU PARC', 'POBLADO', 'Cl. 9 #41 - 36 ', 6.2096789, -75.5695390),
(180, 'DIX', 'POBLADO', 'Cl 10 #41-21', 6.2102117, -75.5691235),
(181, 'CYAN SUITES', 'POBLADO', 'Cra. 29c #10C-100', 6.2122293, -75.5585437),
(182, 'COCOBAMBOO', 'POBLADO', 'Cra. 34 #7-39', 6.2064999, -75.5648669),
(183, 'CLICK CLACK', 'POBLADO', 'Cra. 37 #10A 29', 6.2102685, -75.5666066),
(184, 'CELESTINO BOUTIQUE HOTEL', 'POBLADO', 'Cra. 37 #8a-60', 6.2082823, -75.5669294),
(185, 'CASA OSORIO', 'POBLADO', 'Cl. 15a #30 -121', 6.2150180, -75.5615781),
(186, 'CASA LLERAS', 'POBLADO', 'Cra. 39 #825', 6.2084802, -75.5683663),
(187, 'CASA KIWI', 'POBLADO', 'Cra. 36 #7-10', 6.2066672, -75.5660793),
(188, 'Caf Hotel by lars', 'POBLADO', 'Cra. 31a #11-03', 6.2113768, -75.5607100),
(189, 'BLUX APARTAMENTEOS', 'POBLADO', 'Cl. 12 #30-126', 6.2132003, -75.5607660),
(190, 'BINN', 'POBLADO', 'Carrera 25 #10-51', 6.2088894, -75.5551086),
(191, 'APARTAMENTOS LLERAS ROOF TOP', 'POBLADO', 'Cra. 38 #8-69', 6.2085416, -75.5679616),
(192, 'AEROPUERTO', 'RIONEGRO', 'Vereda, Rionegro, Antioquia', 6.1717225, -75.4279983),
(193, 'ACQUA', 'POBLADO', 'Cra. 35 #7 - 47', 6.2069074, -75.5656764),
(194, '35TH STATION', 'POBLADO', 'Cra. 35 #94 - 7', 6.2070263, -75.5655687),
(195, '23 HOTEL', 'POBLADO', 'Cra. 34 #5g 62', 6.2054522, -75.5645184),
(196, '1616 HOTEL', 'POBLADO', 'Cra. 30 #9A-47', 6.2088317, -75.5594710),
(197, '14 URBAN', 'POBLADO', '8a - 74, Carrera 36 N, Cra. 36 #8A - 102', 6.2083027, -75.5663496),
(198, 'NAKUA', 'PROVENZA', 'Cra. 34 # 8 a - 29', 6.2084291, -75.5652450),
(199, 'BAMBU GLAMPING ECOLODGE', 'POBLADO', 'Cl. 6 #32-164', 6.2057585, -75.5637549),
(200, 'HOSTAL TAMARINDO', 'POBLADO', 'Cra. 43A #7D-58', 6.2089855, -75.5709920),
(201, 'Holiday Inn Express & Suites Medellin by IHG', 'POBLADO', 'Cra. 43A #1 sur - 150', 6.2022110, -75.5718416),
(202, 'Hampton by Hilton Medelln', 'POBLADO', 'Cl. 6 Sur #42 - 14', 6.1992276, -75.5727304),
(203, 'HABANA VIEJA', 'POBLADO', 'Cl. 10 Sur # 43A - 7', 6.1952925, -75.5761524),
(204, 'GO LIVING AND SUITES', 'POBLADO', 'Cl. 10 Sur #45  270', 6.1968963, -75.5780906),
(205, 'ESTELAR SQUARE', 'POBLADO', 'Cra. 43 #9Sur-105', 6.1952598, -75.5754221),
(206, 'ESTELAR MILLA DE ORO', 'POBLADO', 'Cl. 3 Sur #43a-64', 6.2015754, -75.5732280),
(207, 'ESTELAR BLUE', 'POBLADO', 'Cra. 42 #1S-74', 6.2023154, -75.5706744),
(208, 'ESTELAR APARTAMENTOS', 'POBLADO', 'Cra. 43B #8 Sur-10 8 Sur-10', 6.1970807, -75.5751711),
(209, 'DANN CARLTON MEDELLIN', 'POBLADO', 'Cra. 43A #7-50', 6.2075178, -75.5706858),
(210, 'CLOUD9 HOSTEL', 'POBLADO', 'Cra. 47A #5-70', 6.2082474, -75.5762825),
(211, 'CLASS SUITES', 'POBLADO', 'Dg. 29d #9sur -79', 6.1910124, -75.5657120),
(212, 'City Express Plus by Marriott', 'POBLADO', 'Cl. 4 Sur #43 A 08', 6.2006858, -75.5732000),
(213, 'CASA VICTORIA', 'POBLADO', 'Cra. 32 #1 Sur - 13', 6.2004637, -75.5649498),
(214, 'CASA MEDALLO', 'POBLADO', 'Cl. 10 Sur #48-82', 6.1975498, -75.5795475),
(215, 'BLACK SHEEP', 'POBLADO', 'Tv. 5a # 45-133', 6.2076638, -75.5755507),
(216, 'BH POBLADO', 'POBLADO', 'Cra. 43 #9 Sur - 35', 6.1955191, -75.5752429),
(217, 'BAMBU MILLA DE ORO', 'POBLADO', 'carrera 43 a1 sur 108', 6.2026115, -75.5718518),
(218, 'BALI AT POBLADO', 'POBLADO', 'Cra 43C &, Cl. 4 Sur', 6.2016559, -75.5751551),
(219, 'AROMAX DEL CAMPESTRE', 'POBLADO', 'Carrera 41 # 16A Sur -16', 6.1875564, -75.5746344),
(220, 'Cinnamon', 'POBLADO', 'Cl. 6 #43e - 40', 6.2080898, -75.5743194),
(221, 'ALCAZAR DE PATIO BONITO', 'POBLADO', 'Cra. 45 #6-68', 6.2087137, -75.5744737),
(222, 'ALCAZAR DE OVIEDO', 'POBLADO', 'Cl. 6 Sur #43 A - 254', 6.2004959, -75.5755045),
(223, 'AGUACATALA BOUTIQUE', 'POBLADO', 'Cra. 48B #10 sur - 26', 6.1972642, -75.5795735),
(224, 'AFFINITY APARTA HOTEL', 'POBLADO', 'Cl. 6 Sur #43 A 100', 6.1999864, -75.5742985),
(225, '574', 'POBLADO', 'Tv. 6 #45-50', 6.2085584, -75.5748579),
(226, 'CASA MOSAIKO PARQUE POBLADO', 'POBLADO', 'Cra. 43A #7d - 58', 6.2090259, -75.5708839),
(227, 'CASA MOSAIKO PATIO BONITO', 'POBLADO', 'Cra. 43E #5-129', 6.2074753, -75.5738979),
(228, 'OASIS HOTEL POBLADO', 'POBLADO', 'Cra. 37b #1 Sur21', 6.2023125, -75.5694950),
(229, 'LADY MOM', 'POBLADO', 'Tv. 5a #45 82', 6.2075225, -75.5750697),
(230, 'FARANDA COLLECTION', 'POBLADO', 'Cl. 11B Sur #44 - 29', 6.1947712, -75.5775451),
(231, 'MUUK HOTEL BOUTIQUE CAMPESTRE', 'POBLADO', 'Cl. 3 Sur #41-40', 6.2009610, -75.5717114),
(232, 'YORK LUXURY SUITES', 'POBLADO', 'Cra. 43A #17 SUR 63', 6.1872557, -75.5781016),
(233, 'VIBES', 'POBLADO', 'Cra. 47 #7-60', 6.2096187, -75.5760961),
(234, 'THE PIT STOP', 'POBLADO', 'None', 6.2074206, -75.5740344),
(235, 'SUI POSADA BOUTIQUE', 'POBLADO', 'Cra. 47A #5-67', 6.2081596, -75.5764344),
(236, 'SOUL LIFESTYLE', 'POBLADO', 'Cra. 35 #2Sur-120', 6.1986201, -75.5675797),
(237, 'SITES', 'POBLADO', 'Cra. 45 #5 - 15 ', 6.2069312, -75.5743699),
(238, 'SHERATON', 'POBLADO', 'Cra 43C #6 Sur 100', 6.2004125, -75.5760631),
(239, 'SANTA ANA MEDELLIN', 'POBLADO', 'Cl. 15 Sur #48-34', 6.1929029, -75.5805815),
(240, 'SAN FERNANDO PLAZA', 'POBLADO', 'Cra. 42A # 1-15', 6.2036870, -75.5708064),
(241, 'RANGO HOSTEL', 'POBLADO', 'Cl. 8 #42-25', 6.2088298, -75.5704267),
(242, 'PORTON MEDELLIN', 'POBLADO', 'Cra. 43A #9 Sur-51', 6.1958070, -75.5757902),
(243, 'PORTALES DEL CAMPESTRE', 'POBLADO', 'Carrera 41 #, Cl. 16C Sur #81', 6.1867955, -75.5753166),
(244, 'POBLADO PLAZA', 'POBLADO', 'Carrera 43 A, Av. El Poblado #4 Sur 75', 6.2000822, -75.5736969),
(245, 'POBLADO CAMPESTRE', 'POBLADO', '42# 16 B Sur 20', 6.1882830, -75.5762446),
(246, 'POBLADO ALEJANDRIA', 'POBLADO', 'Cra. 36 #2 sur 60', 6.1992579, -75.5686363),
(247, 'PIXEL HOUSE', 'POBLADO', 'Cra. 48B #10sur - 89', 6.1966372, -75.5799592),
(248, 'NOVELTY', 'POBLADO', 'Cl. 4 Sur # 43 A - 109', 6.2006756, -75.5743143),
(249, 'NH COLLECTION', 'POBLADO', 'Cra. 42 #5 - sur 130', 6.1975045, -75.5726798),
(250, 'MARRIOTT', 'POBLADO', 'Cl. 1a Sur #43a-83', 6.2031617, -75.5727041),
(251, 'MANILA HOUSE', 'POBLADO', 'Cra 43D #56', 6.2064489, -75.5733648),
(252, 'LIVING HOSTEL', 'POBLADO', 'Cra. 48 #11B SUR - 24', 6.1954759, -75.5788497),
(253, 'LEBLON SUITE', 'POBLADO', 'Cra. 42A #1 Sur 125', 6.2027878, -75.5714432),
(254, 'IVY HOSTEL', 'POBLADO', 'Cra. 44 #10 sur - 4', 6.1955401, -75.5764015),
(255, 'HOTEL LA CARPITA AGUACATALA', 'POBLADO', 'Carrera 48A #10 sur56 Aguacatala 2', 6.1967217, -75.5790804),
(256, 'CH ART APARTAMENTOS', 'POBLADO', 'Cra. 32 #1b Sur - 61', 6.1993907, -75.5654024),
(257, 'AGUACATALA STOP', 'POBLADO', '050001, Medelln, Antioquia', 6.1970121, -75.5791691),
(258, '12 NIGHTS', 'POBLADO', 'Cra. 48B #10 Sur 153', 6.1964216, -75.5799774),
(259, 'ANTIPODA HOTEL BOUTIQUE', 'POBLADO', 'Tv. 5a #45-164', 6.2081527, -75.5756351),
(260, 'BURKO URBAN LOFTS', 'POBLADO', 'Cl. 5 Sur #37-88', 6.1984643, -75.5701561),
(261, 'HOME STUDIO LOFTS', 'POBLADO', 'Cl. 5 Sur #37-88', 6.1982940, -75.5699050),
(262, 'NAGO HOMETEL', 'POBLADO', 'Cl. 15 Sur #48b-13', 6.1931598, -75.5813080),
(263, 'BLUES SUITES', 'POBLADO', 'Cra. 29c #1a sur 80', 6.1987450, -75.5622120),
(264, 'AZULEDA DEL CAMPESTRE - PORTERA REGIONAL', 'AGUCATALA', 'Colinas del Sur, Cra 48C #10 Sur50 16a', 6.1908003, -75.5821347),
(265, 'CALLE 1 #29-330', 'POBLADO', 'Cl. 1 #29-330', 6.2002318, -75.5621976),
(266, 'HOSTAL CANELA | CALLE 9 #43B-30', 'POBLADO', 'CALLE 9 #43B-30', 6.2102844, -75.5716062),
(267, 'SUI HOTEL BOUTIQUE', 'POBLADO', 'Cra. 47A #5-67', 6.2081062, -75.5764022),
(268, 'MORAL SPRING', 'LAURELES', 'None', 0.0000000, 0.0000000),
(269, 'ROSA NEGRA APARTA SUITES', 'ESTADIO', 'Cra. 77B #48-136', 6.2596508, -75.5943032),
(270, 'RAI', 'LAURELES', 'Dg 74A #33-183', 6.2409140, -75.5914475),
(271, 'VENECIA LOFT - CALLE 32F #66C-37', 'LAURELES', 'Cl. 32F #66c 39', 6.2384948, -75.5884088),
(272, 'AREA 51 HOSTEL', 'LAURELES', 'Cl. 47 #72 - 08', 6.2528737, -75.5900742),
(273, 'HOUSE HOTEL LAURELES 70', 'LAURELES', 'Cl. 46 #70 A-46', 6.2529462, -75.5893151),
(274, 'EDIFICIO CHENOA | CALLE 37 #63-37', 'CONQUISTADORES', ' CALLE 37 #63-37', 6.2420435, -75.5792743),
(275, 'EDIFICIO MIO | AV 33 #66B-123', 'LAURELES', 'Av. 33 #66B - 123', 6.2393175, -75.5885543),
(276, 'LUXURY SUITES PRANA', 'CONQUISTADORES', 'T. 35 #63b-35', 6.2406502, -75.5800562),
(277, 'URBIT SOCIAL LOFT', 'LAURELES', 'Av. Nutibara #75-09', 6.2463543, -75.5967019),
(278, 'DUO HOTEL BOUTIQUE', 'LAURELES', 'Cl. 35 #78-32', 6.2429443, -75.5987774),
(279, 'BARCELO COLIVING', 'ESTADIO', 'Cra. 77B #47 - 92', 6.2572904, -75.5955069),
(280, '33 HOTEL BOUTIQUE', 'LAURELES', 'Av. 33 #65c26', 6.2396575, -75.5848829),
(281, 'PARCEROS HOUSE', 'LAURELES', 'Cl. 42 #72-39', 6.2481455, -75.5918030),
(282, 'IGLESIA SANTA GEMA', 'SANTA GEMA', 'Av. 33 #81-40', 6.2390237, -75.6036437),
(283, 'ORBE', 'LAURELES', 'Av. 33 #78-68', 6.2391682, -75.5990483),
(284, 'HOUSY LAURELES', 'LAURELES', 'Cra 77 #39-29', 6.2470390, -75.5979019),
(285, 'PLAZA DEL RIO', 'CONQUISTADORES', 'Cl. 19 #43g-80 ', 6.2221970, -75.5734859),
(286, 'BUNTES HOUSE | CARRERA 77B #45G-94', 'ESTADIO', 'Cra. 77B #45g-94', 6.2563693, -75.5955874),
(287, 'ROOMZZ LAURELES | CARRERA 80C #33-47', 'LAURELES', 'Cra. 80C #33-47', 6.2392873, -75.6024766),
(288, 'CASA TUVIA', 'LAURELES', 'Cra. 72a #45E88', 6.2527457, -75.5907001),
(289, 'OASIS BLUE | CALLE 42 #73-96', 'LAURELES', 'Cl. 42 #73-96', 6.2486265, -75.5932809),
(290, 'LAURELES GARDEN HOSTEL', 'LAURELES', 'Cl. 43 #77-34', 6.2495628, -75.5962635),
(291, 'EDIFICIO AIRES DE LA CONSOLATA', 'LAURELES', 'Cra 79, Laureles ', 6.2486738, -75.5976481),
(292, 'ESTADIO DORADO', 'ESTADIO', 'C. 50 #76-17', 6.2610562, -75.5913465),
(293, 'CASA HOTEL YOTAMA', 'ESTADIO', 'C. 50 #77A-11', 6.2616959, -75.5927999),
(294, 'NAIOT BOUTIQUE HOTEL | CALLE 49B #74-60', 'ESTADIO', 'Cl. 49B #74-60', 6.2604960, -75.5908172),
(295, 'CASA HOTEL LOS LAURELES', 'LAURELES', 'Cra. 72 #42-49', 6.2488722, -75.5914228),
(296, 'CASA LA BONITA', 'LAURELES', 'Cl. 47A #83-15', 6.2577444, -75.6009762),
(297, 'MADEIRA BOUTIQUE', 'LAURELES ', 'Av. 33 #81a 15', 6.2386343, -75.6042466),
(298, 'CASA BLANCA ESTADIO | CARRERA 77A #49-23', 'ESTADIO', 'Cra 77A #49-23', 6.2606570, -75.5934165),
(299, 'ECO 44', 'LAURELES', 'Dg 74B #32 - 91', 6.2348678, -75.5947848),
(300, 'QANTIC LODGING & ROOFTOP | CIRCULAR 3 # 71-40', 'LAURELES', 'Cq. 3 #71-40', 6.2458564, -75.5908238),
(301, 'THE HARBOUR HOTEL', 'LAURELES', 'Cq. 71 #3', 6.2460750, -75.5904697),
(302, 'TOULOUSE APARTAMENTOS', 'LAURELES', 'Cl. 47 #72-62', 6.2528515, -75.5905413),
(303, 'HOTEL LAX78', 'LAURELES', 'Cra. 78 #45-20', 6.2520285, -75.5966305),
(304, 'HOTEL OTALU | CARRERA 80 #44B-303', 'FLORESTA', 'Av. 80 #44B-303', 6.2542395, -75.5996021),
(305, 'FARUM EXPRESS', 'LAURELES', 'Cq # 71 #13', 6.2457668, -75.5904360),
(306, 'KASA CACTUS LAURELES', 'LAURELES', 'Cl. 42 #73-79', 6.2483869, -75.5931962),
(307, 'TIME OCLOCK', 'LAURELES', 'Cl 44 #71-55', 6.2494281, -75.5906889),
(308, 'HOTEL MED 33 | AV 33 #64-8', 'LAURELES', 'Av. 33 #64-8', 6.2399869, -75.5808374),
(309, 'CARRERA 76 #32E-16', 'BELEN', 'Cra. 76 #32E 16', 6.2375229, -75.5963734),
(310, 'HOTEL ESTADIO 80 | CALLE 48B #79-38', 'LAURELES', 'Cl. 48B #79 - 38', 6.2603578, -75.5970396),
(311, '3450 LIVING', 'LAURELES', 'Cra. 66AA #34-50', 6.2405104, -75.5880682),
(312, 'BAKU LAURELES', 'LAURELES', 'Cq. 5 #71A-49', 6.2468161, -75.5914736),
(313, 'SPA LAURELES', 'LAURELES', 'Calle 44, Av San Juan #80-47', 6.2500083, -75.6001900),
(314, 'BOUTIQUE PLAZA', 'CONQUISTADORES', 'Cl 36 #63-16', 6.2414865, -75.5789447),
(315, 'TRANSVERSAL 39A #70A-34', 'LAURELES', 'Tv. 39A #70a-34', 6.2403487, -75.5915500),
(316, 'QUATRO STUDIOS', 'LAURELES', 'Cra 66B #35A - 14', 6.2429357, -75.5861278),
(317, 'LA CASONA HOTEL BOUTIQUE', 'LAURELES', 'Carrera 72, Cq. 4 #37', 6.2463892, -75.5916377),
(318, 'CALLE 43 #77-76', 'LAURELES', 'Cl. 43 # 77-76', 6.2494472, -75.5967086),
(319, 'KYUX STUDIOS', 'LAURELES', 'Cra. 76 #33A - 52', 6.2402107, -75.5967410),
(320, 'CALLE 43 #75-26', 'LAURELES', 'Cl. 43 #75 - 26', 6.2494826, -75.5949977),
(321, 'INTERNATIONAL HOUSE CO-LIVING', 'BELEN', 'Cl. 32B #66c-6', 6.2365479, -75.5880137),
(322, 'INNTU', 'LAURELES', 'Transversal 39, circular 74B-10', 6.2456847, -75.5967821),
(323, 'INFINITY', 'LAURELES', 'Carrera 72, Cq. 4 #24', 6.2468114, -75.5915554),
(324, 'INDIE UNIVERSE', 'LAURELES', 'Av. Nutibara #71-25', 6.2413970, -75.5919923),
(325, 'INDIE STUDIO', 'LAURELES', 'Cra. 71 #3-17', 6.2460102, -75.5904441),
(326, 'IBIS MEDELLIN', 'POBLADO', 'Cl. 20 #44 16', 6.2249887, -75.5745952),
(327, 'M HOTEL - Bak Laureles Hostel', 'LAURELES', 'Cq. 5 #71A-49', 6.2466037, -75.5915317),
(328, 'HESTIA', 'LAURELES', 'Av. 33 #78-68', 6.2392332, -75.5989985),
(329, 'BOUTIQUE LAURELES MEDELLIN', 'LAURELES', 'Cq. 4 #72-51', 6.2459388, -75.5917819),
(330, 'GRAN CONQUISTADOR', 'LAURELES', 'Cra. 65 #33-24', 6.2399900, -75.5828643),
(331, 'GRAN COLOMBIA', 'ESTADIO', '76, C. 50 #16-115', 6.2613545, -75.5923166),
(332, 'GOLDEN PALERMO', 'LAURELES', 'Cl 37 #79-47', 6.2447855, -75.5998533),
(333, 'FIRST CLASS LAURELES', 'LAURELES', 'Cra. 74 #42-48', 6.2489504, -75.5934458),
(334, 'ESTADIO SUITE', 'ESTADIO', 'C. 50 #68  37', 6.2579063, -75.5848349),
(335, 'ESTADIO REAL', 'ESTADIO', 'Cra 77C #48 120', 6.2594114, -75.5951131),
(336, 'ESTADIO PLAZA', 'ESTADIO', 'C. 50 #67-73', 6.2576239, -75.5841995),
(337, 'ESTACION FLORESTA', 'FLORESTA', 'Av. 80 #48-03', 6.2590532, -75.5978639),
(338, 'ENSO HOTEL', 'LAURELES', 'Cl. 47 #70a-73', 6.2526430, -75.5890787),
(339, 'ELEVEN', 'LAURELES', 'Cl 44 #71-55', 6.2495237, -75.5906271),
(340, 'EL RAMI', 'LAURELES', 'Cra. 72 #511', 6.2470076, -75.5916608),
(341, 'CSI MEDELLIN', 'LOS COLORES', 'Cra 79 #52 - 71', 6.2662395, -75.5957491),
(342, 'COOL LIVING BY LOS PATIOS', 'LAURELES', 'Cl. 32F #66b 38', 6.2390172, -75.5879837),
(343, 'CONFORT OBELISK', 'ESTADIO', 'Cra. 75 #48B - 43', 6.2588264, -75.5918251),
(344, 'COLORES BOUTIQUE', 'LOS COLORES', 'Cl. 54 #77 D 32', 6.2675602, -75.5925599),
(345, 'COLONIAL LA 80', 'LAURELES', 'Cra. 81 #34A - 128', 6.2427569, -75.6026064),
(346, 'COLOMBIA AVENIDA', 'ESTADIO', 'C. 50 #68 14', 6.2581492, -75.5843742),
(347, 'COLIVING LA 78A', 'LAURELES', 'Cra. 78A #N 34 - 47', 6.2414513, -75.5990344),
(348, 'CASA SANTA FE', 'LAURELES', 'Carrera 72 #Circular 2-30', 6.2455351, -75.5909544),
(349, 'CHIC HOUSE LOFT', 'LAURELES', 'Cra. 72 #3-26', 6.2459768, -75.5912160),
(350, 'CAVALTA', 'LAURELES', 'Av. 33 #65c -140', 6.2397343, -75.5861059),
(351, 'CASA ROSALES', 'LAURELES', 'Cra. 68 #32e-27', 6.2383727, -75.5895464),
(352, 'CASA MOSAIKO LAURELES', 'LAURELES', 'Cl. 39c #73 - 33', 6.2457680, -75.5930186),
(353, 'CASA MALIBU', 'LAURELES', 'Cl. 32F #66 C 57', 6.2385912, -75.5885519),
(354, 'BOUTIQUE CASA LINDA', 'LAURELES', 'C. 50 #77 b 123', 6.2623903, -75.5943052),
(355, 'CASA LAURELES', 'LAURELES', 'Cl. 35 # 78 - 66', 6.2430290, -75.5991972),
(356, 'CASA HOTEL BOUTIQUE AMC', 'CONQUISTADORES', 'T. 35 #65d-85', 6.2409239, -75.5852075),
(357, 'CASA ESTADIO', 'ESTADIO', 'Cra. 78B #49a-41', 6.2622146, -75.5958861),
(358, 'CASA ESENCIA', 'VELODROMO', 'Cra 79 #45gg-35', 6.2558994, -75.5976326),
(359, 'CASA DE LAS PALMAS', 'LAURELES', 'Cl 37 #79-32', 6.2449885, -75.5996954),
(360, 'CASA BLANCA LAURELES', 'LAURELES', 'Carrera 72 #Circular 5 - 37', 6.2471980, -75.5916362),
(361, 'BULERIAS 33', 'LAURELES', 'Av. 33 #66B-249', 6.2391906, -75.5897188),
(362, 'BRANA', 'LAURELES', 'Cl. 42 #77 - 46', 6.2489121, -75.5964855),
(363, 'BOUTIQUE PLAZA', 'SAN JOAQUIN', 'Cl 36 #63-16', 6.2416798, -75.5789509),
(364, 'BOUTIQUE LAURELES HOME', 'LAURELES', 'Cq. 73B #39b-32', 6.2448197, -75.5942771),
(365, 'BOUTIQUE ESTADIO', 'ESTADIO', 'Cl. 49B #77 b 36 40', 6.2619550, -75.5938782),
(366, 'BOLIVARIANA PLAZA', 'LAURELES', 'Cq. 1 #74-82', 6.2424422, -75.5920797),
(367, 'BLACK PACKERS INN', 'LAURELES', 'Circular 5, Cra 71A #49', 6.2476545, -75.5910615),
(368, 'BEMINIMAL', 'CONQUISTADORES', 'Cl 36 #63-84', 6.2416728, -75.5796097),
(369, 'BARU ESTADIO', 'ESTADIO', 'Cq. 2 # 71-66', 6.2417980, -75.5967230),
(370, 'AVANTI', 'LAURELES', 'Cq. 2 # 71-66', 6.2453151, -75.5908982),
(371, 'AURA HOTEL', 'LAURELES', 'Tv. 39B # 70-111', 6.2402629, -75.5909832),
(372, 'ASTURIAS', 'LAURELES', 'Cq. 4 #73-124', 6.2450821, -75.5932179),
(373, 'APARTAHOTEL TORRE CORAL', 'LAURELES', 'Cra. 78A #34-2 a 34-18', 6.2411034, -75.5988845),
(374, 'APARTAHOTEL MONTINI', 'LAURELES', 'Cl. 43 #71-86', 6.2489859, -75.5910501),
(375, 'APARTAHOTEL CALASANZ HOME', 'CALAZANS', 'None', 0.0000000, 0.0000000),
(376, 'APARTAHOTEL BULERIAS', 'LAURELES', 'Av. 33 #80-02', 6.2390802, -75.6004396),
(377, 'APARTA ESTUDIO 7051', 'LAURELES', 'Cl 44 #70 -51', 6.2493612, -75.5893857),
(378, 'APARTAMENTOS ALVATIAN', 'LAURELES', 'Tv. 39B #39-179', 6.2496915, -75.5996326),
(379, 'ALMARITA', 'LAURELES', 'Cl. 48B #79-39', 6.2600068, -75.5971108),
(380, 'A&A SANTA ALEJANDRIA', 'ESTADIO', 'Cra 77C #48 91', 6.2596277, -75.5952309),
(381, 'HOSTEL 4U', 'LAURELES', 'Cl 44 #78-31', 6.2502156, -75.5971939),
(382, '33 CONQUEST - HOTEL GRAN CONQUISTADOR 33', 'CONQUISTADORES', 'None', 0.0000000, 0.0000000),
(383, 'LIVING BY ARMONIKO', 'LAURELES', 'Cq. 75 #38-35', 6.2455916, -75.5971785),
(384, 'DE LEON ESTADIO', 'ESTADIO', 'Cra. 77B #49b-19', 6.2618535, -75.5935460),
(385, 'CASA MOSAIKO NUTIBARA', 'LAURELES', 'Cq. 3 #74-52', 6.2438189, -75.5931034),
(386, 'CASA HOTEL SWEET HOME', 'LAURELES', 'Av. 33 #65c10', 6.2397533, -75.5847563),
(387, 'GEORGE HOUSE', 'LAURELES', 'Tv. 41 #77 - 46', 6.2482015, -75.5965742),
(388, 'SPRING HOSTEL', 'BELEN', 'Cl. 30A #69-141', 6.2324442, -75.5905015),
(389, 'EDIFICIO TONCHALA', 'LAURELES', 'Cra. 74 #43-53', 6.2498431, -75.5936510),
(390, 'HOTEL CYTRICO', 'ESTADIO', 'Cra. 75 #48-39', 6.2577428, -75.5923270),
(391, 'PLAZA 33', 'LAURELES', 'Av. 33 #74 E 139', 6.2393995, -75.5940463),
(392, 'JARDIN LOFT', 'LAURELES', 'Cl. 32F #66c 101', 6.2384958, -75.5890363),
(393, 'MORADIA', 'LAURELES', 'Cl. 35 #78-40', 6.2427906, -75.5988595),
(394, 'LUXURY SUITES GEMA', 'LAURELES', 'Cra. 81A #33 41', 6.2394690, -75.6041552),
(395, 'EDIFICIO TOLUCA', 'LAURELES', 'Cl. 37 Sur #37-17', 6.2448799, -75.5989404),
(396, 'TRYP', 'LAURELES', 'Cra 77 #41-07', 6.2484084, -75.5962754),
(397, 'ZONA VERDE', 'LAURELES', 'Cra. 75A #32B 19', 6.2352020, -75.5960375),
(398, 'ZONA BLANCA', 'LAURELES', 'Cl 44 #72 - 87', 6.2496726, -75.5920689),
(399, 'YELLOW HOUSE HOSTEL', 'FLORESTA', 'Cra 81A #47a-48', 6.2584110, -75.5993653),
(400, 'VILLA PARK', 'ESTADIO', 'Cl. 49 #74-34', 6.2592437, -75.5912059),
(401, 'VEGA SERGIO', 'ESTADIO', 'CL. 50 #68-25', 6.2578151, -75.5846970),
(402, 'HOTEL TEQUENDAMA', 'LAURELES', 'CL. 50 #70-124', 6.2592936, -75.5868869),
(403, 'TREE HOUSE', 'LAURELES', 'cra 72, Cq. 5 #11', 6.2469938, -75.5917552),
(404, 'TORRE PRIMAVERA', 'LAURELES', 'Cl. 40 #73 - 10/14', 6.2472066, -75.5926815),
(405, 'TERRA BIOHOTEL', 'LAURELES', 'T. 35 #64a92', 6.2409314, -75.5824360),
(406, 'SUITES 44', 'LAURELES', 'Cl 44 #70a-5', 6.2493661, -75.5899516),
(407, 'SUITE DEL PARQUE', 'LAURELES', 'Cl. 40 #74-56', 6.2472994, -75.5944190),
(408, 'STREET 50', 'ESTADIO', 'C. 50 #76-61', 6.2613116, -75.5918507),
(409, 'SEVEN INN', 'LAURELES', 'Cq. 2 #71 22', 6.2454481, -75.5904290),
(410, 'SAUCES DEL ESTADIO', 'ESTADIO', 'Cra. 69 # 49 A -30', 6.2575033, -75.5855463),
(411, 'SAN PEDRO DEL FUERTE', 'FLORESTA', 'Cl. 46 #80-23', 6.2565124, -75.5986242),
(412, 'SAN JUAN LA 70', 'LAURELES', 'a 70-137, Av San Juan ##701', 6.2491894, -75.5891060),
(413, 'ROCK HOSTEL', 'VELODROMO', 'Cl. 47D #72 37', 6.2533126, -75.5902392),
(414, 'RIVIERE BOUTIQUE', 'CONQUISTADORES', 'Cra. 63A # 34-38', 6.2408764, -75.5789463),
(415, 'PORTON ESTADIO', 'ESTADIO', 'Cra 74 No 20 - 91', 6.2466284, -75.5939342),
(416, 'HOSTAL PORTON DEL ESTADIO', 'ESTADIO', 'C. 50 #67-73', 6.2576025, -75.5841888),
(417, 'PORTON COLONIAL', 'CONQUISTADORES', 'Calle 34 #6526, # a 65d-108', 6.2406283, -75.5855310),
(418, 'PORTAL MARINILLO', 'ESTADIO', 'None', 0.0000000, 0.0000000),
(419, 'POMA ROSA', 'LAURELES', 'Transversal 74, Cq. 1 #24', 6.2436682, -75.5920992),
(420, 'PLAZA IMPERIAL', 'ESTADIO', 'C. 50 #68-13', 6.2577709, -75.5845899),
(421, 'PLATINUM HOME', 'ESTADIO', 'Cra. 69 #50-21', 6.2583839, -75.5849116),
(422, 'PALO ALTO', 'LAURELES', 'Cra. 74 #39d8', 6.2466647, -75.5936968),
(423, 'HOSTEL BOUTIQUE PALO ALTO', 'LAURELES', '050031, medelin, Antioquia', 6.2450009, -75.5944049),
(424, 'PALMAS DEL ESTADIO 2', 'ESTADIO', 'Cl. 47 #77 131', 6.2563576, -75.5955413),
(425, 'PALMAS DEL ESTADIO', 'ESTADIO', 'Carrera 77Ab #47-103', 6.2574249, -75.5951035),
(426, 'PALMA ROSA', 'ESTADIO', 'Cra. 75 #48a-24', 6.2582184, -75.5917878),
(427, 'OFIX', 'LAURELES', 'Cl 44 #79-86', 6.2506089, -75.5983547),
(428, 'NUEVO COLOMBIA', 'ESTADIO', 'C. 50 #77B-11', 6.2620694, -75.5935244),
(429, 'MYTHICAL', 'LAURELES', 'Cra 66B #34 - 86', 6.2405865, -75.5884862),
(430, 'MED LA PALMA', 'BELEN', 'Cl. 30 #80-3', 6.2311847, -75.6006673),
(431, 'MED ESTADIO', 'ESTADIO', 'Cl. 49B #68-59', 6.2574045, -75.5850540),
(432, 'MED COLOMBIA', 'ESTADIO', 'C. 50 #68 08', 6.2577654, -75.5844496),
(433, 'MANDALA BELEN', 'BELEN', 'Cl. 30 # 74-50', 6.2318618, -75.5949868),
(434, 'MANAGER OBELISK', 'ESTADIO', 'Cl. 48B #74 - 27', 6.2582437, -75.5917695),
(435, 'LUXURY 33', 'LAURELES', 'Av. 33 #66b-155', 6.2391054, -75.5889035),
(436, 'LOTUS', 'ESTADIO', 'a 68-203,, Av. Colombia #681', 6.2583454, -75.5857818),
(437, 'LOFT 43', 'LAURELES', 'Cl. 43 #7179', 6.2487381, -75.5910798),
(438, 'LOFT 32', 'LAURELES', 'Cl. 32F #74e-30', 6.2389001, -75.5936577),
(439, 'Hotel Lexum by Bernalo Hotels', 'ESTADIO', 'Cra. 74 # 48a - 09', 6.2578000, -75.5916407),
(440, 'LEUROZ', 'LAURELES', 'Cra. 70A #N 43 - 19', 6.2490146, -75.5896286),
(441, 'LAURELES PLAZA', 'LAURELES', 'Cl. 40 # 74 38', 6.2472245, -75.5942695),
(442, 'LAURELES PARK', 'LAURELES', 'Cl. 39d #73-72', 6.2466883, -75.5932900),
(443, 'LAURELES LOFT', 'LAURELES', 'Cra 77 #37 - 22', 6.2449246, -75.5987583),
(444, 'LAURELES HOME', 'LAURELES', 'Cq. 2 #74-91', 6.2428403, -75.5924520),
(445, 'LAURELES GUEST HOUSE', 'LAURELES', 'Diagonal 74 B # 32B 125 sobre, Av. Bolivariana', 6.2362052, -75.5932613),
(446, 'LAURELES DE ABURRA', 'LAURELES', 'Carrera 71a N, Cq. 5 #34', 6.2475963, -75.5910433),
(447, 'JARDIN DE LAURELES', 'LAURELES', 'Cl. 32EE #76-139', 6.2378424, -75.5977548),
(448, 'ESTACION ESTADIO - Panadera Bakery', 'LAURELES', 'Cra. 70 #47 - 50', 6.2530493, -75.5879653),
(449, 'IMPERIO 70', 'LAURELES', 'Cra. 70 #45E-107', 6.2521855, -75.5882518),
(450, 'GRAN IMPERIO', 'LAURELES', 'Cra. 69 #43-32', 6.2486954, -75.5873667),
(451, 'GIRASOL 70 - Hotel Golden 70', 'LAURELES', 'None', 0.0000000, 0.0000000),
(452, 'GEMAS DE SAN JOAQUIN', 'SAN JOAQUIN', 'Cra 66 #42-147', 6.2477210, -75.5844880),
(453, 'GAUDI', 'LAURELES', 'Carrera 70 Circular 5-38', 6.2477231, -75.5888675),
(454, 'FLORIDA NUEVA', 'LAURELES', 'crr 70, Blvr. Libertadores De Amrica #45e-3 no 45 e 85', 6.2517112, -75.5883464),
(455, 'FLORIDA INN', 'LAURELES', 'Cra. 70 #44b 38', 6.2508098, -75.5882852),
(456, 'FAROLES', 'LAURELES', 'None', 0.0000000, 0.0000000),
(457, 'FAMILY 70', 'LAURELES', 'Cl 44A #70 - 68', 6.2503656, -75.5894890),
(458, 'FACTORY LOFTS', 'LAURELES', 'Cra 69, Cq. 1 #14', 6.2448868, -75.5889205),
(459, 'EUTOPIQ', 'LAURELES', 'CR 69, Cq. 1 #32', 6.2450456, -75.5887752),
(460, 'DORADO LA 70', 'LAURELES', 'Blvr. Libertadores De Amrica #70 #44B-66', 6.2511870, -75.5881194),
(461, 'CHIVAS RUMBA', 'LAURELES', 'None', 0.0000000, 0.0000000),
(462, 'CAZONA LA 70', 'LAURELES', 'Cl. 46 #No 69a 10', 6.2515621, -75.5879081),
(463, 'CASA SIMON', 'LAURELES', 'Cl. 42 #69A-30', 6.2480636, -75.5887094),
(464, 'CASA MAYOR LA 70', 'LAURELES', 'Cl. 47D # 70 89', 6.2531955, -75.5889095),
(465, 'CASA HOTEL SANTA ANA', 'SAN JOAQUIN', 'Cra 68B # 3-100', 6.2463516, -75.5873189),
(466, 'PALERMO REAL', 'CONQUISTADORES', 'Cl. 40 #65-33', 6.2444817, -75.5837819),
(467, 'CASA ELI', 'SAN JOAQUIN', 'Carrera 68A # Circular3-99', 6.2462930, -75.5870390),
(468, 'CABO DE LA VELA', 'LAURELES', 'Cq. 4 #70-72', 6.2467566, -75.5899207),
(469, 'BARCELONA ESTADIO', 'ESTADIO', 'Cl. 47D #68A - 83', 6.2531532, -75.5870522),
(470, 'BALCONES DE LA 70', 'LAURELES', 'Cq. 3 # 69 - 19', 6.2457423, -75.5887601),
(471, 'APARTASUITE LAURELES CMC', 'LAURELES', 'Cl. 41A #70-42 ', 6.2478814, -75.5893175),
(472, 'AMBAR', 'LAURELES', 'Cq. 5 #70-25', 6.2472240, -75.5893789),
(473, 'ALL INCLUSIVE SUITES', 'LAURELES', 'Cl. 41A #70-46', 6.2479109, -75.5894085),
(474, 'ABSOLUTE', 'CONQUISTADORES', 'Tv 42B #63 C - 71', 6.2457030, -75.5819347),
(475, '3H AVENIDA 70 - CASA HOTEL SIMON', 'LAURELES', 'None', 0.0000000, 0.0000000),
(476, 'THE SOMOS FLATS LAURELES', 'LAURELES', 'Cq. 1 #68 86', 6.2446609, -75.5884808),
(477, 'SONATA 44', 'LAURELES', 'Cl 44A #71 - 63', 6.2502528, -75.5907352),
(478, 'ESTADIO 70', 'ESTADIO', 'Cl. 47D #68A 73', 6.2530504, -75.5870167),
(479, 'CIENTO ONCE 111', 'LAURELES', 'Cl 44A #70 111', 6.2499980, -75.5896457),
(480, 'ALZ APARATAMENTOS | CALLE 44B #70-14', 'LAURELES', 'Cl. 44B #70 - 14', 6.2505502, -75.5886566),
(481, 'EMPORIUM 70 | CIRCULAR 5 # 70- 13', 'LAURELES', 'Cq. 5 #70-13', 6.2469688, -75.5892311),
(482, 'SAN JUAN 70 EXPRESS', 'LAURELES', 'Cl 44 #70-62', 6.2495438, -75.5892729),
(483, 'GUAYACANES 70', 'LAURELES', 'CALLE 44, Av San Juan #68 A - 27', 6.2490314, -75.5871517),
(484, 'RECINTO 68', 'LAURELES', 'Cq. 5 #68-34', 6.2466181, -75.5869461),
(485, 'THE ZOHO LIVIN', 'LA 70', 'Cra. 70 #5-11', 6.2474895, -75.5891391),
(486, 'CASA TAMAYO', 'CONQUISTADORES', 'Tv 39 #66 a 77', 6.2443469, -75.5843711),
(487, 'MEDELLIN 66 | CIRCULAR 6 #66B-1', 'SAN JOAQUIN', 'Cq. 6 #66b1', 6.2454653, -75.5847065),
(488, 'ONE APPARTMENTS MEDELLIN', 'LAURELES', 'Cq. 5 #70 40', 6.2471991, -75.5896046),
(489, 'LA 70 GOLD', 'LAURELES', 'None', 0.0000000, 0.0000000),
(490, 'HOTEL CORAL BOUTIQUE | CARRERA 68A #43-06', 'LAURELES', 'Cra. 68A #43-06', 6.2484106, -75.5867024),
(491, 'HOTEL BOUTIQUE SAN JOAQUIN PLAZA', 'SAN JOAQUIN', 'Cq. 3 #66B-136', 6.2447877, -75.5864905),
(492, 'LESUS', 'CONQUISTADORES', 'Cq. 7 #66B-123', 6.2463098, -75.5849883),
(493, 'EDIFICIO AGUA VIVA | CARRERA 65 #40-25', 'LAURELES', 'Cra. 65 #40-25', 6.2444419, -75.5835269),
(494, 'GOLDEN 70', 'LAURELES', 'Cra. 70 #47-13', 6.2530843, -75.5881903),
(495, 'ZANDALO', 'LAURELES', 'Cra. 69a #42 - 30', 6.2481992, -75.5881235),
(496, 'VPV SUITES', 'LAURELES', 'Cl. 42 #70-19', 6.2479570, -75.5892429),
(497, 'VIVRE', 'LAURELES', 'Cra. 70A #42-39', 6.2485522, -75.5892947),
(498, 'VITTA PARK', 'LAURELES', 'Cl. 46b #69-21', 6.2520441, -75.5873825),
(499, 'VILLAS DE SAN JUAN', 'LAURELES', 'Cl 44 #70-64', 6.2495425, -75.5895043),
(500, 'VILLA REAL 70', 'LAURELES', 'Cra. 70 #45E- 153', 6.2523798, -75.5882388),
(501, 'VERONY SAN JOAQUIN', 'LAURELES', 'Cra. 69 #3-30', 6.2461639, -75.5882839),
(502, 'THE WANDERING PAISA', 'LAURELES', 'Cl 44A #68A-76', 6.2501035, -75.5874244),
(503, 'SUITE COMFORT', 'CONQUISTADORES', 'Cq. 5 #66B-24', 6.2453273, -75.5849519),
(504, 'SIETE EXPRESS', 'LAURELES', 'Cl. 41A #70-84', 6.2477282, -75.5895934),
(505, 'SIETE', 'LAURELES', 'Cq. 4 #70-46', 6.2467736, -75.5896415),
(506, 'SANTORINI 70', 'LAURELES', '#44b- a, Blvr. Libertadores De Amrica #44-60', 6.2507382, -75.5882994),
(507, 'SAN PETER', 'LAURELES', 'Cl. 41A #70-42', 6.2478931, -75.5893870),
(508, 'SAN JUAN PLAZA', 'LAURELES', 'Av San Juan #68A-51', 6.2490668, -75.5874084),
(509, 'SAINT JOHN / hotel coral boutique', 'SAN JOAQUIN', 'Cra. 68A #43-06', 6.2484518, -75.5867242),
(510, 'RECUERDOS DEL ESTADIO', 'POBLADO', 'Cra. 70A #45E-124', 6.2521907, -75.5885889),
(511, 'QUINTA AVENIDA', 'LAURELES', 'Cq. 5 #69-58', 6.2473320, -75.5883594),
(512, 'PURA VIDA LA 70', 'LAURELES', 'Cq. 4 #69-27', 6.2464694, -75.5885902),
(513, 'PUNTO 70', 'LAURELES', 'None', 0.0000000, 0.0000000),
(514, 'PRESTIGE', 'LAURELES', 'Cl 44A #70-40', 6.2502520, -75.5890997),
(515, 'PORTON DE SAN JOAQUIN', 'SAN JOAQUIN', 'Cl. 42 #68A - 32', 6.2468950, -75.5869538),
(516, 'PORTICO 70', 'LAURELES', 'Blvr. Libertadores De Amrica #46B-20', 6.2522142, -75.5879177),
(517, 'PLAZA BERLIN', 'LAURELES', 'Cl. 41A #70-72', 6.2478004, -75.5895414),
(518, 'PLAZA 70', 'LAURELES', 'Blvr. Libertadores De Amrica #45E-117', 6.2522406, -75.5882768),
(519, 'PICASSO', 'LAURELES', 'Cra. 69 #43-16', 6.2487609, -75.5874568),
(520, 'PARQUE 70', 'LAURELES', 'Cl. 46b #69A-11', 6.2517982, -75.5879710),
(521, 'PARK 6', 'SAN JOAQUIN', 'Circular 6 66B-01, Av. Bolivariana', 6.2452851, -75.5846875),
(522, 'PALMA 70', 'LAURELES', 'Cq. 5 #70-37', 6.2472129, -75.5894866),
(523, 'ORIGEN LOCAL SUITES', 'SAN JOAQUIN', 'Cl. 42 #69 - 09', 6.2474723, -75.5879450),
(524, 'OBO', 'LAURELES', 'Cl 44A #70 - 103', 6.2500752, -75.5895225),
(525, 'NAKAMA', 'LAURELES', 'Cq. 5 #70-101', 6.2472372, -75.5901167),
(526, 'MONDONGOS DE LA 70', 'LAURELES', 'Cra. 70 # c 3 - 43', 6.2464320, -75.5892871),
(527, 'MIRADOR DE SAN JOAQUIN', 'SAN JOAQUIN', 'Circular7#66B-123', 6.2462989, -75.5850446),
(528, 'MIDAS DE LA 70', 'LAURELES', 'Cl. 44B #70 - 03', 6.2505225, -75.5887534),
(529, 'MERLOTT 70', 'LAURELES', 'Cl 44A #70 36', 6.2503801, -75.5887637),
(530, 'MEDITERRANEO', 'LAURELES', 'None', 6.2476028, -75.5892291),
(531, 'MEDELLIN GOLD', 'SAN JOAQUIN', 'Cl. 42 #68a52', 6.2472401, -75.5875767),
(532, 'LYON', 'LAURELES', 'Cra. 70 #45e-161', 6.2526625, -75.5881686),
(533, 'LUKAS', 'LAURELES', 'Cra. 70 #44a-28', 6.2503621, -75.5884400),
(534, 'LUCKY', 'SAN JOAQUIN', 'Cra. 69 # 42-26', 6.2477483, -75.5879203),
(535, 'LINCOLN', 'LAURELES', 'Cq. 3 #70-28', 6.2461904, -75.5896153),
(536, 'LAURELES 70', 'LAURELES', 'Cl. 46 #70 A-46', 6.2529249, -75.5893366),
(537, 'HOSTAL ALMANIK VIAJERO', 'LAURELES', 'Cq. 3 #70-76', 6.2462491, -75.5900223),
(538, 'JC 43', 'POBLADO', 'Cl. 43 #68A-50', 6.2487225, -75.5873313),
(539, 'VILLAS DEL ESTADIO', 'ESTADIO', 'Cra. 67 #49B-21', 6.2569621, -75.5831822),
(540, 'VIENTOS DEL ESTE', 'ESTADIO', 'None', 0.0000000, 0.0000000),
(541, 'VIAGGIO - V - Grand Hotel Medellin', 'POBLADO', 'None', 0.0000000, 0.0000000),
(542, 'URBANO 70', 'LAURELES', 'Calle 44b # 69-13', 6.2504549, -75.5874853),
(543, 'TRANVIA 40', '47 MEDELLIN STREET', 'Cra. 40 #46-69', 6.2429596, -75.5622216),
(544, 'TERMINAL DEL NORTE', 'CARIBE', 'Autopista Nte. #78-328', 6.2796319, -75.5719278),
(545, 'SURAMERICANA', 'ESTADIO', 'Cl. 48 #65-88', 6.2537924, -75.5830844),
(546, 'SOL DEL ESTADIO', 'ESTADIO', 'Cl. 49B #67 b 30', 6.2574382, -75.5842855),
(547, 'NATURAL', 'CENTRO', 'Cra. 45 #49-35', 6.2474944, -75.5647114),
(548, 'SELVATICA ALOJAMIENTO', 'ESTADIO', 'Cra. 67B #48 A-06', 6.2542158, -75.5850899),
(549, 'ROMANZA', 'CENTRO', 'Cra. 45 #46-43', 6.2453326, -75.5661611),
(550, 'ROMANCE AYACUCHO', 'CENTRO', 'Cl. 49 # 45 - 23', 6.2475554, -75.5651604),
(551, 'Hostal Paz y Vida // Hostal Rich', 'LAURELES', 'Cra. 68A #46a 23', 6.2518495, -75.5867160),
(552, 'RESTAURANTE CORDOBES', 'MARINILLA', 'Cl. 22 #25-10', 6.1689398, -75.3311533),
(553, 'PUNTO UNO', 'CENTRO', 'Cra. 45 # 46 -25', 6.2453185, -75.5662482),
(554, 'PRINCE PLAZA', 'LAURELES', 'Cl 44 #68a-10', 6.2494455, -75.5869099),
(555, 'PLAZA MAYOR MEDELLIN', 'CENTRO', 'Calle 44, Av San Juan #51-55', 6.2448142, -75.5713249),
(556, 'PLAZA CARACAS', 'CENTRO', 'Cl. 54 #45-17', 6.2510656, -75.5626596),
(557, 'PASS', 'LAURELES', 'Cra. 68A #45 - 57', 6.2515684, -75.5867433),
(558, 'PANORAMA', 'CENTRO', 'Cra. 45 #49 - 48', 6.2474958, -75.5645093),
(559, 'NUTIBARA', 'CENTRO', 'Cl. 52a #50-46', 6.2525520, -75.5671412),
(560, 'NORTE REAL', 'CARIBE', 'Cra. 64B # 75 - 08', 6.2735427, -75.5721278),
(561, 'NORMANDIA', 'CENTRO', 'None', 0.0000000, 0.0000000),
(562, 'NATIVO HOSTEL', 'ESTADIO', 'Rionegro, Antioquia', 6.1709556, -75.4276262),
(563, 'APARTAHOTEL MONTES 68', 'LOS SAUCES', 'cra 68 # 49a - 04', 6.2567783, -75.5846441),
(564, 'MI HOTEL SAN DIEGO', 'POBLADO', 'Cl. 31 #43 - 90', 6.2315349, -75.5695122),
(565, 'MEDELLIN KAPITAL', 'CENTRO', 'Cra. 45 #45-25', 6.2448495, -75.5665083),
(566, 'MED 70', 'LAURELES', 'Cra. 69 #46b-34', 6.2522964, -75.5868532),
(567, 'MANDALA CENTRO', 'CENTRO', 'Cl. 47 #45-11', 6.2455891, -75.5659992),
(568, 'INVERSO (LLEGAR AL HOTEL 47 STREET)', 'CENTRO', 'Cl. 47 #36a-49', 6.2417551, -75.5591647),
(569, '3H HOTEL CENTRO HISTORICO', 'CENTRO', 'Cra. 44 # 47-39', 6.2456910, -75.5654936),
(570, 'GRAN HOTEL MEDELLIN', 'CENTRO', 'Calle 54 #45-92', 6.2513320, -75.5631383),
(571, 'GALLERY', 'CENTRO', 'Cl. 47 #41-55', 6.2440742, -75.5632064),
(572, 'EL CORDOBES MARINILLA', 'MARINILLA', 'Cl. 22 #25-90, Marinilla, Antioquia', 6.1689357, -75.3316588),
(573, 'EL DEPORTISTA', 'CENTRO', 'Calle 46 #43-98 ', 6.2445512, -75.5654326),
(574, 'EGINA', 'LAURELES', 'Cl. 47 #68a-80', 6.2527759, -75.5872335),
(575, 'D LEONI', 'CENTRO', 'Cra. 45 #49 - 38', 6.2475087, -75.5644871),
(576, 'CASA TANGARA', 'LAURELES', 'Cl. 47 #68a-54', 6.2527862, -75.5869926),
(577, 'CALIFORNIA DEL XITO', 'ESTADIO', 'Cra. 68 #49-22', 6.2565277, -75.5847428),
(578, 'BRISAS DE SAN FRANCISCO', 'BOSTON', 'None', 0.0000000, 0.0000000),
(579, 'BOMBONA', 'CENTRO', 'None', 0.0000000, 0.0000000),
(580, 'BOMBA DE ZAMORA', 'NORTE', 'Cl. 22d #No. 45 39 ', 6.3094608, -75.5557421),
(581, 'Hotel Dann Carlton Belfort', 'POBLADO', 'Cl. 17 #40b - 300', 6.2195341, -75.5684667),
(582, 'BALCONES DEL ESTADIO', 'LAURELES', 'Cl 44A #74 - 26', 6.2506667, -75.5936364),
(583, 'APPARTMENTS MEDELLIN', 'CENTRO', 'Cra. 44 #47-02', 6.2454283, -75.5653524),
(584, 'AMOBLADOS LA 70', 'LAURELES', 'Cl. 44B #68A - 59', 6.2504013, -75.5872436),
(585, 'AMOBLADOS IVANNA', 'LAURELES', 'Cra. 68A #46a - 73', 6.2522545, -75.5866898),
(586, 'ALMA VIVA', 'LAURELES', 'Cra. 68A #46a-63', 6.2523395, -75.5866950),
(587, 'AFRICA HOUSE LA 70', 'LAURELES', 'Cl. 47 # 68a-16', 6.2527665, -75.5867899),
(588, 'Hotel 47 Medellin Street', 'CENTRO', 'Cl. 47 #45-47', 6.2459020, -75.5663001),
(589, 'The Somos Central Hotel Poblado', 'POBLADO', 'Cl 11A #42-18', 6.2118196, -75.5689963),
(590, 'Hotel Lares 70 Laureles', 'LAURELES', 'Cra. 69 #46B - 29', 6.2523525, -75.5872093),
(591, 'EL OSCAR HOTEL', 'LAURELES', 'Cra. 69a #44b - 40', 6.2510579, -75.5877158),
(592, 'OASIS APPARTMENTS (EDIFICIO OASIS)', 'LAURELES', 'Cl 44A #68A-09', 6.2498346, -75.5870982),
(593, 'CALIFORNIA CITY', 'CENTRO', 'Cra. 43 #44 - 44', 6.2432762, -75.5648098),
(594, 'SEVENTY NOMAD MODD', 'LAURELES', 'Cl 44 #68 A 8', 6.2494283, -75.5869463),
(595, 'CALIFORNIA CENTER', 'CENTRO', 'Cra. 43 #44-45', 6.2432684, -75.5651118),
(596, 'B 48 LIVING BY B RENT', 'ESTADIO', 'Cl. 48 #66-92', 6.2537277, -75.5840184),
(597, 'DOXA HOTEL', 'ESTADIO', 'Cl. 49 #65A-44', 6.2553507, -75.5823830),
(598, 'BOUTIQUE DELUXE HOME', 'LAURELES', 'Cra. 69 #46a-16', 6.2518560, -75.5871026),
(599, 'CH LOFTS', 'ESTADIO', 'Cra. 68A #47 - 8', 6.2525437, -75.5865624),
(600, 'HOTEL GALLERY BY 70', 'LAURELES', 'Cra. 69 #N 46b - 17', 6.2520218, -75.5871960),
(601, 'CASA FLORIDA 70', 'LAURELES', 'Cl. 47 #68A-52', 6.2528799, -75.5871205),
(602, 'EDIFICIO SOLOHIO - CRA 67 ', 'LAURELES', 'Cra. 67 #48d-197', 6.2562987, -75.5835247),
(603, 'HOTEL SARAPE | CALLE 49B #67A-44', 'LAURELES', 'Cl. 49B #67a-44', 6.2570650, -75.5839443),
(604, 'NOVUS LAURELES', 'LAURELES', 'Cra. 69 #46b - 34', 6.2524663, -75.5869786),
(605, 'CASONA 70', 'LAURELES', 'Cl. 46 #No 69a 10', 6.2514361, -75.5879391),
(606, 'V - GRAN HOTEL MEDELLIN', 'POBLADO', 'Cra. 43 #14 81', 6.2157643, -75.5690632),
(607, 'PUENTE DE BELEN', 'RIONEGRO', '5JHM+H9, Rionegro, Antioquia', 6.1791406, -75.3666179),
(608, 'CALLE 47 #69-15', 'LAURELES', 'Cl. 47 #69-15', 6.2524308, -75.5872860),
(609, 'POR CONFIRMAR', 'PENDIENTE', 'None', 0.0000000, 0.0000000),
(610, 'SE INTEGRAN AL TOUR', 'PENDIENTE', 'None', 0.0000000, 0.0000000),
(611, 'SALE CON HAROLD CONDUCTOR', 'Pendiente', 'None', 0.0000000, 0.0000000),
(612, 'LLEGAN CON EL GUIA', 'PENDIENTE', 'None', 0.0000000, 0.0000000),
(613, 'PORTAL LA CASTELLANA', 'LAURELES', 'Cra. 81A #34a-15', 6.2418316, -75.6034036),
(614, '4 SUR', 'POBLADO', 'Cl. 2 Sur #50G-19', 6.2060306, -75.5835150),
(615, 'LLEGAN CON YOLIMA', 'PENDIENTE', 'None', 0.0000000, 0.0000000),
(616, 'NOMADIC HOUSE | CRA 38 #19SUR-38', 'PENDIENTE', 'None', 6.1825967, -75.5733140),
(617, 'TORRE GINEBRA | CALLE 54 #80-73', 'FLORESTA', 'Cl. 54 #80 - 73', 6.2685317, -75.5964430),
(618, 'CRA 65 #40-25', 'PENDIENTE', 'Cra. 65 # 40-25', 6.2449392, -75.5835578),
(619, 'EL PORTAL', 'ITAGUI', 'None', 0.0000000, 0.0000000),
(620, 'CENTRAL PLAZA', 'ITAGUI', 'Cra. 50A #81A-15', 6.1890081, -75.5923707),
(621, 'ALCARAVAN', 'ITAGUI', 'Cra. 50A # 84-09', 6.1903214, -75.5914874),
(622, 'PORTAL DEL RODEO', 'BELEN', 'Dg. 75ba #1-26', 6.2116623, -75.5957953),
(623, 'PLAZA MAYOR ITAGUI', 'ITAGUI', 'Cra. 50A No. 83A - 31 ', 6.1903329, -75.5913260),
(624, 'PALOMARES', 'ITAGUI', 'Cl. 86 #47 - 16', 6.1922849, -75.5887431);
INSERT INTO `puntos` (`Id_Punto`, `Nombre_Punto`, `Sector`, `Direccion`, `Latitud`, `Longitud`) VALUES
(625, 'MONARCA', 'ITAGUI', 'Cra. 50A No. 83A - 31', 6.1900854, -75.5915446),
(626, 'MAYORCA HOMESTAY', 'GUAYABAL', 'Cra. 66A #132', 6.2096436, -75.5903661),
(627, 'MAJO GIL', 'SANTA FE', 'None', 0.0000000, 0.0000000);

-- --------------------------------------------------------

--
-- Table structure for table `recordatorios`
--

DROP TABLE IF EXISTS `recordatorios`;
CREATE TABLE IF NOT EXISTS `recordatorios` (
  `Id_Recordatorio` bigint UNSIGNED NOT NULL AUTO_INCREMENT,
  `Id_Usuario` bigint UNSIGNED DEFAULT NULL,
  `Titulo` varchar(255) CHARACTER SET utf8mb4 COLLATE utf8mb4_unicode_ci DEFAULT NULL,
  `Descripcion` text CHARACTER SET utf8mb4 COLLATE utf8mb4_unicode_ci,
  `Fecha` datetime DEFAULT NULL,
  `Recurrencia` varchar(50) CHARACTER SET utf8mb4 COLLATE utf8mb4_unicode_ci DEFAULT NULL,
  `Intervalo` varchar(50) CHARACTER SET utf8mb4 COLLATE utf8mb4_unicode_ci DEFAULT NULL,
  `Recordar_Todo_El_Dia` tinyint(1) DEFAULT '0',
  `Intervalo_Todo_El_Dia` varchar(50) CHARACTER SET utf8mb4 COLLATE utf8mb4_unicode_ci DEFAULT NULL,
  `Siguiente_Trigger` datetime DEFAULT NULL,
  `Activo` tinyint(1) DEFAULT '1',
  PRIMARY KEY (`Id_Recordatorio`),
  KEY `Id_Usuario` (`Id_Usuario`)
) ENGINE=InnoDB DEFAULT CHARSET=utf8mb4 COLLATE=utf8mb4_unicode_ci;

-- --------------------------------------------------------

--
-- Table structure for table `reservas`
--

DROP TABLE IF EXISTS `reservas`;
CREATE TABLE IF NOT EXISTS `reservas` (
  `Id_Reserva` varchar(20) CHARACTER SET utf8mb4 COLLATE utf8mb4_unicode_ci NOT NULL,
  `Tipo_Reserva` varchar(50) CHARACTER SET utf8mb4 COLLATE utf8mb4_unicode_ci DEFAULT NULL,
  `Id_Horario` bigint UNSIGNED DEFAULT NULL,
  `Fecha_Tour` date DEFAULT NULL,
  `Fecha_Registro` datetime DEFAULT CURRENT_TIMESTAMP,
  `Id_Canal` bigint UNSIGNED DEFAULT NULL,
  `Idioma_Reserva` varchar(50) CHARACTER SET utf8mb4 COLLATE utf8mb4_unicode_ci DEFAULT NULL,
  `Telefono_Reportante` varchar(50) CHARACTER SET utf8mb4 COLLATE utf8mb4_unicode_ci DEFAULT NULL,
  `Nombre_Reportante` varchar(255) CHARACTER SET utf8mb4 COLLATE utf8mb4_unicode_ci DEFAULT NULL,
  `Estado` varchar(50) CHARACTER SET utf8mb4 COLLATE utf8mb4_unicode_ci DEFAULT NULL,
  `Observaciones` text CHARACTER SET utf8mb4 COLLATE utf8mb4_unicode_ci,
  `Placa_Bus` varchar(20) CHARACTER SET utf8mb4 COLLATE utf8mb4_unicode_ci DEFAULT NULL,
  `Orden_Ruta` int DEFAULT NULL,
  PRIMARY KEY (`Id_Reserva`),
  KEY `Id_Horario` (`Id_Horario`),
  KEY `Id_Canal` (`Id_Canal`),
  KEY `idx_reservas_fecha_tour` (`Fecha_Tour`)
) ENGINE=InnoDB DEFAULT CHARSET=utf8mb4 COLLATE=utf8mb4_unicode_ci;

--
-- Dumping data for table `reservas`
--

INSERT INTO `reservas` (`Id_Reserva`, `Tipo_Reserva`, `Id_Horario`, `Fecha_Tour`, `Fecha_Registro`, `Id_Canal`, `Idioma_Reserva`, `Telefono_Reportante`, `Nombre_Reportante`, `Estado`, `Observaciones`, `Placa_Bus`, `Orden_Ruta`) VALUES
('CTG64816', 'Grupal', 1425, '2025-12-25', '2025-12-17 03:35:16', 2, 'ESPAOL', '1234567894', 'yo', 'Pendiente', 'prueba', NULL, NULL),
('CTG96919', 'Grupal', 1425, '2025-12-23', '2025-12-17 03:56:44', 2, 'ESPAOL', '1234567894', 'yo', 'Pendiente', 'prueba', NULL, NULL),
('RSV1001', 'Grupal', 2054, '2025-12-20', '2025-12-14 16:14:36', 1, 'ESPAOL', '3001111111', 'Juan Perez', 'Pendiente', 'Pago directo', NULL, NULL),
('RSV1002', 'Grupal', 2, '2025-12-20', '2025-12-14 16:14:36', 2, 'INGLS', '3002222222', 'Maria Gomez', 'Confirmada', 'Pago directo', NULL, NULL),
('RSV1003', 'Grupal', 2056, '2025-12-20', '2025-12-14 16:14:36', 3, 'ESPAOL', '3003333333', 'Carlos Ruiz', 'Pendiente', 'Pago directo', NULL, NULL),
('RSV1004', 'Grupal', 2057, '2025-12-20', '2025-12-14 16:14:36', 4, 'ESPAOL', '3004444444', 'Ana Torres', 'Pendiente', 'Pago directo', NULL, NULL),
('RSV1005', 'Grupal', 2058, '2025-12-20', '2025-12-14 16:14:36', 5, 'INGLS', '3005555555', 'Luis Martinez', 'Pendiente', 'Pago directo', NULL, NULL),
('RSV1006', 'Grupal', 2059, '2025-12-20', '2025-12-14 16:14:36', 6, 'ESPAOL', '3006666666', 'Laura Castro', 'Pendiente', 'Pago directo', NULL, NULL),
('RSV1007', 'Grupal', 2060, '2025-12-20', '2025-12-14 16:14:36', 7, 'ESPAOL', '3007777777', 'Pedro Lopez', 'Pendiente', 'Pago directo', NULL, NULL),
('RSV1008', 'Grupal', 2061, '2025-12-20', '2025-12-14 16:14:36', 8, 'INGLS', '3008888888', 'Sofia Jimenez', 'Pendiente', 'Pago directo', NULL, NULL),
('RSV1009', 'Grupal', 2062, '2025-12-20', '2025-12-14 16:14:36', 9, 'ESPAOL', '3009999999', 'Miguel Angel', 'Pendiente', 'Pago directo', NULL, NULL),
('RSV1010', 'Grupal', 2063, '2025-12-20', '2025-12-14 16:14:36', 10, 'ESPAOL', '3010000000', 'Valentina Rios', 'Pendiente', 'Pago directo', NULL, NULL),
('RSV1011', 'Grupal', 2064, '2025-12-20', '2025-12-14 16:14:36', 1, 'ESPAOL', '3011111111', 'Andres Castao', 'Pendiente', 'Pago directo', NULL, NULL),
('RSV1012', 'Grupal', 2065, '2025-12-20', '2025-12-14 16:14:36', 2, 'INGLS', '3012222222', 'Camila Salazar', 'Pendiente', 'Pago directo', NULL, NULL),
('RSV1013', 'Grupal', 2066, '2025-12-20', '2025-12-14 16:14:36', 3, 'ESPAOL', '3013333333', 'Felipe Restrepo', 'Pendiente', 'Pago directo', NULL, NULL),
('RSV1014', 'Grupal', 2067, '2025-12-20', '2025-12-14 16:14:36', 4, 'ESPAOL', '3014444444', 'Daniela Mejia', 'Pendiente', 'Pago directo', NULL, NULL),
('RSV1015', 'Grupal', 2068, '2025-12-20', '2025-12-14 16:14:36', 5, 'INGLS', '3015555555', 'Esteban Villa', 'Pendiente', 'Pago directo', NULL, NULL),
('RSV1016', 'Grupal', 2069, '2025-12-20', '2025-12-14 16:14:36', 6, 'ESPAOL', '3016666666', 'Juliana Hoyos', 'Pendiente', 'Pago directo', NULL, NULL),
('RSV1017', 'Grupal', 2070, '2025-12-20', '2025-12-14 16:14:36', 7, 'ESPAOL', '3017777777', 'Sebastian Cano', 'Pendiente', 'Pago directo', NULL, NULL),
('RSV1018', 'Grupal', 2071, '2025-12-20', '2025-12-14 16:14:36', 8, 'INGLS', '3018888888', 'Paula Cardona', 'Pendiente', 'Pago directo', NULL, NULL),
('RSV1019', 'Grupal', 2072, '2025-12-20', '2025-12-14 16:14:36', 9, 'ESPAOL', '3019999999', 'Ricardo Giraldo', 'Pendiente', 'Pago directo', NULL, NULL),
('RSV1020', 'Grupal', 2073, '2025-12-20', '2025-12-14 16:14:36', 10, 'ESPAOL', '3020000000', 'Natalia Zapata', 'Pendiente', 'Pago directo', NULL, NULL),
('TDL74991', 'Grupal', 1429, '2025-12-29', '2025-12-17 03:41:21', 2, 'ESPAOL', '1234567894', 'yo', 'Pendiente', 'prueba', NULL, NULL),
('TG16121', 'Grupal', 2054, '2025-11-13', '2025-11-12 03:07:04', 2, 'ESPAOL', '1234567898', 'yo', 'Pendiente', '', NULL, NULL),
('TG54289', 'Grupal', 2054, '2025-11-13', '2025-11-12 05:20:46', 1, 'ESPAOL', '3216465444', 'yo', 'Pendiente', 'prueba', NULL, NULL),
('TG87479', 'Grupal', 1424, '2025-12-20', '2025-12-17 00:04:18', 2, 'ESPAOL', '1234567894', 'yo', 'Pendiente', 'prueba', NULL, NULL),
('THN19735', 'Grupal', 1424, '2025-12-21', '2025-12-17 03:21:33', 2, 'ESPAOL', '1234567894', 'yo', 'Pendiente', 'prueba', NULL, NULL),
('THN42155', 'Grupal', 1427, '2025-12-22', '2025-12-17 03:54:50', 2, 'ESPAOL', '1234567894', 'yo', 'Pendiente', 'prueba', NULL, NULL),
('THN46505', 'Grupal', 1427, '2025-12-23', '2025-12-17 03:31:58', 2, 'ESPAOL', '1234567894', 'yo', 'Pendiente', 'prueba', NULL, NULL),
('THN79604', 'Grupal', 1424, '2025-12-22', '2025-12-17 03:25:25', 2, 'ESPAOL', '1234567894', 'yo', 'Pendiente', 'prueba', NULL, NULL),
('TRC19954', 'Grupal', 1424, '2025-12-21', '2025-12-17 03:22:56', 2, 'ESPAOL', '1234567894', 'yo', 'Pendiente', 'prueba', NULL, NULL),
('TRC23330', 'Grupal', 1423, '2025-12-21', '2025-12-17 03:04:19', 2, 'ESPAOL', '1234567894', 'yo', 'Pendiente', 'prueba', NULL, NULL),
('TRC35269', 'Grupal', 1423, '2025-12-21', '2025-12-17 03:03:32', 2, 'ESPAOL', '1234567894', 'yo', 'Pendiente', 'prueba', NULL, NULL),
('TRC46725', 'Grupal', 1424, '2025-12-21', '2025-12-17 02:49:21', 2, 'ESPAOL', '1234567894', 'yo', 'Pendiente', 'prueba', NULL, NULL),
('TRC49243', 'Grupal', 1424, '2025-12-22', '2025-12-17 03:24:05', 2, 'ESPAOL', '1234567894', 'yo', 'Pendiente', 'prueba', NULL, NULL),
('TRC63407', 'Grupal', 1424, '2025-12-22', '2025-12-17 02:43:49', 2, 'ESPAOL', '1234567894', 'yo', 'Pendiente', 'prueba', NULL, NULL),
('TRC80570', 'Grupal', 1424, '2025-12-22', '2025-12-17 02:45:16', 2, 'ESPAOL', '1234567894', 'yo', 'Pendiente', 'prueba', NULL, NULL),
('TS38497', 'Grupal', 1428, '2025-12-26', '2025-12-17 03:38:39', 2, 'ESPAOL', '1234567894', 'yo', 'Pendiente', 'prueba', NULL, NULL),
('TSA31308', 'Grupal', 1424, '2025-12-22', '2025-12-17 03:27:14', 2, 'ESPAOL', '1234567894', 'yo', 'Pendiente', 'prueba', NULL, NULL);

-- --------------------------------------------------------

--
-- Table structure for table `roles`
--

DROP TABLE IF EXISTS `roles`;
CREATE TABLE IF NOT EXISTS `roles` (
  `Id_Rol` bigint UNSIGNED NOT NULL AUTO_INCREMENT,
  `Nombre_Rol` varchar(100) CHARACTER SET utf8mb4 COLLATE utf8mb4_unicode_ci NOT NULL,
  `Descripcion` varchar(255) CHARACTER SET utf8mb4 COLLATE utf8mb4_unicode_ci DEFAULT NULL,
  `Activo` tinyint(1) DEFAULT '1',
  `Fecha_Creacion` datetime DEFAULT CURRENT_TIMESTAMP,
  PRIMARY KEY (`Id_Rol`),
  UNIQUE KEY `ux_roles_nombre` (`Nombre_Rol`)
) ENGINE=InnoDB AUTO_INCREMENT=6 DEFAULT CHARSET=utf8mb4 COLLATE=utf8mb4_unicode_ci;

--
-- Dumping data for table `roles`
--

INSERT INTO `roles` (`Id_Rol`, `Nombre_Rol`, `Descripcion`, `Activo`, `Fecha_Creacion`) VALUES
(1, 'Administrador', 'Acceso total', 1, '2026-01-05 04:43:28'),
(2, 'Asesor', 'Acceso por permisos', 1, '2026-01-05 04:43:28');

-- --------------------------------------------------------

--
-- Table structure for table `rol_permisos`
--

DROP TABLE IF EXISTS `rol_permisos`;
CREATE TABLE IF NOT EXISTS `rol_permisos` (
  `Id_Rol_Permiso` bigint UNSIGNED NOT NULL AUTO_INCREMENT,
  `Id_Rol` bigint UNSIGNED NOT NULL,
  `Id_Permiso` bigint UNSIGNED NOT NULL,
  `Fecha_Asignacion` datetime DEFAULT CURRENT_TIMESTAMP,
  PRIMARY KEY (`Id_Rol_Permiso`),
  UNIQUE KEY `ux_rol_permisos` (`Id_Rol`,`Id_Permiso`),
  KEY `idx_rol_permisos_permiso` (`Id_Permiso`)
) ENGINE=InnoDB AUTO_INCREMENT=77 DEFAULT CHARSET=utf8mb4 COLLATE=utf8mb4_unicode_ci;

--
-- Dumping data for table `rol_permisos`
--

INSERT INTO `rol_permisos` (`Id_Rol_Permiso`, `Id_Rol`, `Id_Permiso`, `Fecha_Asignacion`) VALUES
(1, 1, 1, '2026-01-10 20:43:57'),
(2, 1, 2, '2026-01-10 20:43:57'),
(3, 1, 3, '2026-01-10 20:43:57'),
(4, 1, 4, '2026-01-10 20:43:57'),
(5, 1, 5, '2026-01-10 20:43:57'),
(6, 1, 6, '2026-01-10 20:43:57'),
(7, 1, 7, '2026-01-10 20:43:57'),
(8, 1, 8, '2026-01-10 20:43:57'),
(9, 1, 9, '2026-01-10 20:43:57'),
(10, 1, 10, '2026-01-10 20:43:57'),
(11, 1, 11, '2026-01-10 20:43:57'),
(12, 1, 12, '2026-01-10 20:43:57'),
(13, 1, 13, '2026-01-10 20:43:57'),
(14, 1, 14, '2026-01-10 20:43:57'),
(15, 1, 15, '2026-01-10 20:43:57'),
(16, 1, 16, '2026-01-10 20:43:57'),
(17, 1, 17, '2026-01-10 20:43:57'),
(18, 1, 18, '2026-01-10 20:43:57'),
(19, 1, 19, '2026-01-10 20:43:57'),
(20, 1, 20, '2026-01-10 20:43:57'),
(21, 1, 21, '2026-01-10 20:43:57'),
(22, 1, 22, '2026-01-10 20:43:57'),
(23, 1, 23, '2026-01-10 20:43:57'),
(24, 1, 24, '2026-01-10 20:43:57'),
(25, 1, 25, '2026-01-10 20:43:57'),
(26, 1, 26, '2026-01-10 20:43:57'),
(27, 1, 27, '2026-01-10 20:43:57'),
(28, 1, 28, '2026-01-10 20:43:57'),
(29, 1, 29, '2026-01-10 20:43:57'),
(30, 1, 30, '2026-01-10 20:43:57'),
(31, 1, 31, '2026-01-10 20:43:57'),
(32, 1, 32, '2026-01-10 20:43:57'),
(33, 1, 33, '2026-01-10 20:43:57'),
(34, 1, 34, '2026-01-10 20:43:57'),
(35, 1, 35, '2026-01-10 20:43:57'),
(36, 1, 36, '2026-01-10 20:43:57'),
(37, 1, 37, '2026-01-10 20:43:57'),
(38, 1, 38, '2026-01-10 20:43:57'),
(39, 1, 39, '2026-01-10 20:43:57'),
(40, 1, 40, '2026-01-10 20:43:57'),
(64, 2, 1, '2026-01-10 20:43:57'),
(67, 2, 5, '2026-01-10 20:43:57'),
(68, 2, 6, '2026-01-10 20:43:57'),
(69, 2, 7, '2026-01-10 20:43:57'),
(70, 2, 9, '2026-01-10 20:43:57'),
(71, 2, 10, '2026-01-10 20:43:57'),
(72, 2, 11, '2026-01-10 20:43:57'),
(73, 2, 13, '2026-01-10 20:43:57'),
(74, 2, 17, '2026-01-10 20:43:57');

-- --------------------------------------------------------

--
-- Table structure for table `servicios_transfer`
--

DROP TABLE IF EXISTS `servicios_transfer`;
CREATE TABLE IF NOT EXISTS `servicios_transfer` (
  `Id_Servicio` bigint UNSIGNED NOT NULL AUTO_INCREMENT,
  `Nombre_Servicio` varchar(255) CHARACTER SET utf8mb4 COLLATE utf8mb4_unicode_ci NOT NULL,
  PRIMARY KEY (`Id_Servicio`)
) ENGINE=InnoDB AUTO_INCREMENT=4 DEFAULT CHARSET=utf8mb4 COLLATE=utf8mb4_unicode_ci;

--
-- Dumping data for table `servicios_transfer`
--

INSERT INTO `servicios_transfer` (`Id_Servicio`, `Nombre_Servicio`) VALUES
(1, 'Hotel/Aeropuerto'),
(2, 'Aeropuerto/Hotel'),
(3, 'Otro');

-- --------------------------------------------------------

--
-- Table structure for table `sesiones`
--

DROP TABLE IF EXISTS `sesiones`;
CREATE TABLE IF NOT EXISTS `sesiones` (
  `Id_Sesion` bigint UNSIGNED NOT NULL AUTO_INCREMENT,
  `Id_Usuario` bigint UNSIGNED NOT NULL,
  `Token` varchar(512) CHARACTER SET utf8mb4 COLLATE utf8mb4_unicode_ci DEFAULT NULL,
  `Fecha_Inicio` datetime DEFAULT NULL,
  `Fecha_Expira` datetime DEFAULT NULL,
  PRIMARY KEY (`Id_Sesion`),
  KEY `Id_Usuario` (`Id_Usuario`)
) ENGINE=InnoDB DEFAULT CHARSET=utf8mb4 COLLATE=utf8mb4_unicode_ci;

-- --------------------------------------------------------

--
-- Table structure for table `tours`
--

DROP TABLE IF EXISTS `tours`;
CREATE TABLE IF NOT EXISTS `tours` (
  `Id_Tour` bigint UNSIGNED NOT NULL AUTO_INCREMENT,
  `Nombre_Tour` varchar(255) CHARACTER SET utf8mb4 COLLATE utf8mb4_unicode_ci NOT NULL,
  `Abreviacion` varchar(50) CHARACTER SET utf8mb4 COLLATE utf8mb4_unicode_ci DEFAULT NULL,
  `Comision_Hotel` decimal(10,0) DEFAULT '0',
  `Comision_Agencia` decimal(10,0) DEFAULT '0',
  `Comision_Freelance` decimal(10,0) DEFAULT '0',
  `Cupo_Base` int DEFAULT '0',
  `Latitud` decimal(10,7) DEFAULT NULL,
  `Longitud` decimal(10,7) DEFAULT NULL,
  PRIMARY KEY (`Id_Tour`)
) ENGINE=InnoDB AUTO_INCREMENT=20 DEFAULT CHARSET=utf8mb4 COLLATE=utf8mb4_unicode_ci;

--
-- Dumping data for table `tours`
--

INSERT INTO `tours` (`Id_Tour`, `Nombre_Tour`, `Abreviacion`, `Comision_Hotel`, `Comision_Agencia`, `Comision_Freelance`, `Cupo_Base`, `Latitud`, `Longitud`) VALUES
(1, 'RO CLARO', 'TRC', 25000, 24000, 25000, 0, 5.9094770, -74.8541590),
(2, 'GUATAP', 'TG', 24000, 23000, 24000, 228, 6.2343110, -75.1617250),
(3, 'CITY TOUR + GRAFFITOUR', 'CTG', 16000, 15000, 16000, 76, 6.2539330, -75.5687160),
(4, 'SANTA FE DE ANTIOQUIA', 'TSA', 20000, 19000, 20000, 38, 6.5567630, -75.8277640),
(5, 'HACIENDA NPOLES', 'THN', 25000, 24000, 24000, 114, 5.9115980, -74.7251700),
(6, 'SILLETERO', 'TS', 12000, 12000, 12000, 38, 6.2091780, -75.4977640),
(7, 'TOUR DE LUCES', 'TDL', 15000, 15000, 15000, 38, NULL, NULL),
(8, 'PABLO ESCOBAR', 'TPE', 25000, 25000, 25000, 15, 6.2107740, -75.5580550),
(9, 'TOUR DE COMPRAS', 'TDC', 0, 0, 0, 15, NULL, NULL),
(10, 'COFFEE TOUR', 'COF', 20000, 20000, 20000, 38, NULL, NULL),
(19, 'prueba', 'p', 0, 0, 0, 20, 1.0000000, 1.0000000);

-- --------------------------------------------------------

--
-- Table structure for table `tours_dias`
--

DROP TABLE IF EXISTS `tours_dias`;
CREATE TABLE IF NOT EXISTS `tours_dias` (
  `Id_TourDia` bigint UNSIGNED NOT NULL AUTO_INCREMENT,
  `Id_Tour` bigint UNSIGNED NOT NULL,
  `Dia_Semana` varchar(20) CHARACTER SET utf8mb4 COLLATE utf8mb4_unicode_ci DEFAULT NULL,
  PRIMARY KEY (`Id_TourDia`),
  KEY `Id_Tour` (`Id_Tour`)
) ENGINE=InnoDB AUTO_INCREMENT=17 DEFAULT CHARSET=utf8mb4 COLLATE=utf8mb4_unicode_ci;

--
-- Dumping data for table `tours_dias`
--

INSERT INTO `tours_dias` (`Id_TourDia`, `Id_Tour`, `Dia_Semana`) VALUES
(6, 19, 'jueves'),
(7, 19, 'viernes'),
(8, 19, 'sabado'),
(9, 19, 'domingo'),
(10, 2, 'lunes'),
(11, 2, 'martes'),
(12, 2, 'miercoles'),
(13, 2, 'jueves'),
(14, 2, 'viernes'),
(15, 2, 'sabado'),
(16, 2, 'domingo');

-- --------------------------------------------------------

--
-- Table structure for table `tours_temporadas`
--

DROP TABLE IF EXISTS `tours_temporadas`;
CREATE TABLE IF NOT EXISTS `tours_temporadas` (
  `Id_Temporada` bigint UNSIGNED NOT NULL AUTO_INCREMENT,
  `Id_Tour` bigint UNSIGNED NOT NULL,
  `Nombre_Temporada` varchar(255) CHARACTER SET utf8mb4 COLLATE utf8mb4_unicode_ci DEFAULT NULL,
  `Fecha_Inicio` date DEFAULT NULL,
  `Fecha_Fin` date DEFAULT NULL,
  PRIMARY KEY (`Id_Temporada`),
  KEY `Id_Tour` (`Id_Tour`)
) ENGINE=InnoDB AUTO_INCREMENT=3 DEFAULT CHARSET=utf8mb4 COLLATE=utf8mb4_unicode_ci;

--
-- Dumping data for table `tours_temporadas`
--

INSERT INTO `tours_temporadas` (`Id_Temporada`, `Id_Tour`, `Nombre_Temporada`, `Fecha_Inicio`, `Fecha_Fin`) VALUES
(2, 19, 'Temporada alta', '2026-01-01', '2026-01-30');

-- --------------------------------------------------------

--
-- Table structure for table `tours_temporada_dias`
--

DROP TABLE IF EXISTS `tours_temporada_dias`;
CREATE TABLE IF NOT EXISTS `tours_temporada_dias` (
  `Id_Temporada_Dia` bigint UNSIGNED NOT NULL AUTO_INCREMENT,
  `Id_Temporada` bigint UNSIGNED NOT NULL,
  `Dia_Semana` varchar(20) CHARACTER SET utf8mb4 COLLATE utf8mb4_unicode_ci DEFAULT NULL,
  PRIMARY KEY (`Id_Temporada_Dia`),
  KEY `Id_Temporada` (`Id_Temporada`)
) ENGINE=InnoDB AUTO_INCREMENT=14 DEFAULT CHARSET=utf8mb4 COLLATE=utf8mb4_unicode_ci;

--
-- Dumping data for table `tours_temporada_dias`
--

INSERT INTO `tours_temporada_dias` (`Id_Temporada_Dia`, `Id_Temporada`, `Dia_Semana`) VALUES
(8, 2, 'martes'),
(9, 2, 'miercoles'),
(10, 2, 'jueves'),
(11, 2, 'viernes'),
(12, 2, 'sabado'),
(13, 2, 'domingo');

-- --------------------------------------------------------

--
-- Table structure for table `tour_precios`
--

DROP TABLE IF EXISTS `tour_precios`;
CREATE TABLE IF NOT EXISTS `tour_precios` (
  `Id_PrecioTour` bigint UNSIGNED NOT NULL AUTO_INCREMENT,
  `Id_Tour` bigint UNSIGNED NOT NULL,
  `Id_Plan` bigint UNSIGNED DEFAULT NULL,
  `Id_Moneda` bigint UNSIGNED DEFAULT NULL,
  `Tipo_Pasajero` enum('ADULTO','NINO','INFANTE') CHARACTER SET utf8mb4 COLLATE utf8mb4_unicode_ci NOT NULL,
  `Precio` decimal(12,0) NOT NULL,
  PRIMARY KEY (`Id_PrecioTour`),
  KEY `Id_Tour` (`Id_Tour`),
  KEY `Id_Plan` (`Id_Plan`),
  KEY `Id_Moneda` (`Id_Moneda`)
) ENGINE=InnoDB AUTO_INCREMENT=76 DEFAULT CHARSET=utf8mb4 COLLATE=utf8mb4_unicode_ci;

--
-- Dumping data for table `tour_precios`
--

INSERT INTO `tour_precios` (`Id_PrecioTour`, `Id_Tour`, `Id_Plan`, `Id_Moneda`, `Tipo_Pasajero`, `Precio`) VALUES
(1, 1, 1, 1, 'ADULTO', 229000),
(3, 3, 3, 1, 'ADULTO', 99000),
(4, 4, 4, 1, 'ADULTO', 109000),
(5, 5, 5, 1, 'ADULTO', 269000),
(6, 6, 6, 1, 'ADULTO', 109000),
(7, 7, 7, 1, 'ADULTO', 79000),
(8, 8, 8, 1, 'ADULTO', 269000),
(9, 9, 9, 1, 'ADULTO', 70000),
(10, 10, 10, 1, 'ADULTO', 199000),
(16, 1, 1, 1, 'NINO', 229000),
(18, 3, 3, 1, 'NINO', 89000),
(19, 4, 4, 1, 'NINO', 99000),
(20, 5, 5, 1, 'NINO', 259000),
(21, 6, 6, 1, 'NINO', 109000),
(22, 7, 7, 1, 'NINO', 69000),
(23, 8, 8, 1, 'NINO', 259000),
(24, 9, 9, 1, 'NINO', 70000),
(25, 10, 10, 1, 'NINO', 179000),
(32, 3, 3, 1, 'INFANTE', 10000),
(33, 4, 4, 1, 'INFANTE', 10000),
(34, 5, 5, 1, 'INFANTE', 10000),
(35, 6, 6, 1, 'INFANTE', 10000),
(36, 7, 7, 1, 'INFANTE', 10000),
(37, 8, 8, 1, 'INFANTE', 10000),
(38, 9, 9, 1, 'INFANTE', 10000),
(39, 10, 10, 1, 'INFANTE', 10000),
(58, 19, 12, 1, 'ADULTO', 2000),
(59, 19, 12, 1, 'NINO', 0),
(60, 19, 12, 1, 'INFANTE', 0),
(61, 19, 12, 2, 'ADULTO', 200),
(62, 19, 12, 2, 'NINO', 0),
(63, 19, 12, 2, 'INFANTE', 0),
(64, 19, 12, 3, 'ADULTO', 200),
(65, 19, 12, 3, 'NINO', 0),
(66, 19, 12, 3, 'INFANTE', 0),
(67, 2, 13, 1, 'ADULTO', 109000),
(68, 2, 13, 1, 'NINO', 99000),
(69, 2, 13, 1, 'INFANTE', 10000),
(70, 2, 13, 2, 'ADULTO', 0),
(71, 2, 13, 2, 'NINO', 0),
(72, 2, 13, 2, 'INFANTE', 0),
(73, 2, 13, 3, 'ADULTO', 0),
(74, 2, 13, 3, 'NINO', 0),
(75, 2, 13, 3, 'INFANTE', 0);

-- --------------------------------------------------------

--
-- Table structure for table `transfers`
--

DROP TABLE IF EXISTS `transfers`;
CREATE TABLE IF NOT EXISTS `transfers` (
  `Id_Transfer` bigint UNSIGNED NOT NULL AUTO_INCREMENT,
  `Nombre_Titular` varchar(255) CHARACTER SET utf8mb4 COLLATE utf8mb4_unicode_ci DEFAULT NULL,
  `DNI` varchar(50) CHARACTER SET utf8mb4 COLLATE utf8mb4_unicode_ci DEFAULT NULL,
  `Telefono_Titular` varchar(50) CHARACTER SET utf8mb4 COLLATE utf8mb4_unicode_ci DEFAULT NULL,
  `Id_Rango` bigint UNSIGNED DEFAULT NULL,
  `Id_Servicio` bigint UNSIGNED DEFAULT NULL,
  `Punto_Salida` varchar(255) CHARACTER SET utf8mb4 COLLATE utf8mb4_unicode_ci DEFAULT NULL,
  `Punto_Destino` varchar(255) CHARACTER SET utf8mb4 COLLATE utf8mb4_unicode_ci DEFAULT NULL,
  `Fecha_Transfer` date DEFAULT NULL,
  `Hora_Recogida` time DEFAULT NULL,
  `Nombre_Reportante` varchar(255) CHARACTER SET utf8mb4 COLLATE utf8mb4_unicode_ci DEFAULT NULL,
  `Telefono_Reportante` varchar(50) CHARACTER SET utf8mb4 COLLATE utf8mb4_unicode_ci DEFAULT NULL,
  `Fecha_Registro` datetime DEFAULT CURRENT_TIMESTAMP,
  `Estado` varchar(50) CHARACTER SET utf8mb4 COLLATE utf8mb4_unicode_ci DEFAULT NULL,
  `Observaciones` text CHARACTER SET utf8mb4 COLLATE utf8mb4_unicode_ci,
  PRIMARY KEY (`Id_Transfer`),
  KEY `Id_Rango` (`Id_Rango`),
  KEY `Id_Servicio` (`Id_Servicio`)
) ENGINE=InnoDB AUTO_INCREMENT=2 DEFAULT CHARSET=utf8mb4 COLLATE=utf8mb4_unicode_ci;

-- --------------------------------------------------------

--
-- Table structure for table `transfers_precios`
--

DROP TABLE IF EXISTS `transfers_precios`;
CREATE TABLE IF NOT EXISTS `transfers_precios` (
  `Id_PrecioTransfer` bigint UNSIGNED NOT NULL AUTO_INCREMENT,
  `Id_Rango` bigint UNSIGNED NOT NULL,
  `Id_Moneda` bigint UNSIGNED DEFAULT NULL,
  `Precio` decimal(12,2) NOT NULL,
  PRIMARY KEY (`Id_PrecioTransfer`),
  KEY `Id_Rango` (`Id_Rango`),
  KEY `Id_Moneda` (`Id_Moneda`)
) ENGINE=InnoDB AUTO_INCREMENT=7 DEFAULT CHARSET=utf8mb4 COLLATE=utf8mb4_unicode_ci;

--
-- Dumping data for table `transfers_precios`
--

INSERT INTO `transfers_precios` (`Id_PrecioTransfer`, `Id_Rango`, `Id_Moneda`, `Precio`) VALUES
(1, 1, 1, 120000.00),
(2, 1, 2, 32.00),
(3, 1, 3, 30.00),
(4, 2, 1, 250000.00),
(5, 2, 2, 65.00),
(6, 2, 3, 60.00);

-- --------------------------------------------------------

--
-- Table structure for table `transfers_rangos`
--

DROP TABLE IF EXISTS `transfers_rangos`;
CREATE TABLE IF NOT EXISTS `transfers_rangos` (
  `Id_Rango` bigint UNSIGNED NOT NULL AUTO_INCREMENT,
  `Descripcion` varchar(255) CHARACTER SET utf8mb4 COLLATE utf8mb4_unicode_ci DEFAULT NULL,
  `Minimo` int DEFAULT NULL,
  `Maximo` int DEFAULT NULL,
  PRIMARY KEY (`Id_Rango`)
) ENGINE=InnoDB AUTO_INCREMENT=3 DEFAULT CHARSET=utf8mb4 COLLATE=utf8mb4_unicode_ci;

--
-- Dumping data for table `transfers_rangos`
--

INSERT INTO `transfers_rangos` (`Id_Rango`, `Descripcion`, `Minimo`, `Maximo`) VALUES
(1, '1-3 personas', 1, 3),
(2, '4-12 personas', 4, 12);

-- --------------------------------------------------------

--
-- Table structure for table `usuarios`
--

DROP TABLE IF EXISTS `usuarios`;
CREATE TABLE IF NOT EXISTS `usuarios` (
  `Id_Usuario` bigint UNSIGNED NOT NULL,
  `Nombres_Apellidos` varchar(255) CHARACTER SET utf8mb4 COLLATE utf8mb4_unicode_ci NOT NULL,
  `Telefono_Usuario` varchar(50) CHARACTER SET utf8mb4 COLLATE utf8mb4_unicode_ci DEFAULT NULL,
  `Usuario` varchar(100) CHARACTER SET utf8mb4 COLLATE utf8mb4_unicode_ci NOT NULL,
  `Correo` varchar(255) CHARACTER SET utf8mb4 COLLATE utf8mb4_unicode_ci NOT NULL,
  `Avatar` varchar(255) COLLATE utf8mb4_unicode_ci DEFAULT NULL,
  `Contrasena` varchar(255) CHARACTER SET utf8mb4 COLLATE utf8mb4_unicode_ci NOT NULL,
  `Id_Rol` bigint UNSIGNED DEFAULT NULL,
  `Activo` tinyint(1) DEFAULT '1',
  `Fecha_Creacion` datetime DEFAULT CURRENT_TIMESTAMP,
  `Fecha_Actualizacion` datetime DEFAULT CURRENT_TIMESTAMP ON UPDATE CURRENT_TIMESTAMP,
  PRIMARY KEY (`Id_Usuario`),
  UNIQUE KEY `ux_usuarios_usuario` (`Usuario`),
  UNIQUE KEY `ux_usuarios_correo` (`Correo`),
  KEY `idx_usuarios_rol` (`Id_Rol`)
) ENGINE=InnoDB DEFAULT CHARSET=utf8mb4 COLLATE=utf8mb4_unicode_ci;

--
-- Dumping data for table `usuarios`
--

INSERT INTO `usuarios` (`Id_Usuario`, `Nombres_Apellidos`, `Telefono_Usuario`, `Usuario`, `Correo`, `Avatar`, `Contrasena`, `Id_Rol`, `Activo`, `Fecha_Creacion`, `Fecha_Actualizacion`) VALUES
(71676626, 'Carlos Castro Jaramillo', '3117885599', '71676626', 'gerencia@viajesmaxitours.com', NULL, '$2a$08$4HF2tCzXyV9g.XEGx1gMOupjzg4cYJUcG3Zcx1p1/8aj5LfjRN7vu', 1, 1, '2025-09-24 01:39:34', '2026-01-05 04:43:28'),
(1000099025, 'Vanessa Ardila Castao', '3023224295', 'Asesor5Maxi', 'carmenardilacasta@gmail.com', NULL, '$2a$08$mfMti2B6fZkOghNMieYaleNdMyctUw2.j6mLcGZPmt0RUAsXOTI6S', 2, 1, '2025-09-24 01:39:34', '2026-01-05 04:43:28'),
(1000549795, 'Nayerlly Araque Cardona', '573232866379', 'Asesor13Maxi', 'araquenayerlly@gmail.com', NULL, '$2a$08$3VbtoV1T7TfWYgC8cdDCSeztGiz3g788NDIx2mrlPiDduqMreQAUe', 2, 1, '2025-09-24 01:39:34', '2026-01-05 04:43:28'),
(1001390323, 'Evelin Dayana Arboleda Montes', '3234917551', 'Asesor10Maxi', 'evelindayanaarboledamontes@gmail.com', NULL, '$2a$08$CU4mQf.WoBsOnNVFYizPpOFIvfH48RIDXTyL1rniNee6zvQsXbw5G', 2, 1, '2025-09-24 01:39:34', '2026-01-05 04:43:28'),
(1006209620, 'Laura Sofa Galvis Prez', '3022664504', 'Sofiagalvis77', 'lauragalvis777@gmail.com', NULL, '$2a$08$jVtQ/Z2wJJSWFLeEl/JzBOq6Q/rQsMweMeGJszjo6ISJ3dDrgFENm', 2, 1, '2025-09-24 01:39:34', '2026-01-05 04:43:28'),
(1007055270, 'Valentina Raigosa Posada', '3113442660', 'Asesor11Maxi', 'valeriaroigoza4@gmail.com', NULL, '$2a$08$8M.TH9ymkGO9ACOpy41uPuwKvSOSamtn227M/JGL.fya4j9b8LuBC', 2, 1, '2025-09-24 01:39:34', '2026-01-05 04:43:28'),
(1007055418, 'Elizabeth Quiceno Echeverri', '3004799654', 'Asesor7Maxi', 'eli1234quic@gmail.com', NULL, '$2a$08$6ZR.UUis8M96j1fg7oLBOuCzQY6qn7ueUW3FXWmemC54nPWv7zNTO', 2, 1, '2025-09-24 01:39:34', '2026-01-05 04:43:28'),
(1007115042, 'Adelaida Garca Buitrago', '3217589137', 'portolaureles', 'Adelaida.garcia1007@gmail.com', NULL, '$2a$08$X9NyFaPH4mH3g5yGLgLauOmfVAZwg.ocOWgf4ghkCaxn9g2I701Aa', 2, 1, '2025-09-24 01:39:34', '2026-01-10 20:37:41'),
(1018372156, 'Yeferson Urrego', '3025783379', 'yefer321', 'urregoyeferson@icloud.com', NULL, '$2a$08$KmTvP77WxG7LVkxVZrnRFut61fRgESqHw/8Frodhz.nhFT.BR5gBm', 2, 1, '2025-09-24 01:39:34', '2026-01-05 04:43:28'),
(1018372157, 'Yeferson Urrego Henao', '3025783379', 'yefer123', 'urregoyeferson2@gmail.com', NULL, '$2a$08$7nh3MeBwYdNlubGZZjjHYeD7C.3A8KQxQ/LaC12ZFrtwp//GXJguS', 1, 1, '2025-09-24 01:39:34', '2026-01-10 21:37:27'),
(1020426193, 'Jhonathan Castro Lpez', '3244091934', 'j.castro1989', 'j.castro@viajesmaxitours.com', NULL, '$2a$08$kQmJYav.SYHBu6Qd4rE00.5Lg/TNLe2cqvoi0zVtFvhgsgfoifFV6', 1, 1, '2025-09-24 01:39:34', '2026-01-05 04:43:28'),
(1022145000, 'Karen Paulina Usuga Isaza', '3175517945', 'Asesor2Maxi', 'Paulinamaxitours@gmail.com', NULL, '$2a$08$mY2Bkoq0HhYLbOlZIyTNJOHN/aCc3kgaywRdt72ZAOPmAeIXoC8Zi', 2, 1, '2025-09-24 01:39:34', '2026-01-05 04:43:28'),
(1036648398, 'Jeferson Andrs Restrepo Moreno', '3195429639', 'Asesor4Maxi', 'jeferson.restrepo@gmail.com', NULL, '$2a$08$oVE9AUxEjpXvBlFRoqESo.hEb8i5JhKjYE4VZhJzx7At01tZ87Hci', 2, 1, '2025-09-24 01:39:34', '2026-01-05 04:43:28'),
(1037948093, 'Daniel Grisales Herrera', '3208280985', 'D.grisalesh1593', 'dagdj1593@gmail.com', NULL, '$2a$08$A1V9YRBFpzMbq1KoWMAiweKSR9Q/XljrG9OkmqChlNB/Wn3z6fHBu', 1, 1, '2025-09-24 01:39:34', '2026-01-05 04:43:28'),
(1041230712, 'Julin Esteban Galeano Giraldo', '3122304356', 'portomarinilla', 'julesggo22@gmail.com', NULL, '$2a$08$cnaJUV4psxMJTPRV1TamEujcq64Qq.IojD2D7jjWdnkHPZv9k5O9e', 2, 1, '2025-09-24 01:39:34', '2026-01-05 04:43:28'),
(1047496358, 'Sharon Daniela Velaides Orellano', '3045522611', 'Asesor8Maxi', 'sharonvel97@hotmail.com', NULL, '$2a$08$VqmqooGD8eb8sSVgEOzA7OyIEHcgEAxX2dKg/yK9lvD7e3Yx2mg/C', 2, 1, '2025-09-24 01:39:34', '2026-01-05 04:43:28'),
(1128436633, 'Alejandra Garca Villada', '3103537158', 'Asesor3Maxi', 'alejandragarciavillada14@gmail.com', NULL, '$2a$08$s6n/vd50iwOg.hyY67HKhO0l1TOPrBDnHuVupuuNXhmHkJ.HviBQ2', 2, 1, '2025-09-24 01:39:34', '2026-01-05 04:43:28'),
(1128444233, 'KAREN DAHIANA RAIGOSA POSADA', '3217593888', 'Asesor6Maxi', 'karen.raigosa1226@gmail.com', NULL, '$2a$08$vIbOgJunBA9mJCGr19.NHeix7DP9quhCQqwMlqZDaUbNw8aCxSUUi', 2, 1, '2025-09-24 01:39:34', '2026-01-05 04:43:28');

-- --------------------------------------------------------

--
-- Table structure for table `usuario_permisos`
--

DROP TABLE IF EXISTS `usuario_permisos`;
CREATE TABLE IF NOT EXISTS `usuario_permisos` (
  `Id_Usuario_Permiso` bigint UNSIGNED NOT NULL AUTO_INCREMENT,
  `Id_Usuario` bigint UNSIGNED NOT NULL,
  `Id_Permiso` bigint UNSIGNED NOT NULL,
  `Tipo` enum('ALLOW','DENY') COLLATE utf8mb4_unicode_ci NOT NULL,
  `Fecha_Asignacion` datetime DEFAULT CURRENT_TIMESTAMP,
  PRIMARY KEY (`Id_Usuario_Permiso`),
  UNIQUE KEY `ux_usuario_permisos` (`Id_Usuario`,`Id_Permiso`),
  KEY `idx_usuario_permisos_permiso` (`Id_Permiso`)
) ENGINE=InnoDB DEFAULT CHARSET=utf8mb4 COLLATE=utf8mb4_unicode_ci;

--
-- Constraints for dumped tables
--

--
-- Constraints for table `aforos`
--
ALTER TABLE `aforos`
  ADD CONSTRAINT `fk_aforos_tour` FOREIGN KEY (`Id_Tour`) REFERENCES `tours` (`Id_Tour`) ON DELETE CASCADE ON UPDATE CASCADE;

--
-- Constraints for table `asignacion_buses`
--
ALTER TABLE `asignacion_buses`
  ADD CONSTRAINT `fk_asignbus_tour` FOREIGN KEY (`Id_Tour`) REFERENCES `tours` (`Id_Tour`) ON DELETE SET NULL ON UPDATE CASCADE;

--
-- Constraints for table `detalle_historial`
--
ALTER TABLE `detalle_historial`
  ADD CONSTRAINT `fk_detalle_historial` FOREIGN KEY (`Id_Historial`) REFERENCES `historial` (`Id_Historial`) ON DELETE CASCADE ON UPDATE CASCADE;

--
-- Constraints for table `historial`
--
ALTER TABLE `historial`
  ADD CONSTRAINT `fk_historial_usuario` FOREIGN KEY (`Id_Usuario`) REFERENCES `usuarios` (`Id_Usuario`) ON DELETE SET NULL ON UPDATE CASCADE;

--
-- Constraints for table `horarios`
--
ALTER TABLE `horarios`
  ADD CONSTRAINT `fk_horarios_punto` FOREIGN KEY (`Id_Punto`) REFERENCES `puntos` (`Id_Punto`) ON DELETE SET NULL ON UPDATE CASCADE,
  ADD CONSTRAINT `fk_horarios_tour` FOREIGN KEY (`Id_Tour`) REFERENCES `tours` (`Id_Tour`) ON DELETE SET NULL ON UPDATE CASCADE;

--
-- Constraints for table `logs_sistema`
--
ALTER TABLE `logs_sistema`
  ADD CONSTRAINT `fk_log_usuario` FOREIGN KEY (`Id_Usuario`) REFERENCES `usuarios` (`Id_Usuario`) ON DELETE SET NULL ON UPDATE CASCADE;

--
-- Constraints for table `mensajes`
--
ALTER TABLE `mensajes`
  ADD CONSTRAINT `fk_mensajes_emisor` FOREIGN KEY (`Id_Emisor`) REFERENCES `usuarios` (`Id_Usuario`) ON DELETE SET NULL ON UPDATE CASCADE;

--
-- Constraints for table `mensaje_destinatario`
--
ALTER TABLE `mensaje_destinatario`
  ADD CONSTRAINT `fk_mensajedest_mensaje` FOREIGN KEY (`Id_Mensaje`) REFERENCES `mensajes` (`Id_Mensaje`) ON DELETE CASCADE ON UPDATE CASCADE,
  ADD CONSTRAINT `fk_mensajedest_receptor` FOREIGN KEY (`Receptor`) REFERENCES `usuarios` (`Id_Usuario`) ON DELETE CASCADE ON UPDATE CASCADE;

--
-- Constraints for table `pagos_reservas`
--
ALTER TABLE `pagos_reservas`
  ADD CONSTRAINT `fk_pagosreserva_reserva` FOREIGN KEY (`Id_Reserva`) REFERENCES `reservas` (`Id_Reserva`) ON DELETE CASCADE ON UPDATE CASCADE;

--
-- Constraints for table `pagos_transfers`
--
ALTER TABLE `pagos_transfers`
  ADD CONSTRAINT `fk_pagostransfers_transfer` FOREIGN KEY (`Id_Transfer`) REFERENCES `transfers` (`Id_Transfer`) ON DELETE CASCADE ON UPDATE CASCADE;

--
-- Constraints for table `pasajeros`
--
ALTER TABLE `pasajeros`
  ADD CONSTRAINT `fk_pasajeros_punto` FOREIGN KEY (`Id_Punto`) REFERENCES `puntos` (`Id_Punto`) ON DELETE SET NULL ON UPDATE CASCADE,
  ADD CONSTRAINT `fk_pasajeros_reserva` FOREIGN KEY (`Id_Reserva`) REFERENCES `reservas` (`Id_Reserva`) ON DELETE CASCADE ON UPDATE CASCADE;

--
-- Constraints for table `planes_tours`
--
ALTER TABLE `planes_tours`
  ADD CONSTRAINT `fk_planes_tours` FOREIGN KEY (`Id_Tour`) REFERENCES `tours` (`Id_Tour`) ON DELETE CASCADE ON UPDATE CASCADE;

--
-- Constraints for table `recordatorios`
--
ALTER TABLE `recordatorios`
  ADD CONSTRAINT `fk_recordatorios_usuario` FOREIGN KEY (`Id_Usuario`) REFERENCES `usuarios` (`Id_Usuario`) ON DELETE CASCADE ON UPDATE CASCADE;

--
-- Constraints for table `reservas`
--
ALTER TABLE `reservas`
  ADD CONSTRAINT `fk_reservas_canal` FOREIGN KEY (`Id_Canal`) REFERENCES `canales_reservas` (`Id_Canal`) ON DELETE SET NULL ON UPDATE CASCADE,
  ADD CONSTRAINT `fk_reservas_horario` FOREIGN KEY (`Id_Horario`) REFERENCES `horarios` (`Id_Horario`) ON DELETE SET NULL ON UPDATE CASCADE;

--
-- Constraints for table `rol_permisos`
--
ALTER TABLE `rol_permisos`
  ADD CONSTRAINT `fk_rol_permisos_permiso` FOREIGN KEY (`Id_Permiso`) REFERENCES `permisos` (`Id_Permiso`) ON DELETE CASCADE ON UPDATE CASCADE,
  ADD CONSTRAINT `fk_rol_permisos_rol` FOREIGN KEY (`Id_Rol`) REFERENCES `roles` (`Id_Rol`) ON DELETE CASCADE ON UPDATE CASCADE;

--
-- Constraints for table `sesiones`
--
ALTER TABLE `sesiones`
  ADD CONSTRAINT `fk_sesiones_usuario` FOREIGN KEY (`Id_Usuario`) REFERENCES `usuarios` (`Id_Usuario`) ON DELETE CASCADE ON UPDATE CASCADE;

--
-- Constraints for table `tours_dias`
--
ALTER TABLE `tours_dias`
  ADD CONSTRAINT `fk_toursdias_tour` FOREIGN KEY (`Id_Tour`) REFERENCES `tours` (`Id_Tour`) ON DELETE CASCADE ON UPDATE CASCADE;

--
-- Constraints for table `tours_temporadas`
--
ALTER TABLE `tours_temporadas`
  ADD CONSTRAINT `fk_temporada_tour` FOREIGN KEY (`Id_Tour`) REFERENCES `tours` (`Id_Tour`) ON DELETE CASCADE ON UPDATE CASCADE;

--
-- Constraints for table `tours_temporada_dias`
--
ALTER TABLE `tours_temporada_dias`
  ADD CONSTRAINT `fk_tempdias_temporada` FOREIGN KEY (`Id_Temporada`) REFERENCES `tours_temporadas` (`Id_Temporada`) ON DELETE CASCADE ON UPDATE CASCADE;

--
-- Constraints for table `tour_precios`
--
ALTER TABLE `tour_precios`
  ADD CONSTRAINT `fk_preciotour_moneda` FOREIGN KEY (`Id_Moneda`) REFERENCES `monedas` (`Id_Moneda`) ON DELETE SET NULL ON UPDATE CASCADE,
  ADD CONSTRAINT `fk_preciotour_plan` FOREIGN KEY (`Id_Plan`) REFERENCES `planes_tours` (`Id_Plan`) ON DELETE SET NULL ON UPDATE CASCADE,
  ADD CONSTRAINT `fk_preciotour_tour` FOREIGN KEY (`Id_Tour`) REFERENCES `tours` (`Id_Tour`) ON DELETE CASCADE ON UPDATE CASCADE;

--
-- Constraints for table `transfers`
--
ALTER TABLE `transfers`
  ADD CONSTRAINT `fk_transfers_rango` FOREIGN KEY (`Id_Rango`) REFERENCES `transfers_rangos` (`Id_Rango`) ON DELETE SET NULL ON UPDATE CASCADE,
  ADD CONSTRAINT `fk_transfers_servicio` FOREIGN KEY (`Id_Servicio`) REFERENCES `servicios_transfer` (`Id_Servicio`) ON DELETE SET NULL ON UPDATE CASCADE;

--
-- Constraints for table `transfers_precios`
--
ALTER TABLE `transfers_precios`
  ADD CONSTRAINT `fk_pt_moneda` FOREIGN KEY (`Id_Moneda`) REFERENCES `monedas` (`Id_Moneda`) ON DELETE SET NULL ON UPDATE CASCADE,
  ADD CONSTRAINT `fk_pt_rango` FOREIGN KEY (`Id_Rango`) REFERENCES `transfers_rangos` (`Id_Rango`) ON DELETE CASCADE ON UPDATE CASCADE;

--
-- Constraints for table `usuarios`
--
ALTER TABLE `usuarios`
  ADD CONSTRAINT `fk_usuarios_rol` FOREIGN KEY (`Id_Rol`) REFERENCES `roles` (`Id_Rol`) ON DELETE SET NULL ON UPDATE CASCADE;

--
-- Constraints for table `usuario_permisos`
--
ALTER TABLE `usuario_permisos`
  ADD CONSTRAINT `fk_usuario_permisos_permiso` FOREIGN KEY (`Id_Permiso`) REFERENCES `permisos` (`Id_Permiso`) ON DELETE CASCADE ON UPDATE CASCADE;
COMMIT;

/*!40101 SET CHARACTER_SET_CLIENT=@OLD_CHARACTER_SET_CLIENT */;
/*!40101 SET CHARACTER_SET_RESULTS=@OLD_CHARACTER_SET_RESULTS */;
/*!40101 SET COLLATION_CONNECTION=@OLD_COLLATION_CONNECTION */;
